datetime,open,high,low,close,volume
2026-07-07T19:15:00+00:00,59.85399999999999,59.90099999999999,59.48099999999999,59.80699999999999,19216
2026-07-07T19:30:00+00:00,59.80699999999999,60.17099999999999,59.79299999999999,60.04399999999999,12026
2026-07-07T19:45:00+00:00,60.04399999999999,60.45399999999999,60.03199999999999,60.28199999999999,10010
2026-07-07T20:00:00+00:00,60.28199999999999,60.51399999999999,60.22099999999999,60.227999999999994,3867
2026-07-07T20:15:00+00:00,60.227999999999994,60.35799999999999,60.07199999999999,60.17399999999999,3226
2026-07-07T20:30:00+00:00,60.17399999999999,60.221999999999994,59.916999999999994,59.96099999999999,2373
2026-07-07T20:45:00+00:00,59.96099999999999,60.14399999999999,59.94599999999999,59.98799999999999,2028
2026-07-07T22:00:00+00:00,59.98799999999999,60.048999999999985,59.638,59.78799999999999,3450.5437189434224
2026-07-07T22:15:00+00:00,59.78799999999999,59.80599999999999,59.61399999999999,59.62099999999999,1263
2026-07-07T22:30:00+00:00,59.62099999999999,59.703999999999986,59.54499999999999,59.62599999999999,2282
2026-07-07T22:45:00+00:00,59.62599999999999,59.74899999999999,59.59399999999999,59.716999999999985,2622
2026-07-07T23:00:00+00:00,59.716999999999985,59.865999999999985,59.679999999999986,59.82499999999999,3250
2026-07-07T23:15:00+00:00,59.82499999999999,59.93099999999999,59.789999999999985,59.89699999999999,1409
2026-07-07T23:30:00+00:00,59.89699999999999,59.92299999999999,59.597999999999985,59.636999999999986,1447
2026-07-07T23:45:00+00:00,59.636999999999986,59.73099999999999,59.54499999999999,59.62999999999999,2434
2026-07-08T00:00:00+00:00,59.62999999999999,59.88599999999999,59.57199999999999,59.667999999999985,15394
2026-07-08T00:15:00+00:00,59.667999999999985,59.94099999999999,59.57399999999999,59.825999999999986,14831
2026-07-08T00:30:00+00:00,59.825999999999986,60.246999999999986,59.77999999999999,60.20699999999999,12736
2026-07-08T00:45:00+00:00,60.20699999999999,60.27299999999999,60.01099999999999,60.072999999999986,9508
2026-07-08T01:00:00+00:00,60.072999999999986,60.277999999999984,59.67799999999999,59.996999999999986,22718
2026-07-08T01:15:00+00:00,59.996999999999986,60.10899999999999,59.786999999999985,59.95899999999999,10898
2026-07-08T01:30:00+00:00,59.95899999999999,60.05599999999999,59.56599999999999,59.68999999999999,14283
2026-07-08T01:45:00+00:00,59.68999999999999,59.999999999999986,59.66899999999999,59.969999999999985,16524
2026-07-08T02:00:00+00:00,59.969999999999985,60.08099999999999,59.853999999999985,59.86799999999999,11383
2026-07-08T02:15:00+00:00,59.86799999999999,60.16999999999999,59.86499999999999,59.99199999999999,5279
2026-07-08T02:30:00+00:00,59.99199999999999,60.10499999999999,59.89599999999999,60.09999999999999,6921
2026-07-08T02:45:00+00:00,60.09999999999999,60.11499999999999,59.88199999999999,59.97799999999999,4768
2026-07-08T03:00:00+00:00,59.97799999999999,60.64199999999999,59.97799999999999,60.52899999999999,9318
2026-07-08T03:15:00+00:00,60.52899999999999,60.68199999999999,60.47199999999999,60.63799999999999,6821
2026-07-08T03:30:00+00:00,60.63799999999999,60.71199999999999,60.52999999999999,60.55599999999999,4827
2026-07-08T03:45:00+00:00,60.55599999999999,60.569999999999986,60.29499999999999,60.30899999999999,3929
2026-07-08T04:00:00+00:00,60.30899999999999,60.41099999999999,60.21199999999999,60.301999999999985,4176
2026-07-08T04:15:00+00:00,60.301999999999985,60.344999999999985,60.20699999999999,60.33499999999999,5128
2026-07-08T04:30:00+00:00,60.33499999999999,60.417999999999985,60.27099999999999,60.34099999999999,5015
2026-07-08T04:45:00+00:00,60.34099999999999,60.38199999999999,60.258999999999986,60.29799999999999,4855
2026-07-08T05:00:00+00:00,60.29799999999999,60.64599999999999,60.286999999999985,60.453999999999986,6245
2026-07-08T05:15:00+00:00,60.453999999999986,60.591999999999985,60.307999999999986,60.31299999999999,4933
2026-07-08T05:30:00+00:00,60.31299999999999,60.96099999999999,60.25999999999999,60.764999999999986,16076
2026-07-08T05:45:00+00:00,60.764999999999986,60.85599999999999,60.59299999999999,60.81899999999999,9775
2026-07-08T06:00:00+00:00,60.81899999999999,60.88199999999999,60.50799999999999,60.731999999999985,10631
2026-07-08T06:15:00+00:00,60.731999999999985,61.08499999999999,60.691999999999986,60.90999999999999,8846
2026-07-08T06:30:00+00:00,60.90999999999999,60.92799999999999,60.774999999999984,60.79199999999999,6965
2026-07-08T06:45:00+00:00,60.79199999999999,60.82999999999999,60.63599999999999,60.64399999999999,5075
2026-07-08T07:00:00+00:00,60.64399999999999,60.69599999999999,60.44699999999999,60.478999999999985,6434
2026-07-08T07:15:00+00:00,60.478999999999985,60.594999999999985,60.41399999999999,60.53499999999999,5732
2026-07-08T07:30:00+00:00,60.53499999999999,60.76299999999999,60.46499999999999,60.752999999999986,4557
2026-07-08T07:45:00+00:00,60.752999999999986,60.77999999999999,60.56799999999999,60.59299999999999,5389
2026-07-08T08:00:00+00:00,60.59299999999999,60.64699999999999,60.411999999999985,60.54699999999999,5462
2026-07-08T08:15:00+00:00,60.54699999999999,60.64799999999999,59.47699999999999,59.66399999999999,38929
2026-07-08T08:30:00+00:00,59.66399999999999,59.77999999999999,58.66299999999999,58.80999999999999,20994
2026-07-08T08:45:00+00:00,58.80999999999999,58.95299999999999,58.12599999999999,58.34899999999999,17399
2026-07-08T09:00:00+00:00,58.34899999999999,58.52699999999999,58.18799999999999,58.39299999999999,14468
2026-07-08T09:15:00+00:00,58.39299999999999,58.68199999999999,58.32499999999999,58.51699999999999,13005
2026-07-08T09:30:00+00:00,58.51699999999999,58.77899999999999,58.362999999999985,58.50999999999999,9702
2026-07-08T09:45:00+00:00,58.50999999999999,58.655999999999985,58.18999999999999,58.25199999999999,9546
2026-07-08T10:00:00+00:00,58.25199999999999,58.50699999999999,58.25199999999999,58.484999999999985,10522
2026-07-08T10:15:00+00:00,58.484999999999985,58.85799999999999,58.408999999999985,58.444999999999986,9126
2026-07-08T10:30:00+00:00,58.444999999999986,58.64899999999999,58.40099999999999,58.57199999999999,9076
2026-07-08T10:45:00+00:00,58.57199999999999,58.73599999999999,58.35299999999999,58.35899999999999,8025
2026-07-08T11:00:00+00:00,58.35899999999999,58.57499999999999,58.197999999999986,58.34999999999999,8286
2026-07-08T11:15:00+00:00,58.34999999999999,58.59899999999999,58.274999999999984,58.33699999999999,8221
2026-07-08T11:30:00+00:00,58.33699999999999,58.838999999999984,58.01599999999999,58.81899999999999,14655
2026-07-08T11:45:00+00:00,58.81899999999999,59.01799999999999,58.53299999999999,58.71199999999999,12713
2026-07-08T12:00:00+00:00,58.71199999999999,58.96299999999999,58.61199999999999,58.761999999999986,12887
2026-07-08T12:15:00+00:00,58.761999999999986,58.862999999999985,58.426999999999985,58.47799999999999,11906
2026-07-08T12:30:00+00:00,58.47799999999999,58.600999999999985,58.264999999999986,58.50799999999999,11183
2026-07-08T12:45:00+00:00,58.50799999999999,58.92499999999999,58.43199999999999,58.51399999999999,14349
2026-07-08T13:00:00+00:00,58.51399999999999,58.94299999999999,58.438999999999986,58.551999999999985,21805
2026-07-08T13:15:00+00:00,58.551999999999985,58.661999999999985,58.24499999999999,58.298999999999985,14997
2026-07-08T13:30:00+00:00,58.298999999999985,58.66999999999999,58.27399999999999,58.48999999999999,30878
2026-07-08T13:45:00+00:00,58.48999999999999,58.64499999999999,58.30599999999999,58.389999999999986,21730
2026-07-08T14:00:00+00:00,58.389999999999986,58.51999999999999,58.21299999999999,58.228999999999985,19462
2026-07-08T14:15:00+00:00,58.228999999999985,58.41999999999999,58.00999999999999,58.25199999999999,18849
2026-07-08T14:30:00+00:00,58.25199999999999,58.380999999999986,57.61099999999999,57.624999999999986,23025
2026-07-08T14:45:00+00:00,57.624999999999986,57.85899999999999,57.56599999999999,57.76599999999999,27108
2026-07-08T15:00:00+00:00,57.76599999999999,57.87099999999999,57.499999999999986,57.51899999999999,21833
2026-07-08T15:15:00+00:00,57.51899999999999,57.57999999999999,57.289999999999985,57.38199999999999,18749
2026-07-08T15:30:00+00:00,57.38199999999999,57.514999999999986,57.176999999999985,57.34399999999999,13270
2026-07-08T15:45:00+00:00,57.34399999999999,57.53499999999999,57.213999999999984,57.359999999999985,12758
2026-07-08T16:00:00+00:00,57.359999999999985,57.703999999999986,57.30699999999999,57.48899999999999,12610
2026-07-08T16:15:00+00:00,57.48899999999999,57.57399999999999,57.411999999999985,57.50199999999999,11195
2026-07-08T16:30:00+00:00,57.50199999999999,57.86699999999999,57.41599999999999,57.84299999999999,15790
2026-07-08T16:45:00+00:00,57.84299999999999,57.98699999999999,57.77899999999999,57.87699999999999,9676
2026-07-08T17:00:00+00:00,57.87699999999999,58.08399999999999,57.746999999999986,57.90699999999999,9182
2026-07-08T17:15:00+00:00,57.90699999999999,58.298999999999985,57.90699999999999,58.298999999999985,11601
2026-07-08T17:30:00+00:00,58.298999999999985,58.45699999999999,58.12999999999999,58.16299999999999,8152
2026-07-08T17:45:00+00:00,58.16299999999999,58.21599999999999,58.03599999999999,58.07799999999999,6958
2026-07-08T18:00:00+00:00,58.07799999999999,58.453999999999986,58.048999999999985,58.431949999999986,12966.227702354357
2026-07-08T18:15:00+00:00,58.431949999999986,58.441949999999984,58.21194999999998,58.23594999999998,9435
2026-07-08T18:30:00+00:00,58.23594999999998,58.532949999999985,58.172949999999986,58.45494999999998,7292
2026-07-08T18:45:00+00:00,58.45494999999998,58.74194999999998,58.41894999999998,58.487949999999984,7721
2026-07-08T19:00:00+00:00,58.487949999999984,58.65894999999998,58.44594999999998,58.484949999999984,7979
2026-07-08T19:15:00+00:00,58.484949999999984,58.587949999999985,58.434949999999986,58.57794999999999,5497
2026-07-08T19:30:00+00:00,58.57794999999999,58.614949999999986,58.45494999999998,58.487949999999984,6653
2026-07-08T19:45:00+00:00,58.487949999999984,58.51094999999999,58.32394999999998,58.37294999999998,8331
2026-07-08T20:00:00+00:00,58.37294999999998,58.517949999999985,58.27194999999998,58.31294999999999,2374
2026-07-08T20:15:00+00:00,58.31294999999999,58.334949999999985,58.18694999999998,58.245949999999986,1534
2026-07-08T20:30:00+00:00,58.245949999999986,58.276949999999985,58.08694999999998,58.13594999999999,1933
2026-07-08T20:45:00+00:00,58.13594999999999,58.343949999999985,58.09894999999998,58.13894999999999,1164
2026-07-08T22:00:00+00:00,58.13894999999999,58.62994999999999,58.04294999999998,58.544949999999986,1949.5695856370014
2026-07-08T22:15:00+00:00,58.544949999999986,58.60194999999999,58.434949999999986,58.45894999999999,1878
2026-07-08T22:30:00+00:00,58.45894999999999,58.52494999999998,58.42494999999998,58.484949999999984,1870
2026-07-08T22:45:00+00:00,58.484949999999984,58.57494999999999,58.484949999999984,58.499949999999984,1237
2026-07-08T23:00:00+00:00,58.499949999999984,58.514949999999985,58.43994999999998,58.49494999999998,1109
2026-07-08T23:15:00+00:00,58.49494999999998,58.526949999999985,58.43994999999998,58.526949999999985,998
2026-07-08T23:30:00+00:00,58.526949999999985,58.56894999999999,58.45294999999999,58.53794999999999,1631
2026-07-08T23:45:00+00:00,58.53794999999999,58.60194999999999,58.41294999999999,58.54594999999998,2258
2026-07-09T00:00:00+00:00,58.54594999999998,58.85194999999999,58.492949999999986,58.681949999999986,12628
2026-07-09T00:15:00+00:00,58.681949999999986,58.71494999999999,58.39694999999998,58.50494999999999,7588
2026-07-09T00:30:00+00:00,58.50494999999999,58.61094999999998,58.44894999999998,58.465949999999985,8064
2026-07-09T00:45:00+00:00,58.465949999999985,58.65594999999998,58.380949999999984,58.42494999999998,8072
2026-07-09T01:00:00+00:00,58.42494999999998,58.67094999999998,58.18694999999998,58.32494999999999,21676
2026-07-09T01:15:00+00:00,58.32494999999999,58.340949999999985,58.023949999999985,58.07494999999999,14471
2026-07-09T01:30:00+00:00,58.07494999999999,58.306949999999986,57.92494999999998,58.23894999999998,13326
2026-07-09T01:45:00+00:00,58.23894999999998,58.492949999999986,58.20194999999998,58.310949999999984,9707
2026-07-09T02:00:00+00:00,58.310949999999984,58.551949999999984,58.26694999999999,58.425949999999986,9835
2026-07-09T02:15:00+00:00,58.425949999999986,58.60394999999998,58.38794999999998,58.490949999999984,4395
2026-07-09T02:30:00+00:00,58.490949999999984,58.615949999999984,58.218949999999985,58.24794999999998,9287
2026-07-09T02:45:00+00:00,58.24794999999998,58.291949999999986,57.96994999999998,57.980949999999986,10754
2026-07-09T03:00:00+00:00,57.980949999999986,58.06194999999998,57.69394999999999,57.801949999999984,12202
2026-07-09T03:15:00+00:00,57.801949999999984,57.913949999999986,57.69294999999998,57.83994999999999,9975
2026-07-09T03:30:00+00:00,57.83994999999999,58.09594999999999,57.788949999999986,57.941949999999984,5591
2026-07-09T03:45:00+00:00,57.941949999999984,58.014949999999985,57.913949999999986,57.99194999999998,4638
2026-07-09T04:00:00+00:00,57.99194999999998,58.026949999999985,57.90694999999999,57.94394999999999,4487
2026-07-09T04:15:00+00:00,57.94394999999999,57.950949999999985,57.80294999999998,57.864949999999986,4794
2026-07-09T04:30:00+00:00,57.864949999999986,58.057949999999984,57.861949999999986,57.96994999999998,6231
2026-07-09T04:45:00+00:00,57.96994999999998,58.121949999999984,57.94294999999998,58.102949999999986,5156
2026-07-09T05:00:00+00:00,58.102949999999986,58.486949999999986,58.08094999999999,58.319949999999984,9804
2026-07-09T05:15:00+00:00,58.319949999999984,58.32694999999998,58.09194999999998,58.258949999999984,7175
2026-07-09T05:30:00+00:00,58.258949999999984,58.52894999999999,58.017949999999985,58.395949999999985,13150
2026-07-09T05:45:00+00:00,58.395949999999985,58.63294999999999,58.35494999999999,58.55294999999998,8111
2026-07-09T06:00:00+00:00,58.55294999999998,58.88594999999999,58.538949999999986,58.68794999999999,11095
2026-07-09T06:15:00+00:00,58.68794999999999,59.07494999999999,58.679949999999984,59.03994999999998,13022
2026-07-09T06:30:00+00:00,59.03994999999998,59.258949999999984,58.97394999999999,59.09894999999999,11879
2026-07-09T06:45:00+00:00,59.09894999999999,59.27894999999999,59.03994999999998,59.136949999999985,5643
2026-07-09T07:00:00+00:00,59.136949999999985,59.270949999999985,59.10494999999999,59.11994999999998,5935
2026-07-09T07:15:00+00:00,59.11994999999998,59.31894999999999,59.08094999999999,59.288949999999986,5655
2026-07-09T07:30:00+00:00,59.288949999999986,59.32394999999998,59.175949999999986,59.31294999999999,4402
2026-07-09T07:45:00+00:00,59.31294999999999,59.40094999999999,59.224949999999986,59.32494999999999,4225
2026-07-09T08:00:00+00:00,59.32494999999999,59.456949999999985,59.24894999999999,59.31594999999999,5245
2026-07-09T08:15:00+00:00,59.31594999999999,59.587949999999985,59.31294999999999,59.53494999999999,5970
2026-07-09T08:30:00+00:00,59.53494999999999,59.58294999999998,59.413949999999986,59.43794999999999,4386
2026-07-09T08:45:00+00:00,59.43794999999999,59.44694999999999,59.23194999999998,59.291949999999986,4720
2026-07-09T09:00:00+00:00,59.291949999999986,59.33294999999998,59.22594999999998,59.26994999999999,3397
2026-07-09T09:15:00+00:00,59.26994999999999,59.35694999999998,59.23294999999998,59.31294999999999,3846
2026-07-09T09:30:00+00:00,59.31294999999999,59.355949999999986,59.173949999999984,59.18394999999998,5477
2026-07-09T09:45:00+00:00,59.18394999999998,59.29694999999998,59.181949999999986,59.27494999999998,3699
2026-07-09T10:00:00+00:00,59.27494999999998,59.306949999999986,59.15094999999999,59.15994999999999,4905
2026-07-09T10:15:00+00:00,59.15994999999999,59.30894999999998,59.04094999999999,59.054949999999984,3098
2026-07-09T10:30:00+00:00,59.054949999999984,59.105949999999986,59.02794999999998,59.03694999999998,3490
2026-07-09T10:45:00+00:00,59.03694999999998,59.041949999999986,58.82794999999999,58.94894999999998,6544
2026-07-09T11:00:00+00:00,58.94894999999998,59.09294999999999,58.910949999999985,59.041949999999986,4896
2026-07-09T11:15:00+00:00,59.041949999999986,59.05894999999998,58.904949999999985,58.944949999999984,4639
2026-07-09T11:30:00+00:00,58.944949999999984,59.11094999999998,58.90694999999999,59.06494999999998,5604
2026-07-09T11:45:00+00:00,59.06494999999998,59.224949999999986,59.03094999999998,59.12594999999998,4831
2026-07-09T12:00:00+00:00,59.12594999999998,59.38194999999998,59.01694999999999,59.22594999999998,6259
2026-07-09T12:15:00+00:00,59.22594999999998,59.29094999999999,59.08294999999998,59.209949999999985,7089
2026-07-09T12:30:00+00:00,59.209949999999985,59.834949999999985,59.18794999999999,59.57394999999998,8931
2026-07-09T12:45:00+00:00,59.57394999999998,59.688949999999984,59.416949999999986,59.428949999999986,6516
2026-07-09T13:00:00+00:00,59.428949999999986,59.968949999999985,59.31194999999998,59.80294999999998,15176
2026-07-09T13:15:00+00:00,59.80294999999998,59.995949999999986,59.681949999999986,59.971949999999985,10458
2026-07-09T13:30:00+00:00,59.971949999999985,60.395949999999985,59.83894999999998,60.37294999999998,16310
2026-07-09T13:45:00+00:00,60.37294999999998,60.426949999999984,60.14394999999998,60.349949999999986,14647
2026-07-09T14:00:00+00:00,60.349949999999986,60.706949999999985,60.163949999999986,60.203949999999985,19232
2026-07-09T14:15:00+00:00,60.203949999999985,60.264949999999985,59.956949999999985,60.23594999999998,18361
2026-07-09T14:30:00+00:00,60.23594999999998,60.32794999999999,60.07794999999999,60.20594999999999,11140
2026-07-09T14:45:00+00:00,60.20594999999999,60.386949999999985,60.07194999999999,60.36994999999998,11219
2026-07-09T15:00:00+00:00,60.36994999999998,60.48194999999998,60.30894999999998,60.39794999999999,10892
2026-07-09T15:15:00+00:00,60.39794999999999,60.51394999999999,60.34194999999998,60.42794999999998,7757
2026-07-09T15:30:00+00:00,60.42794999999998,60.53094999999998,60.383949999999984,60.48894999999998,5545
2026-07-09T15:45:00+00:00,60.48894999999998,60.618949999999984,60.41194999999998,60.432949999999984,6184
2026-07-09T16:00:00+00:00,60.432949999999984,60.68094999999998,60.398949999999985,60.541949999999986,6070
2026-07-09T16:15:00+00:00,60.541949999999986,60.697949999999985,60.52594999999999,60.59594999999999,6462
2026-07-09T16:30:00+00:00,60.59594999999999,60.724949999999986,60.54294999999998,60.627949999999984,5872
2026-07-09T16:45:00+00:00,60.627949999999984,60.651949999999985,60.49494999999998,60.49794999999998,4453
2026-07-09T17:00:00+00:00,60.49794999999998,60.53394999999998,60.346949999999985,60.38794999999998,4772
2026-07-09T17:15:00+00:00,60.38794999999998,60.49194999999998,60.29594999999998,60.46094999999998,7119
2026-07-09T17:30:00+00:00,60.46094999999998,60.50694999999998,60.39794999999999,60.40294999999998,3846
2026-07-09T17:45:00+00:00,60.40294999999998,60.57194999999999,60.39994999999998,60.52594999999999,3369
2026-07-09T18:00:00+00:00,60.52594999999999,60.53394999999998,60.26294999999998,60.298949999999984,3361
2026-07-09T18:15:00+00:00,60.298949999999984,60.31594999999999,60.215949999999985,60.21694999999998,3901
2026-07-09T18:30:00+00:00,60.21694999999998,60.21694999999998,60.10094999999998,60.178949999999986,2434
2026-07-09T18:45:00+00:00,60.178949999999986,60.18094999999998,60.090949999999985,60.148949999999985,2052
2026-07-09T19:00:00+00:00,60.148949999999985,60.25994999999998,60.011949999999985,60.029949999999985,2559
2026-07-09T19:15:00+00:00,60.029949999999985,60.108949999999986,60.00394999999998,60.03794999999999,2068
2026-07-09T19:30:00+00:00,60.03794999999999,60.166949999999986,59.989949999999986,60.008949999999984,2424
2026-07-09T19:45:00+00:00,60.008949999999984,60.09794999999998,59.96994999999998,60.011949999999985,3468
2026-07-09T20:00:00+00:00,60.011949999999985,60.059949999999986,59.984949999999984,60.03794999999999,1349
2026-07-09T20:15:00+00:00,60.03794999999999,60.151949999999985,59.974949999999986,59.98594999999998,833
2026-07-09T20:30:00+00:00,59.98594999999998,60.194949999999984,59.968949999999985,60.060949999999984,874
2026-07-09T20:45:00+00:00,60.060949999999984,60.10694999999998,60.032949999999985,60.054949999999984,906
2026-07-09T22:00:00+00:00,60.054949999999984,60.23494999999998,60.03194999999997,60.159949999999974,1619.3598130841121
2026-07-09T22:15:00+00:00,60.159949999999974,60.17294999999997,60.11494999999997,60.13294999999997,818
2026-07-09T22:30:00+00:00,60.13294999999997,60.18594999999998,60.12194999999998,60.18194999999997,868
2026-07-09T22:45:00+00:00,60.18194999999997,60.183949999999975,60.13394999999998,60.13394999999998,635
2026-07-09T23:00:00+00:00,60.13394999999998,60.24294999999997,60.11294999999998,60.23094999999997,661
2026-07-09T23:15:00+00:00,60.23094999999997,60.25494999999997,60.183949999999975,60.23494999999998,397
2026-07-09T23:30:00+00:00,60.23494999999998,60.24694999999998,60.189949999999975,60.24594999999997,426
2026-07-09T23:45:00+00:00,60.24594999999997,60.25294999999998,60.19794999999998,60.22494999999997,800
2026-07-10T00:00:00+00:00,60.22494999999997,60.27094999999998,60.082949999999975,60.12694999999997,5129
2026-07-10T00:15:00+00:00,60.12694999999997,60.21794999999997,59.997949999999975,60.073949999999975,4056
2026-07-10T00:30:00+00:00,60.073949999999975,60.27994999999997,59.94994999999997,60.250949999999975,4169
2026-07-10T00:45:00+00:00,60.250949999999975,60.44994999999997,60.14894999999998,60.393949999999975,4914
2026-07-10T01:00:00+00:00,60.393949999999975,60.707949999999975,60.232949999999974,60.295949999999976,16811
2026-07-10T01:15:00+00:00,60.295949999999976,60.50794999999997,60.238949999999974,60.26794999999998,11377
2026-07-10T01:30:00+00:00,60.26794999999998,60.332949999999975,59.994949999999974,60.05794999999998,10031
2026-07-10T01:45:00+00:00,60.05794999999998,60.546949999999974,59.97494999999997,60.33494999999998,9243
2026-07-10T02:00:00+00:00,60.33494999999998,60.53294999999997,60.274949999999976,60.41994999999997,7991
2026-07-10T02:15:00+00:00,60.41994999999997,60.52294999999997,60.37194999999998,60.44394999999997,3825
2026-07-10T02:30:00+00:00,60.44394999999997,60.652949999999976,60.40394999999997,60.51494999999998,5837
2026-07-10T02:45:00+00:00,60.51494999999998,60.83094999999997,60.46294999999998,60.643949999999975,5001
2026-07-10T03:00:00+00:00,60.643949999999975,60.981949999999976,60.61794999999997,60.826949999999975,6565
2026-07-10T03:15:00+00:00,60.826949999999975,60.826949999999975,60.57594999999998,60.595949999999974,4827
2026-07-10T03:30:00+00:00,60.595949999999974,60.73094999999997,60.53894999999997,60.56594999999997,3965
2026-07-10T03:45:00+00:00,60.56594999999997,60.63094999999998,60.527949999999976,60.62494999999998,3048
2026-07-10T04:00:00+00:00,60.62494999999998,60.728949999999976,60.539949999999976,60.704949999999975,2617
2026-07-10T04:15:00+00:00,60.704949999999975,60.76494999999998,60.512949999999975,60.613949999999974,2698
2026-07-10T04:30:00+00:00,60.613949999999974,60.69394999999997,60.59994999999997,60.66994999999997,1962
2026-07-10T04:45:00+00:00,60.66994999999997,60.67594999999997,60.527949999999976,60.56294999999997,2243
2026-07-10T05:00:00+00:00,60.56294999999997,60.588949999999976,60.469949999999976,60.530949999999976,2670
2026-07-10T05:15:00+00:00,60.530949999999976,60.58994999999997,60.44794999999998,60.45694999999998,3046
2026-07-10T05:30:00+00:00,60.45694999999998,60.45694999999998,60.183949999999975,60.30194999999998,7964
2026-07-10T05:45:00+00:00,60.30194999999998,60.45994999999998,60.131949999999975,60.44394999999997,5820
2026-07-10T06:00:00+00:00,60.44394999999997,60.54794999999997,60.37494999999998,60.38394999999998,8646
2026-07-10T06:15:00+00:00,60.38394999999998,60.62194999999998,60.32494999999997,60.32494999999997,7201
2026-07-10T06:30:00+00:00,60.32494999999997,60.408949999999976,60.23094999999997,60.284949999999974,6961
2026-07-10T06:45:00+00:00,60.284949999999974,60.369949999999974,60.25294999999998,60.28194999999997,4720
2026-07-10T07:00:00+00:00,60.28194999999997,60.38294999999997,60.19994999999997,60.293949999999974,4335
2026-07-10T07:15:00+00:00,60.293949999999974,60.42594999999997,60.21794999999997,60.31994999999998,3578
2026-07-10T07:30:00+00:00,60.31994999999998,60.38294999999997,60.09994999999997,60.12694999999997,3525
2026-07-10T07:45:00+00:00,60.12694999999997,60.21594999999998,60.009949999999975,60.149949999999976,3623
2026-07-10T08:00:00+00:00,60.149949999999976,60.198949999999975,59.997949999999975,60.125949999999975,5054
2026-07-10T08:15:00+00:00,60.125949999999975,60.168949999999974,59.84094999999998,59.87494999999998,3842
2026-07-10T08:30:00+00:00,59.87494999999998,60.00194999999997,59.71794999999997,59.81294999999997,4450
2026-07-10T08:45:00+00:00,59.81294999999997,59.82794999999997,59.58994999999997,59.735949999999974,3956
2026-07-10T09:00:00+00:00,59.735949999999974,59.902949999999976,59.63994999999998,59.76094999999997,4270
2026-07-10T09:15:00+00:00,59.76094999999997,59.802949999999974,59.665949999999974,59.76794999999998,3064
2026-07-10T09:30:00+00:00,59.76794999999998,59.80694999999997,59.64594999999998,59.756949999999975,3186
2026-07-10T09:45:00+00:00,59.756949999999975,59.777949999999976,59.61594999999998,59.707949999999975,2559
2026-07-10T10:00:00+00:00,59.707949999999975,59.835949999999976,59.70594999999997,59.75594999999998,3528
2026-07-10T10:15:00+00:00,59.75594999999998,59.87794999999998,59.677949999999974,59.87094999999997,2777
2026-07-10T10:30:00+00:00,59.87094999999997,59.93294999999998,59.704949999999975,59.74594999999997,2353
2026-07-10T10:45:00+00:00,59.74594999999997,59.74894999999997,59.50294999999998,59.51194999999998,3140
2026-07-10T11:00:00+00:00,59.51194999999998,59.70294999999997,59.48694999999997,59.683949999999975,3278
2026-07-10T11:15:00+00:00,59.683949999999975,59.790949999999974,59.537949999999974,59.54194999999997,3077
2026-07-10T11:30:00+00:00,59.54194999999997,59.75494999999997,59.497949999999975,59.732949999999974,4532
2026-07-10T11:45:00+00:00,59.732949999999974,59.771949999999975,59.625949999999975,59.63694999999998,2992
2026-07-10T12:00:00+00:00,59.63694999999998,60.222949999999976,59.56694999999998,60.01194999999998,6651
2026-07-10T12:15:00+00:00,60.01194999999998,60.070949999999975,59.777949999999976,59.954949999999975,7695
2026-07-10T12:30:00+00:00,59.954949999999975,59.99894999999997,59.73494999999998,59.741949999999974,6699
2026-07-10T12:45:00+00:00,59.741949999999974,59.887949999999975,59.72194999999997,59.844949999999976,4832
2026-07-10T13:00:00+00:00,59.844949999999976,60.113949999999974,59.76794999999998,60.015949999999975,9863
2026-07-10T13:15:00+00:00,60.015949999999975,60.11594999999998,59.555949999999974,59.588949999999976,8011
2026-07-10T13:30:00+00:00,59.588949999999976,60.012949999999975,59.57894999999998,59.88594999999997,20461
2026-07-10T13:45:00+00:00,59.88594999999997,60.103949999999976,59.83794999999998,59.93894999999998,12137
2026-07-10T14:00:00+00:00,59.93894999999998,60.061949999999975,59.87694999999997,59.930949999999974,10504
2026-07-10T14:15:00+00:00,59.930949999999974,60.27594999999997,59.87394999999997,60.12094999999997,12428
2026-07-10T14:30:00+00:00,60.12094999999997,60.28594999999997,59.33194999999998,59.82194999999997,24108
2026-07-10T14:45:00+00:00,59.82194999999997,60.052949999999974,59.64594999999998,59.65794999999997,12515
2026-07-10T15:00:00+00:00,59.65794999999997,59.88594999999997,59.62494999999998,59.77294999999997,11558
2026-07-10T15:15:00+00:00,59.77294999999997,60.07894999999998,59.76494999999998,60.02294999999997,8625
2026-07-10T15:30:00+00:00,60.02294999999997,60.058949999999975,59.94094999999997,59.997949999999975,6298
2026-07-10T15:45:00+00:00,59.997949999999975,60.21194999999997,59.985949999999974,60.17994999999998,6273
2026-07-10T16:00:00+00:00,60.17994999999998,60.241949999999974,60.04794999999997,60.08394999999997,7516
2026-07-10T16:15:00+00:00,60.08394999999997,60.15794999999997,59.99994999999998,60.09994999999997,3656
2026-07-10T16:30:00+00:00,60.09994999999997,60.159949999999974,60.07294999999998,60.076949999999975,4076
2026-07-10T16:45:00+00:00,60.076949999999975,60.16394999999997,59.933949999999975,59.94094999999997,4211
2026-07-10T17:00:00+00:00,59.94094999999997,59.991949999999974,59.811949999999975,59.860949999999974,6502
2026-07-10T17:15:00+00:00,59.860949999999974,60.01794999999998,59.853949999999976,59.92394999999998,6129
2026-07-10T17:30:00+00:00,59.92394999999998,59.951949999999975,59.80394999999997,59.81294999999997,5121
2026-07-10T17:45:00+00:00,59.81294999999997,59.896949999999975,59.744949999999974,59.75194999999997,4583
2026-07-10T18:00:00+00:00,59.75194999999997,59.835949999999976,59.73394999999997,59.82294999999998,5591
2026-07-10T18:15:00+00:00,59.82294999999998,59.909949999999974,59.74994999999998,59.85594999999997,3461
2026-07-10T18:30:00+00:00,59.85594999999997,59.914949999999976,59.74294999999997,59.75794999999997,5388
2026-07-10T18:45:00+00:00,59.75794999999997,59.81694999999998,59.744949999999974,59.783949999999976,3569
2026-07-10T19:00:00+00:00,59.783949999999976,59.87794999999998,59.713949999999976,59.866949999999974,3003
2026-07-10T19:15:00+00:00,59.866949999999974,59.89294999999998,59.823949999999975,59.860949999999974,1551
2026-07-10T19:30:00+00:00,59.860949999999974,59.90194999999998,59.826949999999975,59.86194999999997,2699
2026-07-10T19:45:00+00:00,59.86194999999997,59.918949999999974,59.851949999999974,59.908949999999976,2925
2026-07-10T20:00:00+00:00,59.908949999999976,60.05994999999997,59.89494999999997,59.96194999999997,1862
2026-07-10T20:15:00+00:00,59.96194999999997,60.128949999999975,59.93194999999997,59.98494999999998,1072
2026-07-10T20:30:00+00:00,59.98494999999998,60.01544999999997,59.96044999999997,59.98944999999998,669.0679752817157
2026-07-12T22:00:00+00:00,59.98944999999998,60.28744999999998,58.94544999999997,59.044449999999976,8808.998356108086
2026-07-12T22:15:00+00:00,59.044449999999976,59.15644999999998,58.983449999999976,59.036449999999974,5983
2026-07-12T22:30:00+00:00,59.036449999999974,59.163449999999976,58.95144999999997,58.978449999999974,5201
2026-07-12T22:45:00+00:00,58.978449999999974,59.118449999999974,58.794449999999976,59.039449999999974,4780
2026-07-12T23:00:00+00:00,59.039449999999974,59.041449999999976,58.91544999999998,58.947449999999975,3748
2026-07-12T23:15:00+00:00,58.947449999999975,59.081449999999975,58.920449999999974,59.07144999999998,1862
2026-07-12T23:30:00+00:00,59.07144999999998,59.13544999999998,59.008449999999975,59.09444999999997,1729
2026-07-12T23:45:00+00:00,59.09444999999997,59.26944999999998,58.96044999999997,59.24144999999998,5188
2026-07-13T00:00:00+00:00,59.24144999999998,59.68444999999998,59.15344999999998,59.584449999999975,10322
2026-07-13T00:15:00+00:00,59.584449999999975,59.62544999999997,59.298449999999974,59.30844999999997,8985
2026-07-13T00:30:00+00:00,59.30844999999997,59.319449999999975,58.974449999999976,59.20444999999997,9812
2026-07-13T00:45:00+00:00,59.20444999999997,59.35744999999998,59.048449999999974,59.103449999999974,9710
2026-07-13T01:00:00+00:00,59.103449999999974,59.25744999999998,58.85144999999998,59.197449999999975,19905
2026-07-13T01:15:00+00:00,59.197449999999975,59.283449999999974,58.889449999999975,59.06844999999998,12937
2026-07-13T01:30:00+00:00,59.06844999999998,59.50044999999997,59.00644999999997,59.30544999999998,10905
2026-07-13T01:45:00+00:00,59.30544999999998,59.44244999999997,58.731449999999974,58.79944999999998,13288
2026-07-13T02:00:00+00:00,58.79944999999998,58.83844999999997,58.657449999999976,58.71944999999997,11455
2026-07-13T02:15:00+00:00,58.71944999999997,58.82644999999997,58.62944999999998,58.62944999999998,5691
2026-07-13T02:30:00+00:00,58.62944999999998,58.91544999999998,58.56844999999998,58.69244999999997,8231
2026-07-13T02:45:00+00:00,58.69244999999997,58.75344999999997,58.58044999999998,58.69244999999997,5660
2026-07-13T03:00:00+00:00,58.69244999999997,58.722449999999974,58.31844999999998,58.39044999999997,7032
2026-07-13T03:15:00+00:00,58.39044999999997,58.539449999999974,58.389449999999975,58.51344999999998,5530
2026-07-13T03:30:00+00:00,58.51344999999998,58.52844999999998,58.34844999999998,58.38144999999997,3065
2026-07-13T03:45:00+00:00,58.38144999999997,58.490449999999974,58.37944999999998,58.481449999999974,1887
2026-07-13T04:00:00+00:00,58.481449999999974,58.481449999999974,58.33344999999998,58.36744999999998,2620
2026-07-13T04:15:00+00:00,58.36744999999998,58.48244999999998,58.301449999999974,58.45244999999998,2356
2026-07-13T04:30:00+00:00,58.45244999999998,58.57344999999997,58.36944999999997,58.40544999999997,2293
2026-07-13T04:45:00+00:00,58.40544999999997,58.554449999999974,58.40244999999997,58.538449999999976,1666
2026-07-13T05:00:00+00:00,58.538449999999976,58.83644999999998,58.419449999999976,58.79044999999998,4859
2026-07-13T05:15:00+00:00,58.79044999999998,58.82044999999997,58.39644999999997,58.41844999999998,4490
2026-07-13T05:30:00+00:00,58.41844999999998,58.700449999999975,58.22944999999998,58.630449999999975,9282
2026-07-13T05:45:00+00:00,58.630449999999975,58.639449999999975,58.30044999999998,58.35144999999998,7910
2026-07-13T06:00:00+00:00,58.35144999999998,58.52544999999998,58.01244999999997,58.08244999999997,9280
2026-07-13T06:15:00+00:00,58.08244999999997,58.33244999999997,58.07344999999997,58.33244999999997,8698
2026-07-13T06:30:00+00:00,58.33244999999997,58.599449999999976,58.261449999999975,58.44544999999997,6791
2026-07-13T06:45:00+00:00,58.44544999999997,58.456449999999975,58.22644999999998,58.267449999999975,6103
2026-07-13T07:00:00+00:00,58.267449999999975,58.666449999999976,58.15244999999997,58.539449999999974,7012
2026-07-13T07:15:00+00:00,58.539449999999974,58.63144999999997,58.456449999999975,58.54644999999998,3738
2026-07-13T07:30:00+00:00,58.54644999999998,58.700449999999975,58.483449999999976,58.58844999999997,4276
2026-07-13T07:45:00+00:00,58.58844999999997,58.82744999999998,58.587449999999976,58.801449999999974,3619
2026-07-13T08:00:00+00:00,58.801449999999974,59.24444999999997,58.801449999999974,59.21044999999997,6750
2026-07-13T08:15:00+00:00,59.21044999999997,59.291449999999976,59.160449999999976,59.166449999999976,5193
2026-07-13T08:30:00+00:00,59.166449999999976,59.26244999999997,59.09444999999997,59.225449999999974,3849
2026-07-13T08:45:00+00:00,59.225449999999974,59.273449999999976,59.15344999999998,59.167449999999974,2755
2026-07-13T09:00:00+00:00,59.167449999999974,59.18644999999997,58.99444999999997,59.03144999999998,2922
2026-07-13T09:15:00+00:00,59.03144999999998,59.054449999999974,58.90344999999998,58.92844999999998,2889
2026-07-13T09:30:00+00:00,58.92844999999998,58.993449999999974,58.837449999999976,58.91244999999998,3525
2026-07-13T09:45:00+00:00,58.91244999999998,58.94344999999998,58.74144999999998,58.761449999999975,2765
2026-07-13T10:00:00+00:00,58.761449999999975,58.962449999999976,58.75044999999997,58.79044999999998,3267
2026-07-13T10:15:00+00:00,58.79044999999998,58.81244999999998,58.67244999999998,58.70144999999997,2821
2026-07-13T10:30:00+00:00,58.70144999999997,58.80244999999998,58.578449999999975,58.608449999999976,4650
2026-07-13T10:45:00+00:00,58.608449999999976,58.81544999999998,58.58044999999998,58.71944999999997,4916
2026-07-13T11:00:00+00:00,58.71944999999997,58.89344999999997,58.62544999999997,58.75744999999998,6352
2026-07-13T11:15:00+00:00,58.75744999999998,58.93144999999998,58.706449999999975,58.916449999999976,4185
2026-07-13T11:30:00+00:00,58.916449999999976,59.06444999999997,58.90344999999998,59.02844999999998,4773
2026-07-13T11:45:00+00:00,59.02844999999998,59.060449999999975,58.801449999999974,58.843449999999976,4753
2026-07-13T12:00:00+00:00,58.843449999999976,58.89644999999997,58.67544999999998,58.74844999999998,6644
2026-07-13T12:15:00+00:00,58.74844999999998,58.886449999999975,58.58944999999998,58.61644999999998,6857
2026-07-13T12:30:00+00:00,58.61644999999998,58.77444999999997,58.53744999999998,58.746449999999975,6492
2026-07-13T12:45:00+00:00,58.746449999999975,58.99544999999998,58.731449999999974,58.977449999999976,6485
2026-07-13T13:00:00+00:00,58.977449999999976,58.99544999999998,58.64044999999997,58.721449999999976,11208
2026-07-13T13:15:00+00:00,58.721449999999976,59.02244999999998,58.57644999999997,58.87344999999998,7506
2026-07-13T13:30:00+00:00,58.87344999999998,58.92844999999998,58.50944999999997,58.64744999999998,19117
2026-07-13T13:45:00+00:00,58.64744999999998,58.69644999999998,58.343449999999976,58.48944999999998,21632
2026-07-13T14:00:00+00:00,58.48944999999998,58.56444999999997,58.18744999999998,58.450449999999975,20425
2026-07-13T14:15:00+00:00,58.450449999999975,58.55044999999998,57.83244999999997,58.30344999999998,28874
2026-07-13T14:30:00+00:00,58.30344999999998,58.30344999999998,57.96444999999998,58.087449999999976,18699
2026-07-13T14:45:00+00:00,58.087449999999976,58.43044999999998,58.03144999999998,58.42244999999998,15075
2026-07-13T15:00:00+00:00,58.42244999999998,58.474449999999976,58.252449999999975,58.313449999999975,10448
2026-07-13T15:15:00+00:00,58.313449999999975,58.426449999999974,58.24744999999997,58.39744999999998,14190
2026-07-13T15:30:00+00:00,58.39744999999998,58.600449999999974,58.27444999999997,58.30844999999997,10134
2026-07-13T15:45:00+00:00,58.30844999999997,58.328449999999975,58.20544999999998,58.291449999999976,10278
2026-07-13T16:00:00+00:00,58.291449999999976,58.472449999999974,58.25044999999997,58.29744999999998,6044
2026-07-13T16:15:00+00:00,58.29744999999998,58.29744999999998,57.90344999999998,57.99544999999998,6639
2026-07-13T16:30:00+00:00,57.99544999999998,58.03044999999997,57.70544999999998,57.94344999999998,15175
2026-07-13T16:45:00+00:00,57.94344999999998,57.99744999999997,57.73944999999998,57.914449999999974,10577
2026-07-13T17:00:00+00:00,57.914449999999974,58.03044999999997,57.87344999999998,58.01544999999997,6034
2026-07-13T17:15:00+00:00,58.01544999999997,58.07744999999998,57.856449999999974,57.92244999999998,6717
2026-07-13T17:30:00+00:00,57.92244999999998,58.045449999999974,57.81544999999998,57.855449999999976,4752
2026-07-13T17:45:00+00:00,57.855449999999976,57.938449999999975,57.57044999999997,57.621449999999975,6853
2026-07-13T18:00:00+00:00,57.621449999999975,57.74544999999998,57.57944999999997,57.734449999999974,7457
2026-07-13T18:15:00+00:00,57.734449999999974,57.85744999999998,57.581449999999975,57.794449999999976,7637
2026-07-13T18:30:00+00:00,57.794449999999976,57.895449999999975,57.74244999999998,57.86944999999997,6355
2026-07-13T18:45:00+00:00,57.86944999999997,58.139449999999975,57.82744999999998,57.904449999999976,6041
2026-07-13T19:00:00+00:00,57.904449999999976,58.048449999999974,57.77144999999997,57.77844999999998,5254
2026-07-13T19:15:00+00:00,57.77844999999998,57.86944999999997,57.71944999999997,57.75444999999998,5854
2026-07-13T19:30:00+00:00,57.75444999999998,57.87644999999998,57.700449999999975,57.87644999999998,6394
2026-07-13T19:45:00+00:00,57.87644999999998,58.154449999999976,57.828449999999975,57.99844999999998,4320
2026-07-13T20:00:00+00:00,57.99844999999998,58.08944999999998,57.90244999999997,57.911449999999974,2625
2026-07-13T20:15:00+00:00,57.911449999999974,58.01944999999998,57.810449999999975,57.913449999999976,2149
2026-07-13T20:30:00+00:00,57.913449999999976,58.00644999999997,57.83644999999998,57.877449999999975,1171
2026-07-13T20:45:00+00:00,57.877449999999975,57.990449999999974,57.865449999999974,57.94344999999998,1402
2026-07-13T22:00:00+00:00,57.94344999999998,58.41844999999997,57.94344999999998,58.389449999999975,2015.719967199672
2026-07-13T22:15:00+00:00,58.389449999999975,58.456449999999975,58.389449999999975,58.40244999999997,641
2026-07-13T22:30:00+00:00,58.40244999999997,58.42444999999997,58.368449999999974,58.39444999999997,1049
2026-07-13T22:45:00+00:00,58.39444999999997,58.41944999999997,58.32144999999997,58.33944999999997,1387
2026-07-13T23:00:00+00:00,58.33944999999997,58.349449999999976,58.218449999999976,58.230449999999976,1135
2026-07-13T23:15:00+00:00,58.230449999999976,58.31544999999997,58.21744999999997,58.227449999999976,834
2026-07-13T23:30:00+00:00,58.227449999999976,58.227449999999976,58.12644999999997,58.15644999999997,1402
2026-07-13T23:45:00+00:00,58.15644999999997,58.34144999999997,58.121449999999975,58.331449999999975,4324
2026-07-14T00:00:00+00:00,58.331449999999975,58.37244999999997,57.73644999999997,58.06144999999997,14954
2026-07-14T00:15:00+00:00,58.06144999999997,58.09144999999997,57.79644999999997,57.98544999999997,12978
2026-07-14T00:30:00+00:00,57.98544999999997,58.40044999999997,57.944449999999975,58.13544999999997,9449
2026-07-14T00:45:00+00:00,58.13544999999997,58.39944999999997,58.124449999999975,58.21144999999997,9281
2026-07-14T01:00:00+00:00,58.21144999999997,58.228449999999974,57.59444999999997,57.62544999999997,18487
2026-07-14T01:15:00+00:00,57.62544999999997,58.048449999999974,57.62044999999997,57.865449999999974,15040
2026-07-14T01:30:00+00:00,57.865449999999974,58.145449999999975,57.63844999999997,57.88544999999997,12488
2026-07-14T01:45:00+00:00,57.88544999999997,58.200449999999975,57.80244999999997,58.15344999999997,8497
2026-07-14T02:00:00+00:00,58.15344999999997,58.33844999999997,58.041449999999976,58.30344999999997,9090
2026-07-14T02:15:00+00:00,58.30344999999997,58.450449999999975,58.28144999999997,58.447449999999975,5387
2026-07-14T02:30:00+00:00,58.447449999999975,58.502449999999975,58.27244999999997,58.30644999999997,7134
2026-07-14T02:45:00+00:00,58.30644999999997,58.35844999999997,58.19544999999997,58.30844999999997,5569
2026-07-14T03:00:00+00:00,58.30844999999997,58.52144999999997,58.08344999999997,58.157449999999976,5345
2026-07-14T03:15:00+00:00,58.157449999999976,58.350449999999974,58.057449999999974,58.34244999999997,5146
2026-07-14T03:30:00+00:00,58.34244999999997,58.49244999999997,58.24544999999997,58.32144999999997,4742
2026-07-14T03:45:00+00:00,58.32144999999997,58.42844999999997,58.30544999999997,58.408449999999974,3812
2026-07-14T04:00:00+00:00,58.408449999999974,58.48344999999997,58.298449999999974,58.30244999999997,2951
2026-07-14T04:15:00+00:00,58.30244999999997,58.37044999999997,58.25744999999997,58.267449999999975,2740
2026-07-14T04:30:00+00:00,58.267449999999975,58.47644999999997,58.258449999999975,58.42444999999997,2576
2026-07-14T04:45:00+00:00,58.42444999999997,58.69544999999997,58.37844999999997,58.54644999999997,2555
2026-07-14T05:00:00+00:00,58.54644999999997,58.71944999999997,58.53044999999997,58.68344999999997,3379
2026-07-14T05:15:00+00:00,58.68344999999997,58.75744999999997,58.59144999999997,58.737449999999974,3402
2026-07-14T05:30:00+00:00,58.737449999999974,59.072449999999975,58.709449999999975,59.032449999999976,9300
2026-07-14T05:45:00+00:00,59.032449999999976,59.160449999999976,58.94244999999997,58.96944999999997,5252
2026-07-14T06:00:00+00:00,58.96944999999997,59.014449999999975,58.86344999999997,58.88844999999997,6668
2026-07-14T06:15:00+00:00,58.88844999999997,58.89744999999997,58.73844999999997,58.76244999999997,4714
2026-07-14T06:30:00+00:00,58.76244999999997,58.926449999999974,58.755449999999975,58.90044999999997,5200
2026-07-14T06:45:00+00:00,58.90044999999997,59.01044999999997,58.86144999999997,58.89444999999997,5223
2026-07-14T07:00:00+00:00,58.89444999999997,59.04344999999997,58.749449999999975,58.82944999999997,6105
2026-07-14T07:15:00+00:00,58.82944999999997,58.95244999999997,58.82444999999997,58.86044999999997,5077
2026-07-14T07:30:00+00:00,58.86044999999997,58.886449999999975,58.67444999999997,58.685449999999975,4871
2026-07-14T07:45:00+00:00,58.685449999999975,58.82944999999997,58.66244999999997,58.70144999999997,4935
2026-07-14T08:00:00+00:00,58.70144999999997,58.77744999999997,58.56844999999997,58.61644999999997,6382
2026-07-14T08:15:00+00:00,58.61644999999997,58.804449999999974,58.61144999999997,58.761449999999975,4613
2026-07-14T08:30:00+00:00,58.761449999999975,58.865449999999974,58.70844999999997,58.801449999999974,5322
2026-07-14T08:45:00+00:00,58.801449999999974,58.834449999999975,58.69344999999997,58.700449999999975,3652
2026-07-14T09:00:00+00:00,58.700449999999975,58.908449999999974,58.679449999999974,58.86144999999997,4271
2026-07-14T09:15:00+00:00,58.86144999999997,58.86444999999997,58.715449999999976,58.728449999999974,3722
2026-07-14T09:30:00+00:00,58.728449999999974,58.76644999999997,58.69644999999997,58.72344999999997,3370
2026-07-14T09:45:00+00:00,58.72344999999997,58.917449999999974,58.71044999999997,58.83344999999997,4034
2026-07-14T10:00:00+00:00,58.83344999999997,58.852449999999976,58.679449999999974,58.71144999999997,3532
2026-07-14T10:15:00+00:00,58.71144999999997,58.75644999999997,58.58644999999997,58.664449999999974,3358
2026-07-14T10:30:00+00:00,58.664449999999974,58.68044999999997,58.57044999999997,58.633449999999975,3718
2026-07-14T10:45:00+00:00,58.633449999999975,58.709449999999975,58.57944999999997,58.57944999999997,3475
2026-07-14T11:00:00+00:00,58.57944999999997,58.65544999999997,58.459449999999975,58.605449999999976,5898
2026-07-14T11:15:00+00:00,58.605449999999976,58.846449999999976,58.58544999999997,58.728449999999974,4824
2026-07-14T11:30:00+00:00,58.728449999999974,58.783449999999974,58.673449999999974,58.755449999999975,5024
2026-07-14T11:45:00+00:00,58.755449999999975,58.83644999999997,58.71344999999997,58.80044999999997,4229
2026-07-14T12:00:00+00:00,58.80044999999997,58.834449999999975,58.600449999999974,58.62044999999997,5672
2026-07-14T12:15:00+00:00,58.62044999999997,58.752449999999975,58.52544999999997,58.61744999999997,5580
2026-07-14T12:30:00+00:00,58.61744999999997,60.40044999999997,58.61644999999997,59.87544999999997,36559
2026-07-14T12:45:00+00:00,59.87544999999997,59.920449999999974,59.33844999999997,59.74144999999997,16163
2026-07-14T13:00:00+00:00,59.74144999999997,59.90944999999997,59.59444999999997,59.69944999999997,20124
2026-07-14T13:15:00+00:00,59.69944999999997,60.029449999999976,59.673449999999974,59.91844999999997,11947
2026-07-14T13:30:00+00:00,59.91844999999997,60.283449999999974,59.795449999999974,60.24844999999997,22351
2026-07-14T13:45:00+00:00,60.24844999999997,60.27844999999997,59.78144999999997,59.813449999999975,17506
2026-07-14T14:00:00+00:00,59.813449999999975,59.94544999999997,59.64944999999997,59.83344999999997,22541
2026-07-14T14:15:00+00:00,59.83344999999997,60.014449999999975,59.58344999999997,59.81544999999997,21646
2026-07-14T14:30:00+00:00,59.81544999999997,60.25944999999997,59.71144999999997,59.92744999999997,21190
2026-07-14T14:45:00+00:00,59.92744999999997,60.072449999999975,59.82344999999997,60.023449999999976,15611
2026-07-14T15:00:00+00:00,60.023449999999976,60.40544999999997,59.816449999999975,60.05844999999997,17971
2026-07-14T15:15:00+00:00,60.05844999999997,60.090449999999976,59.86644999999997,59.92744999999997,12562
2026-07-14T15:30:00+00:00,59.92744999999997,59.94244999999997,59.46044999999997,59.648449999999976,13350
2026-07-14T15:45:00+00:00,59.648449999999976,59.703449999999975,59.472449999999974,59.51044999999997,9329
2026-07-14T16:00:00+00:00,59.51044999999997,59.56844999999997,59.352449999999976,59.51944999999997,12511
2026-07-14T16:15:00+00:00,59.51944999999997,59.62344999999997,59.468449999999976,59.541449999999976,6427
2026-07-14T16:30:00+00:00,59.541449999999976,59.59144999999997,59.43044999999997,59.50744999999997,5050
2026-07-14T16:45:00+00:00,59.50744999999997,59.533449999999974,59.37844999999997,59.471449999999976,4136
2026-07-14T17:00:00+00:00,59.471449999999976,59.508449999999975,59.31544999999997,59.37544999999997,4666
2026-07-14T17:15:00+00:00,59.37544999999997,59.563449999999975,59.32744999999997,59.53444999999997,4687
2026-07-14T17:30:00+00:00,59.53444999999997,59.56444999999997,59.46944999999997,59.480449999999976,3230
2026-07-14T17:45:00+00:00,59.480449999999976,59.55644999999997,59.43144999999997,59.53144999999997,2694
2026-07-14T18:00:00+00:00,59.53144999999997,59.572449999999975,59.46644999999997,59.56544999999997,2683
2026-07-14T18:15:00+00:00,59.56544999999997,59.59144999999997,59.44544999999997,59.475449999999974,3219
2026-07-14T18:30:00+00:00,59.475449999999974,59.50644999999997,59.20544999999997,59.282449999999976,5228
2026-07-14T18:45:00+00:00,59.282449999999976,59.37244999999997,59.230449999999976,59.35844999999997,6724
2026-07-14T19:00:00+00:00,59.35844999999997,59.53044999999997,59.32344999999997,59.505449999999975,3428
2026-07-14T19:15:00+00:00,59.505449999999975,59.618449999999974,59.43144999999997,59.44844999999997,2723
2026-07-14T19:30:00+00:00,59.44844999999997,59.584449999999975,59.37544999999997,59.48644999999997,3953
2026-07-14T19:45:00+00:00,59.48644999999997,59.575449999999975,59.465449999999976,59.536449999999974,3519
2026-07-14T20:00:00+00:00,59.536449999999974,59.55544999999997,59.48344999999997,59.490449999999974,1419
2026-07-14T20:15:00+00:00,59.490449999999974,59.50344999999997,59.420449999999974,59.43044999999997,1015
2026-07-14T20:30:00+00:00,59.43044999999997,59.57744999999997,59.39044999999997,59.411449999999974,861
2026-07-14T20:45:00+00:00,59.411449999999974,59.44844999999997,59.343449999999976,59.42744999999997,806
2026-07-14T22:00:00+00:00,59.42744999999997,59.616449999999965,59.42744999999997,59.53844999999997,1202.532786885246
2026-07-14T22:15:00+00:00,59.53844999999997,59.59344999999997,59.521449999999966,59.54744999999997,914
2026-07-14T22:30:00+00:00,59.54744999999997,59.58344999999997,59.503449999999965,59.51944999999997,795
2026-07-14T22:45:00+00:00,59.51944999999997,59.53844999999997,59.48344999999997,59.518449999999966,436
2026-07-14T23:00:00+00:00,59.518449999999966,59.564449999999965,59.50144999999997,59.51644999999997,777
2026-07-14T23:15:00+00:00,59.51644999999997,59.66044999999997,59.47844999999997,59.65844999999997,718
2026-07-14T23:30:00+00:00,59.65844999999997,59.70644999999997,59.622449999999965,59.66344999999997,1207
2026-07-14T23:45:00+00:00,59.66344999999997,59.67344999999997,59.59944999999997,59.65344999999997,883
2026-07-15T00:00:00+00:00,59.65344999999997,59.79244999999997,59.60044999999997,59.61444999999997,8529
2026-07-15T00:15:00+00:00,59.61444999999997,59.78444999999997,59.59544999999997,59.78444999999997,5304
2026-07-15T00:30:00+00:00,59.78444999999997,59.78544999999997,59.585449999999966,59.640449999999966,6812
2026-07-15T00:45:00+00:00,59.640449999999966,59.94644999999997,59.631449999999965,59.80144999999997,5721
2026-07-15T01:00:00+00:00,59.80144999999997,59.87444999999997,59.69644999999997,59.817449999999965,13663
2026-07-15T01:15:00+00:00,59.817449999999965,59.92844999999997,59.77644999999997,59.802449999999965,10964
2026-07-15T01:30:00+00:00,59.802449999999965,59.80344999999997,59.31544999999997,59.38844999999997,16465
2026-07-15T01:45:00+00:00,59.38844999999997,59.48444999999997,59.250449999999965,59.28244999999997,12054
2026-07-15T02:00:00+00:00,59.28244999999997,59.40044999999997,59.09944999999997,59.238449999999965,8970
2026-07-15T02:15:00+00:00,59.238449999999965,59.24844999999997,59.122449999999965,59.24044999999997,5745
2026-07-15T02:30:00+00:00,59.24044999999997,59.56544999999997,59.22344999999997,59.55444999999997,7757
2026-07-15T02:45:00+00:00,59.55444999999997,59.576449999999966,59.36144999999997,59.39744999999997,7393
2026-07-15T03:00:00+00:00,59.39744999999997,59.558449999999965,59.28444999999997,59.31544999999997,6887
2026-07-15T03:15:00+00:00,59.31544999999997,59.33944999999997,59.05344999999997,59.10244999999997,8110
2026-07-15T03:30:00+00:00,59.10244999999997,59.31944999999997,59.10144999999997,59.18544999999997,4973
2026-07-15T03:45:00+00:00,59.18544999999997,59.302449999999965,59.174449999999965,59.25444999999997,3941
2026-07-15T04:00:00+00:00,59.25444999999997,59.34844999999997,59.21744999999997,59.26744999999997,3018
2026-07-15T04:15:00+00:00,59.26744999999997,59.372449999999965,59.23044999999997,59.34044999999997,2832
2026-07-15T04:30:00+00:00,59.34044999999997,59.35344999999997,59.20244999999997,59.25744999999997,3402
2026-07-15T04:45:00+00:00,59.25744999999997,59.360449999999965,59.25444999999997,59.33944999999997,2976
2026-07-15T05:00:00+00:00,59.33944999999997,59.41944999999997,59.09244999999997,59.13044999999997,7807
2026-07-15T05:15:00+00:00,59.13044999999997,59.207449999999966,59.09644999999997,59.140449999999966,4982
2026-07-15T05:30:00+00:00,59.140449999999966,59.42044999999997,58.98344999999997,59.28344999999997,11687
2026-07-15T05:45:00+00:00,59.28344999999997,59.54044999999997,59.20344999999997,59.39544999999997,6676
2026-07-15T06:00:00+00:00,59.39544999999997,59.427449999999965,59.13844999999997,59.14244999999997,8538
2026-07-15T06:15:00+00:00,59.14244999999997,59.16044999999997,58.89844999999997,59.06044999999997,8106
2026-07-15T06:30:00+00:00,59.06044999999997,59.14244999999997,58.94344999999997,59.119449999999965,8014
2026-07-15T06:45:00+00:00,59.119449999999965,59.36544999999997,59.08044999999997,59.21144999999997,7287
2026-07-15T07:00:00+00:00,59.21144999999997,59.52044999999997,59.146449999999966,59.20544999999997,5496
2026-07-15T07:15:00+00:00,59.20544999999997,59.23044999999997,58.85444999999997,58.98444999999997,7386
2026-07-15T07:30:00+00:00,58.98444999999997,59.08044999999997,58.85444999999997,58.94044999999997,7468
2026-07-15T07:45:00+00:00,58.94044999999997,59.085449999999966,58.88944999999997,59.01344999999997,3218
2026-07-15T08:00:00+00:00,59.01344999999997,59.186449999999965,58.91444999999997,58.933449999999965,6683
2026-07-15T08:15:00+00:00,58.933449999999965,59.13244999999997,58.93244999999997,59.13244999999997,5949
2026-07-15T08:30:00+00:00,59.13244999999997,59.21444999999997,59.09544999999997,59.17844999999997,5398
2026-07-15T08:45:00+00:00,59.17844999999997,59.27244999999997,59.16444999999997,59.22844999999997,5307
2026-07-15T09:00:00+00:00,59.22844999999997,59.40944999999997,59.195449999999965,59.19744999999997,6013
2026-07-15T09:15:00+00:00,59.19744999999997,59.27544999999997,59.16444999999997,59.19044999999997,4923
2026-07-15T09:30:00+00:00,59.19044999999997,59.24844999999997,59.15644999999997,59.18544999999997,4967
2026-07-15T09:45:00+00:00,59.18544999999997,59.19144999999997,59.07844999999997,59.12944999999997,4972
2026-07-15T10:00:00+00:00,59.12944999999997,59.16244999999997,59.046449999999965,59.09644999999997,5437
2026-07-15T10:15:00+00:00,59.09644999999997,59.16244999999997,58.77244999999997,58.91544999999997,6558
2026-07-15T10:30:00+00:00,58.91544999999997,59.03144999999997,58.869449999999965,58.93544999999997,5390
2026-07-15T10:45:00+00:00,58.93544999999997,58.93544999999997,58.79144999999997,58.84644999999997,4820
2026-07-15T11:00:00+00:00,58.84644999999997,58.893449999999966,58.70944999999997,58.753449999999965,5833
2026-07-15T11:15:00+00:00,58.753449999999965,58.93444999999997,58.69344999999997,58.83144999999997,4738
2026-07-15T11:30:00+00:00,58.83144999999997,59.20044999999997,58.78444999999997,59.01144999999997,5223
2026-07-15T11:45:00+00:00,59.01144999999997,59.04844999999997,58.921449999999965,59.02244999999997,6124
2026-07-15T12:00:00+00:00,59.02244999999997,59.070449999999965,58.88644999999997,58.933449999999965,7891
2026-07-15T12:15:00+00:00,58.933449999999965,59.08944999999997,58.65944999999997,58.74844999999997,8111
2026-07-15T12:30:00+00:00,58.74844999999997,59.381449999999965,58.74644999999997,59.19744999999997,18257
2026-07-15T12:45:00+00:00,59.19744999999997,59.59544999999997,59.15944999999997,59.497449999999965,10539
2026-07-15T13:00:00+00:00,59.497449999999965,59.80644999999997,59.33144999999997,59.35344999999997,17137
2026-07-15T13:15:00+00:00,59.35344999999997,59.40444999999997,59.10844999999997,59.183449999999965,11203
2026-07-15T13:30:00+00:00,59.183449999999965,59.390449999999966,59.17944999999997,59.22144999999997,13673
2026-07-15T13:45:00+00:00,59.22144999999997,59.33144999999997,59.01344999999997,59.19644999999997,21325
2026-07-15T14:00:00+00:00,59.19644999999997,59.32244999999997,59.15144999999997,59.235449999999965,14828
2026-07-15T14:15:00+00:00,59.235449999999965,59.30144999999997,58.97644999999997,59.06344999999997,15707
2026-07-15T14:30:00+00:00,59.06344999999997,59.14444999999997,58.91544999999997,58.936449999999965,18125
2026-07-15T14:45:00+00:00,58.936449999999965,59.07844999999997,58.82844999999997,58.97744999999997,25978
2026-07-15T15:00:00+00:00,58.97744999999997,59.18744999999997,58.42544999999997,58.46444999999997,21714
2026-07-15T15:15:00+00:00,58.46444999999997,58.61844999999997,58.31044999999997,58.552449999999965,19261
2026-07-15T15:30:00+00:00,58.552449999999965,58.643449999999966,58.46544999999997,58.62444999999997,11476
2026-07-15T15:45:00+00:00,58.62444999999997,58.683449999999965,58.500449999999965,58.500449999999965,8168
2026-07-15T16:00:00+00:00,58.500449999999965,58.55344999999997,58.33144999999997,58.35944999999997,10578
2026-07-15T16:15:00+00:00,58.35944999999997,58.44344999999997,57.82244999999997,57.85344999999997,12291
2026-07-15T16:30:00+00:00,57.85344999999997,58.01344999999997,57.46744999999997,57.552449999999965,17468
2026-07-15T16:45:00+00:00,57.552449999999965,57.963449999999966,57.53444999999997,57.73944999999997,14159
2026-07-15T17:00:00+00:00,57.73944999999997,57.875449999999965,57.70944999999997,57.805449999999965,10996
2026-07-15T17:15:00+00:00,57.805449999999965,58.16644999999997,57.72244999999997,58.14244999999997,9958
2026-07-15T17:30:00+00:00,58.14244999999997,58.51344999999997,58.13244999999997,58.48944999999997,9395
2026-07-15T17:45:00+00:00,58.48944999999997,58.60844999999997,58.448449999999966,58.524449999999966,7861
2026-07-15T18:00:00+00:00,58.524449999999966,59.049449999999965,58.50744999999997,58.957449999999966,8944
2026-07-15T18:15:00+00:00,58.957449999999966,59.13644999999997,58.884449999999966,59.07844999999997,8680
2026-07-15T18:30:00+00:00,59.07844999999997,59.26144999999997,58.86744999999997,58.872449999999965,9794
2026-07-15T18:45:00+00:00,58.872449999999965,59.012449999999966,58.698449999999966,58.750449999999965,10847
2026-07-15T19:00:00+00:00,58.750449999999965,58.90644999999997,58.71744999999997,58.86144999999997,10083
2026-07-15T19:15:00+00:00,58.86144999999997,58.86844999999997,58.65444999999997,58.69144999999997,6727
2026-07-15T19:30:00+00:00,58.69144999999997,58.747449999999965,58.46244999999997,58.52044999999997,12072
2026-07-15T19:45:00+00:00,58.52044999999997,58.72644999999997,58.49044999999997,58.60244999999997,8961
2026-07-15T20:00:00+00:00,58.60244999999997,58.637449999999966,58.54144999999997,58.57844999999997,2519
2026-07-15T20:15:00+00:00,58.57844999999997,58.66544999999997,58.57144999999997,58.65344999999997,1125
2026-07-15T20:30:00+00:00,58.65344999999997,58.79044999999997,58.625449999999965,58.67344999999997,869
2026-07-15T20:45:00+00:00,58.67344999999997,58.79544999999997,58.60844999999997,58.60944999999997,886
2026-07-15T22:00:00+00:00,58.60944999999997,58.875449999999965,58.59244999999996,58.80744999999997,1816.0818640427551
2026-07-15T22:15:00+00:00,58.80744999999997,58.83744999999997,58.77344999999997,58.83044999999997,887
2026-07-15T22:30:00+00:00,58.83044999999997,58.83044999999997,58.741449999999965,58.759449999999966,848
2026-07-15T22:45:00+00:00,58.759449999999966,58.78944999999997,58.710449999999966,58.765449999999966,1130
2026-07-15T23:00:00+00:00,58.765449999999966,58.83744999999997,58.74344999999997,58.82244999999997,1075.2733843797855
2026-07-15T23:15:00+00:00,58.82244999999997,58.82544999999997,58.75444999999997,58.802449999999965,719
2026-07-15T23:30:00+00:00,58.802449999999965,58.82244999999997,58.71244999999997,58.76344999999997,863
2026-07-15T23:45:00+00:00,58.76344999999997,58.81044999999997,58.73044999999997,58.747449999999965,1695
2026-07-16T00:00:00+00:00,58.747449999999965,58.893449999999966,58.668449999999964,58.71844999999997,5851
2026-07-16T00:15:00+00:00,58.71844999999997,58.80144999999997,58.659449999999964,58.692449999999965,4890
2026-07-16T00:30:00+00:00,58.692449999999965,58.771449999999966,58.50844999999997,58.540449999999964,5435
2026-07-16T00:45:00+00:00,58.540449999999964,58.735449999999965,58.38844999999997,58.430449999999965,6454
2026-07-16T01:00:00+00:00,58.430449999999965,58.57744999999997,58.22144999999997,58.308449999999965,17865
2026-07-16T01:15:00+00:00,58.308449999999965,58.43544999999997,57.844449999999966,57.90044999999997,9181
2026-07-16T01:30:00+00:00,57.90044999999997,58.35844999999997,57.899449999999966,58.14544999999997,9746
2026-07-16T01:45:00+00:00,58.14544999999997,58.31844999999997,57.93444999999997,58.06244999999997,8311
2026-07-16T02:00:00+00:00,58.06244999999997,58.11744999999997,57.88044999999997,57.94744999999997,7035
2026-07-16T02:15:00+00:00,57.94744999999997,58.12344999999997,57.85844999999997,58.122449999999965,4676
2026-07-16T02:30:00+00:00,58.122449999999965,58.14244999999997,57.820449999999965,57.98944999999997,8439
2026-07-16T02:45:00+00:00,57.98944999999997,58.131449999999965,57.87444999999997,58.09644999999997,6693
2026-07-16T03:00:00+00:00,58.09644999999997,58.11844999999997,57.90044999999997,57.927449999999965,5545
2026-07-16T03:15:00+00:00,57.927449999999965,58.12044999999997,57.893449999999966,58.101449999999964,4920
2026-07-16T03:30:00+00:00,58.101449999999964,58.15844999999997,58.03544999999997,58.122449999999965,3208
2026-07-16T03:45:00+00:00,58.122449999999965,58.204449999999966,58.08044999999997,58.17844999999997,1681
2026-07-16T04:00:00+00:00,58.17844999999997,58.20344999999997,58.08444999999997,58.189449999999965,2443
2026-07-16T04:15:00+00:00,58.189449999999965,58.19044999999997,58.04544999999997,58.070449999999965,2826
2026-07-16T04:30:00+00:00,58.070449999999965,58.10644999999997,57.991449999999965,58.00444999999997,2028
2026-07-16T04:45:00+00:00,58.00444999999997,58.094449999999966,58.00144999999997,58.040449999999964,2144
2026-07-16T05:00:00+00:00,58.040449999999964,58.08644999999997,57.94944999999997,58.08644999999997,3025
2026-07-16T05:15:00+00:00,58.08644999999997,58.13644999999997,57.97144999999997,57.994449999999965,3324
2026-07-16T05:30:00+00:00,57.994449999999965,58.24844999999997,57.90744999999997,58.23644999999997,10455
2026-07-16T05:45:00+00:00,58.23644999999997,58.26044999999997,58.034449999999964,58.13244999999997,8043
2026-07-16T06:00:00+00:00,58.13244999999997,58.42644999999997,58.122449999999965,58.296449999999965,8691
2026-07-16T06:15:00+00:00,58.296449999999965,58.30644999999997,58.088449999999966,58.140449999999966,7814
2026-07-16T06:30:00+00:00,58.140449999999966,58.15444999999997,57.80644999999997,57.98944999999997,9323
2026-07-16T06:45:00+00:00,57.98944999999997,58.168449999999964,57.96244999999997,58.13644999999997,4740
2026-07-16T07:00:00+00:00,58.13644999999997,58.165449999999964,57.95944999999997,57.966449999999966,4858
2026-07-16T07:15:00+00:00,57.966449999999966,57.973449999999964,57.674449999999965,57.762449999999966,5345
2026-07-16T07:30:00+00:00,57.762449999999966,57.89444999999997,57.70544999999997,57.811449999999965,4541
2026-07-16T07:45:00+00:00,57.811449999999965,57.88044999999997,57.686449999999965,57.81344999999997,4846
2026-07-16T08:00:00+00:00,57.81344999999997,57.96444999999997,57.53844999999997,57.55444999999997,6616
2026-07-16T08:15:00+00:00,57.55444999999997,57.94044999999997,57.53144999999997,57.83644999999997,5701
2026-07-16T08:30:00+00:00,57.83644999999997,57.92944999999997,57.78344999999997,57.89144999999997,5296
2026-07-16T08:45:00+00:00,57.89144999999997,58.02544999999997,57.890449999999966,58.01044999999997,2691
2026-07-16T09:00:00+00:00,58.01044999999997,58.08644999999997,57.97044999999997,58.03344999999997,3030
2026-07-16T09:15:00+00:00,58.03344999999997,58.088449999999966,57.97144999999997,58.00244999999997,2719
2026-07-16T09:30:00+00:00,58.00244999999997,58.02244999999997,57.890449999999966,57.918449999999964,3448
2026-07-16T09:45:00+00:00,57.918449999999964,58.027449999999966,57.84244999999997,57.89744999999997,2941
2026-07-16T10:00:00+00:00,57.89744999999997,57.909449999999964,57.695449999999965,57.732449999999965,2783
2026-07-16T10:15:00+00:00,57.732449999999965,57.78244999999997,57.601449999999964,57.70244999999997,3315
2026-07-16T10:30:00+00:00,57.70244999999997,57.75444999999997,57.57244999999997,57.60344999999997,3475
2026-07-16T10:45:00+00:00,57.60344999999997,57.643449999999966,57.48444999999997,57.521449999999966,3576
2026-07-16T11:00:00+00:00,57.521449999999966,57.59944999999997,57.372449999999965,57.53144999999997,5727
2026-07-16T11:15:00+00:00,57.53144999999997,57.60244999999997,57.42544999999997,57.48644999999997,4998
2026-07-16T11:30:00+00:00,57.48644999999997,57.674449999999965,57.45344999999997,57.607449999999965,5568
2026-07-16T11:45:00+00:00,57.607449999999965,57.83644999999997,57.39444999999997,57.70544999999997,10355
2026-07-16T12:00:00+00:00,57.70544999999997,57.787449999999964,57.500449999999965,57.530449999999966,7151
2026-07-16T12:15:00+00:00,57.530449999999966,57.640449999999966,57.20344999999997,57.39744999999997,11487
2026-07-16T12:30:00+00:00,57.39744999999997,57.732449999999965,56.97144999999997,57.052449999999965,14283
2026-07-16T12:45:00+00:00,57.052449999999965,57.174449999999965,56.71444999999997,56.80444999999997,17219
2026-07-16T13:00:00+00:00,56.80444999999997,56.90344999999997,56.42344999999997,56.84344999999997,18728
2026-07-16T13:15:00+00:00,56.84344999999997,57.32544999999997,56.826449999999966,57.29244999999997,9360
2026-07-16T13:30:00+00:00,57.29244999999997,57.38344999999997,56.64844999999997,56.65444999999997,15348
2026-07-16T13:45:00+00:00,56.65444999999997,56.89444999999997,56.59944999999997,56.68844999999997,18422
2026-07-16T14:00:00+00:00,56.68844999999997,56.90744999999997,56.61244999999997,56.68744999999997,18576
2026-07-16T14:15:00+00:00,56.68744999999997,57.09344999999997,56.62744999999997,57.049449999999965,15149
2026-07-16T14:30:00+00:00,57.049449999999965,57.229449999999964,56.939449999999965,57.229449999999964,13947
2026-07-16T14:45:00+00:00,57.229449999999964,57.27544999999997,56.951449999999966,57.09344999999997,11451
2026-07-16T15:00:00+00:00,57.09344999999997,57.15644999999997,56.93544999999997,56.997449999999965,10376
2026-07-16T15:15:00+00:00,56.997449999999965,57.48344999999997,56.97844999999997,57.34644999999997,12817
2026-07-16T15:30:00+00:00,57.34644999999997,57.47444999999997,57.241449999999965,57.354449999999964,13422
2026-07-16T15:45:00+00:00,57.354449999999964,57.57844999999997,57.241449999999965,57.26444999999997,11984
2026-07-16T16:00:00+00:00,57.26444999999997,57.27644999999997,56.91744999999997,56.91744999999997,12609
2026-07-16T16:15:00+00:00,56.91744999999997,56.960449999999966,56.777449999999966,56.94144999999997,13855
2026-07-16T16:30:00+00:00,56.94144999999997,57.04844999999997,56.881449999999965,57.003449999999965,7596
2026-07-16T16:45:00+00:00,57.003449999999965,57.143449999999966,56.915449999999964,57.027449999999966,5769
2026-07-16T17:00:00+00:00,57.027449999999966,57.08344999999997,56.83044999999997,56.848449999999964,6262
2026-07-16T17:15:00+00:00,56.848449999999964,56.960449999999966,56.732449999999965,56.79444999999997,8146
2026-07-16T17:30:00+00:00,56.79444999999997,56.80144999999997,56.57444999999997,56.62044999999997,7267
2026-07-16T17:45:00+00:00,56.62044999999997,56.765449999999966,56.59744999999997,56.66944999999997,5400
2026-07-16T18:00:00+00:00,56.66944999999997,56.79744999999997,56.63344999999997,56.70944999999997,5976
2026-07-16T18:15:00+00:00,56.70944999999997,56.89744999999997,56.671449999999965,56.69644999999997,6313
2026-07-16T18:30:00+00:00,56.69644999999997,56.69644999999997,56.30144999999997,56.527449999999966,8009
2026-07-16T18:45:00+00:00,56.527449999999966,56.61744999999997,56.46544999999997,56.51944999999997,4708
2026-07-16T19:00:00+00:00,56.51944999999997,56.67044999999997,56.48944999999997,56.537449999999964,6363
2026-07-16T19:15:00+00:00,56.537449999999964,56.67344999999997,56.51044999999997,56.521449999999966,4547
2026-07-16T19:30:00+00:00,56.521449999999966,56.55744999999997,56.335449999999966,56.45644999999997,6567
2026-07-16T19:45:00+00:00,56.45644999999997,56.723449999999964,56.402449999999966,56.70944999999997,6794
2026-07-16T20:00:00+00:00,56.70944999999997,56.71444999999997,56.49944999999997,56.50844999999997,2530
2026-07-16T20:15:00+00:00,56.50844999999997,56.558449999999965,56.47244999999997,56.49644999999997,1746
2026-07-16T20:30:00+00:00,56.49644999999997,56.64244999999997,56.44044999999997,56.48444999999997,1534
2026-07-16T20:45:00+00:00,56.48444999999997,56.534449999999964,56.37944999999997,56.460449999999966,1698
2026-07-16T22:00:00+00:00,56.460449999999966,56.80444999999997,56.460449999999966,56.68644999999997,1602.526048515076
2026-07-16T22:15:00+00:00,56.68644999999997,56.86344999999997,56.64844999999997,56.69344999999997,952
2026-07-16T22:30:00+00:00,56.69344999999997,56.70844999999997,56.62244999999997,56.62744999999997,743
2026-07-16T22:45:00+00:00,56.62744999999997,56.69844999999997,56.59544999999997,56.69544999999997,761
2026-07-16T23:00:00+00:00,56.69544999999997,56.73644999999997,56.63744999999997,56.70544999999997,1105
2026-07-16T23:15:00+00:00,56.70544999999997,56.713449999999966,56.64244999999997,56.69144999999997,644
2026-07-16T23:30:00+00:00,56.69144999999997,56.72344999999997,56.61244999999997,56.66944999999997,1092
2026-07-16T23:45:00+00:00,56.66944999999997,56.74144999999997,56.54944999999997,56.72344999999997,2523
2026-07-17T00:00:00+00:00,56.72344999999997,56.75244999999997,56.59744999999997,56.61244999999997,7550
2026-07-17T00:15:00+00:00,56.61244999999997,56.80944999999997,56.58044999999997,56.60444999999997,6092
2026-07-17T00:30:00+00:00,56.60444999999997,56.63244999999997,56.50144999999997,56.53744999999997,4177
2026-07-17T00:45:00+00:00,56.53744999999997,56.93544999999997,56.51344999999997,56.90444999999997,6250
2026-07-17T01:00:00+00:00,56.90444999999997,56.92544999999997,56.68244999999997,56.79044999999997,14397
2026-07-17T01:15:00+00:00,56.79044999999997,56.86844999999997,56.56944999999997,56.68644999999997,8130
2026-07-17T01:30:00+00:00,56.68644999999997,56.70944999999997,56.524449999999966,56.55744999999997,10513
2026-07-17T01:45:00+00:00,56.55744999999997,56.59344999999997,56.19144999999997,56.36244999999997,11035
2026-07-17T02:00:00+00:00,56.36244999999997,56.44644999999997,56.21744999999997,56.35244999999997,9557
2026-07-17T02:15:00+00:00,56.35244999999997,56.46444999999997,56.33044999999997,56.35544999999997,3997
2026-07-17T02:30:00+00:00,56.35544999999997,56.36144999999997,55.96844999999997,55.99144999999997,9095
2026-07-17T02:45:00+00:00,55.99144999999997,56.10644999999997,55.91444999999997,56.07444999999997,7171
2026-07-17T03:00:00+00:00,56.07444999999997,56.48744999999997,56.07344999999997,56.39144999999997,7129
2026-07-17T03:15:00+00:00,56.39144999999997,56.91544999999997,56.39144999999997,56.777449999999966,9638
2026-07-17T03:30:00+00:00,56.777449999999966,56.78944999999997,56.68244999999997,56.76044999999997,3401
2026-07-17T03:45:00+00:00,56.76044999999997,56.81244999999997,56.52244999999997,56.54644999999997,4519
2026-07-17T04:00:00+00:00,56.54644999999997,56.57244999999997,56.46144999999997,56.49144999999997,4296
2026-07-17T04:15:00+00:00,56.49144999999997,56.55944999999997,56.40944999999997,56.43244999999997,3565
2026-07-17T04:30:00+00:00,56.43244999999997,56.45444999999997,56.24944999999997,56.35144999999997,3788
2026-07-17T04:45:00+00:00,56.35144999999997,56.42044999999997,56.34044999999997,56.35544999999997,2617
2026-07-17T05:00:00+00:00,56.35544999999997,56.37944999999997,56.24644999999997,56.30344999999997,4287
2026-07-17T05:15:00+00:00,56.30344999999997,56.338449999999966,56.13044999999997,56.14044999999997,5349
2026-07-17T05:30:00+00:00,56.14044999999997,56.54644999999997,56.07844999999997,56.45244999999997,12132
2026-07-17T05:45:00+00:00,56.45244999999997,56.71544999999997,56.277449999999966,56.61344999999997,11231
2026-07-17T06:00:00+00:00,56.61344999999997,57.15044999999997,56.59944999999997,57.09944999999997,10400
2026-07-17T06:15:00+00:00,57.09944999999997,57.10544999999997,56.93644999999997,56.98844999999997,8018
2026-07-17T06:30:00+00:00,56.98844999999997,57.05944999999997,56.67144999999997,56.67144999999997,7640
2026-07-17T06:45:00+00:00,56.67144999999997,56.79444999999997,56.646449999999966,56.66144999999997,7189
2026-07-17T07:00:00+00:00,56.66144999999997,56.73544999999997,56.52644999999997,56.64544999999997,7697
2026-07-17T07:15:00+00:00,56.64544999999997,56.73144999999997,56.54944999999997,56.63544999999997,4756
2026-07-17T07:30:00+00:00,56.63544999999997,56.75744999999997,56.60944999999997,56.75544999999997,4804
2026-07-17T07:45:00+00:00,56.75544999999997,56.75944999999997,56.57144999999997,56.582449999999966,3805
2026-07-17T08:00:00+00:00,56.582449999999966,56.81744999999997,56.51744999999997,56.57144999999997,7132
2026-07-17T08:15:00+00:00,56.57144999999997,56.61844999999997,56.40644999999997,56.52844999999997,8060
2026-07-17T08:30:00+00:00,56.52844999999997,56.594449999999966,56.35444999999997,56.594449999999966,7605
2026-07-17T08:45:00+00:00,56.594449999999966,56.72744999999997,56.56644999999997,56.61044999999997,4301
2026-07-17T09:00:00+00:00,56.61044999999997,56.78144999999997,56.60044999999997,56.76544999999997,4295
2026-07-17T09:15:00+00:00,56.76544999999997,56.87544999999997,56.71144999999997,56.79844999999997,4646
2026-07-17T09:30:00+00:00,56.79844999999997,56.81744999999997,56.61544999999997,56.67644999999997,3593
2026-07-17T09:45:00+00:00,56.67644999999997,56.73644999999997,56.66144999999997,56.71744999999997,3106
2026-07-17T10:00:00+00:00,56.71744999999997,56.71844999999997,56.58644999999997,56.66944999999997,4009
2026-07-17T10:15:00+00:00,56.66944999999997,56.67644999999997,56.530449999999966,56.61044999999997,3706
2026-07-17T10:30:00+00:00,56.61044999999997,56.73244999999997,56.56344999999997,56.60844999999997,2834
2026-07-17T10:45:00+00:00,56.60844999999997,56.66444999999997,56.41944999999997,56.42044999999997,3280
2026-07-17T11:00:00+00:00,56.42044999999997,56.521449999999966,56.40044999999997,56.47444999999997,4827
2026-07-17T11:15:00+00:00,56.47444999999997,56.62944999999997,56.402449999999966,56.59844999999997,3870
2026-07-17T11:30:00+00:00,56.59844999999997,56.61344999999997,56.49244999999997,56.50944999999997,4065
2026-07-17T11:45:00+00:00,56.50944999999997,56.71844999999997,56.49544999999997,56.57044999999997,4077
2026-07-17T12:00:00+00:00,56.57044999999997,56.60744999999997,56.34044999999997,56.47044999999997,5981
2026-07-17T12:15:00+00:00,56.47044999999997,56.51244999999997,56.32044999999997,56.46544999999997,6348
2026-07-17T12:30:00+00:00,56.46544999999997,56.53144999999997,56.14844999999997,56.27944999999997,7609
2026-07-17T12:45:00+00:00,56.27944999999997,56.457449999999966,56.13744999999997,56.22144999999997,9468
2026-07-17T13:00:00+00:00,56.22144999999997,56.44044999999997,56.12344999999997,56.20544999999997,18226
2026-07-17T13:15:00+00:00,56.20544999999997,56.30344999999997,56.06244999999997,56.10944999999997,13456
2026-07-17T13:30:00+00:00,56.10944999999997,56.51544999999997,56.01544999999997,56.28744999999997,27528
2026-07-17T13:45:00+00:00,56.28744999999997,56.95344999999997,56.18544999999997,56.94044999999997,24079
2026-07-17T14:00:00+00:00,56.94044999999997,57.03744999999997,56.79544999999997,56.82144999999997,33786
2026-07-17T14:15:00+00:00,56.82144999999997,57.13744999999997,56.81144999999997,56.98244999999997,26298
2026-07-17T14:30:00+00:00,56.98244999999997,56.99144999999997,56.73644999999997,56.78444999999997,19055
2026-07-17T14:45:00+00:00,56.78444999999997,56.85944999999997,56.67544999999997,56.84744999999997,21496
2026-07-17T15:00:00+00:00,56.84744999999997,57.16244999999997,56.78244999999997,56.97344999999997,18118
2026-07-17T15:15:00+00:00,56.97344999999997,57.09744999999997,56.88244999999997,57.09744999999997,15465
2026-07-17T15:30:00+00:00,57.09744999999997,57.36644999999997,56.99244999999997,57.17344999999997,14361
2026-07-17T15:45:00+00:00,57.17344999999997,57.48144999999997,57.13544999999997,57.23844999999997,14094
2026-07-17T16:00:00+00:00,57.23844999999997,57.23844999999997,57.030449999999966,57.17344999999997,12799
2026-07-17T16:15:00+00:00,57.17344999999997,57.24644999999997,57.12044999999997,57.19444999999997,10766
2026-07-17T16:30:00+00:00,57.19444999999997,57.21744999999997,57.05544999999997,57.16744999999997,8424
2026-07-17T16:45:00+00:00,57.16744999999997,57.24944999999997,57.13044999999997,57.15744999999997,7226
2026-07-17T17:00:00+00:00,57.15744999999997,57.34044999999997,57.15744999999997,57.23144999999997,7051
2026-07-17T17:15:00+00:00,57.23144999999997,57.28544999999997,57.19944999999997,57.21444999999997,6492
2026-07-17T17:30:00+00:00,57.21444999999997,57.22844999999997,57.03244999999997,57.04744999999997,6330
2026-07-17T17:45:00+00:00,57.04744999999997,57.16444999999997,57.04244999999997,57.08744999999997,5484
2026-07-17T18:00:00+00:00,57.08744999999997,57.21544999999997,57.03244999999997,57.20644999999997,6044
2026-07-17T18:15:00+00:00,57.20644999999997,57.34044999999997,57.14144999999997,57.32144999999997,6472
2026-07-17T18:30:00+00:00,57.32144999999997,57.34044999999997,57.08444999999997,57.10544999999997,4780
2026-07-17T18:45:00+00:00,57.10544999999997,57.30244999999997,57.09944999999997,57.27544999999997,4313
2026-07-17T19:00:00+00:00,57.27544999999997,57.28244999999997,57.09344999999997,57.11444999999997,4479
2026-07-17T19:15:00+00:00,57.11444999999997,57.213449999999966,57.01244999999997,57.06144999999997,5308
2026-07-17T19:30:00+00:00,57.06144999999997,57.28844999999997,57.05944999999997,57.28444999999997,5394
2026-07-17T19:45:00+00:00,57.28444999999997,57.34644999999997,57.26544999999997,57.30844999999997,5976
2026-07-17T20:00:00+00:00,57.30844999999997,57.341449999999966,57.20244999999997,57.20544999999997,2499
2026-07-17T20:15:00+00:00,57.20544999999997,57.22144999999997,57.03944999999997,57.082449999999966,2970
2026-07-17T20:30:00+00:00,57.082449999999966,57.08344999999997,56.98644999999997,57.00544999999997,2892
2026-07-19T22:00:00+00:00,57.00544999999997,57.10944999999997,56.664449999999974,56.743449999999974,4230.707493040959
2026-07-19T22:15:00+00:00,56.743449999999974,56.813449999999975,56.63144999999997,56.636449999999975,3534
2026-07-19T22:30:00+00:00,56.636449999999975,56.99844999999997,56.61944999999997,56.901449999999976,3482
2026-07-19T22:45:00+00:00,56.901449999999976,56.94544999999997,56.82744999999997,56.82744999999997,1633
2026-07-19T23:00:00+00:00,56.82744999999997,56.92444999999997,56.76044999999997,56.822449999999975,2652
2026-07-19T23:15:00+00:00,56.822449999999975,56.86644999999997,56.76644999999997,56.82744999999997,1358
2026-07-19T23:30:00+00:00,56.82744999999997,56.90944999999997,56.782449999999976,56.87244999999997,1491
2026-07-19T23:45:00+00:00,56.87244999999997,57.00744999999997,56.77744999999997,57.00744999999997,7192
2026-07-20T00:00:00+00:00,57.00744999999997,57.25144999999997,56.724449999999976,57.21644999999997,13346
2026-07-20T00:15:00+00:00,57.21644999999997,57.679449999999974,57.18944999999997,57.57744999999997,12949
2026-07-20T00:30:00+00:00,57.57744999999997,57.584449999999975,57.410449999999976,57.578449999999975,10954
2026-07-20T00:45:00+00:00,57.578449999999975,57.785449999999976,57.42444999999997,57.71344999999997,10036
2026-07-20T01:00:00+00:00,57.71344999999997,57.977449999999976,57.51044999999997,57.59544999999997,20507
2026-07-20T01:15:00+00:00,57.59544999999997,57.61444999999997,57.47944999999997,57.581449999999975,10907
2026-07-20T01:30:00+00:00,57.581449999999975,57.661449999999974,57.46444999999997,57.496449999999975,11207
2026-07-20T01:45:00+00:00,57.496449999999975,57.81144999999997,57.49144999999997,57.75644999999997,10707
2026-07-20T02:00:00+00:00,57.75644999999997,58.03144999999997,57.71444999999997,57.89144999999997,12467
2026-07-20T02:15:00+00:00,57.89144999999997,57.908449999999974,57.77744999999997,57.81144999999997,4917
2026-07-20T02:30:00+00:00,57.81144999999997,58.12944999999997,57.724449999999976,58.078449999999975,11438
2026-07-20T02:45:00+00:00,58.078449999999975,58.45244999999997,58.066449999999975,58.301449999999974,8724
2026-07-20T03:00:00+00:00,58.301449999999974,58.36644999999997,58.18744999999997,58.34544999999997,7819
2026-07-20T03:15:00+00:00,58.34544999999997,58.475449999999974,58.246449999999975,58.276449999999976,9078
2026-07-20T03:30:00+00:00,58.276449999999976,58.471449999999976,58.203449999999975,58.33544999999997,6614
2026-07-20T03:45:00+00:00,58.33544999999997,58.462449999999976,58.099449999999976,58.14944999999997,3906
2026-07-20T04:00:00+00:00,58.14944999999997,58.31244999999997,58.01844999999997,58.026449999999976,4815
2026-07-20T04:15:00+00:00,58.026449999999976,58.21044999999997,57.978449999999974,58.07744999999997,3685
2026-07-20T04:30:00+00:00,58.07744999999997,58.25944999999997,58.02544999999997,58.142449999999975,3214
2026-07-20T04:45:00+00:00,58.142449999999975,58.142449999999975,57.974449999999976,58.005449999999975,3589
2026-07-20T05:00:00+00:00,58.005449999999975,58.05844999999997,57.81544999999997,57.89744999999997,4363
2026-07-20T05:15:00+00:00,57.89744999999997,57.92144999999997,57.72044999999997,57.73844999999997,4173
2026-07-20T05:30:00+00:00,57.73844999999997,57.94344999999997,57.62944999999997,57.64944999999997,14314
2026-07-20T05:45:00+00:00,57.64944999999997,57.718449999999976,57.57644999999997,57.61444999999997,11564
2026-07-20T06:00:00+00:00,57.61444999999997,57.80044999999997,57.61444999999997,57.64744999999997,7211
2026-07-20T06:15:00+00:00,57.64744999999997,57.80244999999997,57.63544999999997,57.70444999999997,5382
2026-07-20T06:30:00+00:00,57.70444999999997,57.82444999999997,57.58644999999997,57.59144999999997,5329
2026-07-20T06:45:00+00:00,57.59144999999997,57.697449999999975,57.52244999999997,57.542449999999974,5577
2026-07-20T07:00:00+00:00,57.542449999999974,57.673449999999974,57.47944999999997,57.55044999999997,5261
2026-07-20T07:15:00+00:00,57.55044999999997,57.76544999999997,57.490449999999974,57.761449999999975,5424
2026-07-20T07:30:00+00:00,57.761449999999975,58.09544999999997,57.75144999999997,58.054449999999974,8477
2026-07-20T07:45:00+00:00,58.054449999999974,58.142449999999975,57.977449999999976,58.12044999999997,5890
2026-07-20T08:00:00+00:00,58.12044999999997,58.291449999999976,58.069449999999975,58.20144999999997,5612
2026-07-20T08:15:00+00:00,58.20144999999997,58.307449999999974,58.15344999999997,58.15644999999997,5613
2026-07-20T08:30:00+00:00,58.15644999999997,58.164449999999974,58.06844999999997,58.07644999999997,4576
2026-07-20T08:45:00+00:00,58.07644999999997,58.08844999999997,57.89944999999997,57.926449999999974,4723
2026-07-20T09:00:00+00:00,57.926449999999974,57.978449999999974,57.849449999999976,57.886449999999975,4159
2026-07-20T09:15:00+00:00,57.886449999999975,57.971449999999976,57.807449999999974,57.81544999999997,3314
2026-07-20T09:30:00+00:00,57.81544999999997,58.02844999999997,57.804449999999974,57.98944999999997,3984
2026-07-20T09:45:00+00:00,57.98944999999997,58.206449999999975,57.94944999999997,58.10844999999997,4045
2026-07-20T10:00:00+00:00,58.10844999999997,58.10844999999997,57.96644999999997,57.99744999999997,2777
2026-07-20T10:15:00+00:00,57.99744999999997,58.051449999999974,57.94844999999997,57.999449999999975,2785
2026-07-20T10:30:00+00:00,57.999449999999975,58.072449999999975,57.96444999999997,58.005449999999975,3273
2026-07-20T10:45:00+00:00,58.005449999999975,58.020449999999975,57.914449999999974,57.93144999999997,3162
2026-07-20T11:00:00+00:00,57.93144999999997,58.11744999999997,57.91844999999997,58.02444999999997,5879
2026-07-20T11:15:00+00:00,58.02444999999997,58.07944999999997,57.96344999999997,58.04744999999997,4078
2026-07-20T11:30:00+00:00,58.04744999999997,58.58044999999997,58.03444999999997,58.328449999999975,16803
2026-07-20T11:45:00+00:00,58.328449999999975,58.328449999999975,58.12644999999997,58.19844999999997,6944
2026-07-20T12:00:00+00:00,58.19844999999997,58.20544999999997,57.789449999999974,57.822449999999975,10862
2026-07-20T12:15:00+00:00,57.822449999999975,57.965449999999976,57.74244999999997,57.96444999999997,7379
2026-07-20T12:30:00+00:00,57.96444999999997,58.06244999999997,57.84844999999997,57.90544999999997,6650
2026-07-20T12:45:00+00:00,57.90544999999997,57.987449999999974,57.846449999999976,57.85844999999997,6069
2026-07-20T13:00:00+00:00,57.85844999999997,58.035449999999976,57.80844999999997,57.944449999999975,12575
2026-07-20T13:15:00+00:00,57.944449999999975,58.05344999999997,57.74444999999997,57.76844999999997,10476
2026-07-20T13:30:00+00:00,57.76844999999997,58.16844999999997,57.75644999999997,58.054449999999974,18215
2026-07-20T13:45:00+00:00,58.054449999999974,58.148449999999976,57.86944999999997,57.87544999999997,12878
2026-07-20T14:00:00+00:00,57.87544999999997,57.91544999999997,57.627449999999975,57.639449999999975,14099
2026-07-20T14:15:00+00:00,57.639449999999975,57.889449999999975,57.49544999999997,57.87944999999997,12133
2026-07-20T14:30:00+00:00,57.87944999999997,58.096449999999976,57.843449999999976,57.93144999999997,10570
2026-07-20T14:45:00+00:00,57.93144999999997,58.13244999999997,57.82744999999997,57.86644999999997,9485
2026-07-20T15:00:00+00:00,57.86644999999997,58.285449999999976,57.786449999999974,58.10744999999997,14200
2026-07-20T15:15:00+00:00,58.10744999999997,58.16544999999997,57.98944999999997,58.16244999999997,7101
2026-07-20T15:30:00+00:00,58.16244999999997,58.19044999999997,58.01544999999997,58.11344999999997,9886
2026-07-20T15:45:00+00:00,58.11344999999997,58.19044999999997,58.03144999999997,58.042449999999974,5747
2026-07-20T16:00:00+00:00,58.042449999999974,58.279449999999976,58.033449999999974,58.18144999999997,6957
2026-07-20T16:15:00+00:00,58.18144999999997,58.215449999999976,58.06844999999997,58.100449999999974,7658
2026-07-20T16:30:00+00:00,58.100449999999974,58.124449999999975,57.68444999999997,57.90044999999997,8761
2026-07-20T16:45:00+00:00,57.90044999999997,57.96344999999997,57.81444999999997,57.93044999999997,5409
2026-07-20T17:00:00+00:00,57.93044999999997,58.078449999999975,57.923449999999974,57.98544999999997,5035
2026-07-20T17:15:00+00:00,57.98544999999997,58.011449999999975,57.87244999999997,57.96744999999997,7523
2026-07-20T17:30:00+00:00,57.96744999999997,57.981449999999974,57.83944999999997,57.87044999999997,9044
2026-07-20T17:45:00+00:00,57.87044999999997,57.89644999999997,57.74444999999997,57.871449999999975,8591
2026-07-20T18:00:00+00:00,57.871449999999975,57.932449999999974,57.859449999999974,57.904449999999976,4381
2026-07-20T18:15:00+00:00,57.904449999999976,57.971449999999976,57.71644999999997,57.789449999999974,8762
2026-07-20T18:30:00+00:00,57.789449999999974,57.789449999999974,57.62544999999997,57.62544999999997,8776
2026-07-20T18:45:00+00:00,57.62544999999997,57.80544999999997,57.59844999999997,57.69344999999997,6448
2026-07-20T19:00:00+00:00,57.69344999999997,57.71344999999997,57.529449999999976,57.542449999999974,4854
2026-07-20T19:15:00+00:00,57.542449999999974,57.82444999999997,57.53044999999997,57.82444999999997,4955
2026-07-20T19:30:00+00:00,57.82444999999997,57.90644999999997,57.56544999999997,57.569449999999975,7520
2026-07-20T19:45:00+00:00,57.569449999999975,57.740449999999974,57.47344999999997,57.514449999999975,4306
2026-07-20T20:00:00+00:00,57.514449999999975,57.58044999999997,57.471449999999976,57.48244999999997,1585
2026-07-20T20:15:00+00:00,57.48244999999997,57.53044999999997,57.47644999999997,57.50944999999997,594
2026-07-20T20:30:00+00:00,57.50944999999997,57.557449999999974,57.50044999999997,57.532449999999976,582
2026-07-20T20:45:00+00:00,57.532449999999976,57.548449999999974,57.477449999999976,57.48644999999997,812
2026-07-20T22:00:00+00:00,57.48644999999997,57.61244999999997,57.48644999999997,57.52844999999997,1159.6927151623222
2026-07-20T22:15:00+00:00,57.52844999999997,57.52844999999997,57.44944999999997,57.49444999999997,1271
2026-07-20T22:30:00+00:00,57.49444999999997,57.50644999999997,57.36644999999997,57.40144999999997,1443
2026-07-20T22:45:00+00:00,57.40144999999997,57.51044999999997,57.27044999999997,57.32944999999997,3277
2026-07-20T23:00:00+00:00,57.32944999999997,57.55844999999997,57.32444999999997,57.42344999999997,2118
2026-07-20T23:15:00+00:00,57.42344999999997,57.49744999999997,57.42344999999997,57.45144999999997,1301
2026-07-20T23:30:00+00:00,57.45144999999997,57.51144999999997,57.42144999999997,57.45544999999997,1129
2026-07-20T23:45:00+00:00,57.45544999999997,57.53444999999997,57.41444999999997,57.51444999999997,1605
2026-07-21T00:00:00+00:00,57.51444999999997,57.59944999999997,57.35144999999997,57.55844999999997,15981
2026-07-21T00:15:00+00:00,57.55844999999997,57.85244999999997,57.46344999999997,57.69944999999997,11038
2026-07-21T00:30:00+00:00,57.69944999999997,57.99144999999997,57.658449999999974,57.86344999999997,9855
2026-07-21T00:45:00+00:00,57.86344999999997,58.08144999999997,57.84144999999997,58.06144999999997,9280
2026-07-21T01:00:00+00:00,58.06144999999997,58.34244999999997,57.96444999999997,58.28744999999997,18134
2026-07-21T01:15:00+00:00,58.28744999999997,58.37344999999997,58.07344999999997,58.10044999999997,13706
2026-07-21T01:30:00+00:00,58.10044999999997,58.23344999999997,58.00744999999997,58.04544999999997,11872
2026-07-21T01:45:00+00:00,58.04544999999997,58.27744999999997,58.00644999999997,58.07144999999997,11614
2026-07-21T02:00:00+00:00,58.07144999999997,58.12444999999997,57.97144999999997,58.03244999999997,11063
2026-07-21T02:15:00+00:00,58.03244999999997,58.33444999999997,57.96844999999997,58.18544999999997,8746
2026-07-21T02:30:00+00:00,58.18544999999997,58.99244999999997,58.14244999999997,58.81244999999997,17382
2026-07-21T02:45:00+00:00,58.81244999999997,58.81944999999997,58.52444999999997,58.73244999999997,8242
2026-07-21T03:00:00+00:00,58.73244999999997,59.01244999999997,58.70644999999997,58.76844999999997,8470
2026-07-21T03:15:00+00:00,58.76844999999997,59.01544999999997,58.74944999999997,58.91244999999997,8747
2026-07-21T03:30:00+00:00,58.91244999999997,59.00544999999997,58.80344999999997,58.82044999999997,4871
2026-07-21T03:45:00+00:00,58.82044999999997,59.01244999999997,58.82044999999997,58.98244999999997,5174
2026-07-21T04:00:00+00:00,58.98244999999997,59.07144999999997,58.96444999999997,59.00644999999997,4355
2026-07-21T04:15:00+00:00,59.00644999999997,59.07344999999997,58.88444999999997,58.91044999999997,4287
2026-07-21T04:30:00+00:00,58.91044999999997,59.02844999999997,58.89344999999997,58.98844999999997,3808
2026-07-21T04:45:00+00:00,58.98844999999997,59.06044999999997,58.96444999999997,59.03744999999997,3416
2026-07-21T05:00:00+00:00,59.03744999999997,59.18344999999997,58.98944999999997,59.08144999999997,4470
2026-07-21T05:15:00+00:00,59.08144999999997,59.19844999999997,58.99244999999997,59.161449999999974,5080
2026-07-21T05:30:00+00:00,59.161449999999974,59.35844999999997,59.11644999999997,59.30444999999997,9449
2026-07-21T05:45:00+00:00,59.30444999999997,59.32844999999997,59.19344999999997,59.24644999999997,8688
2026-07-21T06:00:00+00:00,59.24644999999997,59.69244999999997,59.23644999999997,59.62244999999997,9703
2026-07-21T06:15:00+00:00,59.62244999999997,59.82344999999997,59.59544999999997,59.72744999999997,8883
2026-07-21T06:30:00+00:00,59.72744999999997,60.11944999999997,59.70744999999997,59.91744999999997,7928
2026-07-21T06:45:00+00:00,59.91744999999997,60.11044999999997,59.90944999999997,60.02944999999997,8789
2026-07-21T07:00:00+00:00,60.02944999999997,60.09344999999997,59.95444999999997,60.01244999999997,7340
2026-07-21T07:15:00+00:00,60.01244999999997,60.08244999999997,59.96744999999997,60.06544999999997,4829
2026-07-21T07:30:00+00:00,60.06544999999997,60.25044999999997,60.02044999999997,60.20244999999997,5443
2026-07-21T07:45:00+00:00,60.20244999999997,60.31344999999997,60.11844999999997,60.29744999999997,4722
2026-07-21T08:00:00+00:00,60.29744999999997,60.35144999999997,60.15944999999997,60.21744999999997,6326
2026-07-21T08:15:00+00:00,60.21744999999997,60.24144999999997,60.10044999999997,60.13444999999997,4456
2026-07-21T08:30:00+00:00,60.13444999999997,60.18944999999997,60.05144999999997,60.16344999999997,3668
2026-07-21T08:45:00+00:00,60.16344999999997,60.21944999999997,60.05944999999997,60.12344999999997,4047
2026-07-21T09:00:00+00:00,60.12344999999997,60.36244999999997,60.12344999999997,60.26944999999997,4530
2026-07-21T09:15:00+00:00,60.26944999999997,60.40544999999997,60.26344999999997,60.30244999999997,4635
2026-07-21T09:30:00+00:00,60.30244999999997,60.34244999999997,60.23344999999997,60.24244999999997,4276
2026-07-21T09:45:00+00:00,60.24244999999997,60.36744999999997,60.222449999999974,60.23644999999997,4648
2026-07-21T10:00:00+00:00,60.23644999999997,60.35644999999997,60.12444999999997,60.24444999999997,8197
2026-07-21T10:15:00+00:00,60.24444999999997,60.34244999999997,60.18944999999997,60.20644999999997,4526
2026-07-21T10:30:00+00:00,60.20644999999997,60.32344999999997,60.20144999999997,60.21744999999997,3968
2026-07-21T10:45:00+00:00,60.21744999999997,60.23244999999997,60.03244999999997,60.05844999999997,4064
2026-07-21T11:00:00+00:00,60.05844999999997,60.08744999999997,59.83444999999997,60.06944999999997,5746
2026-07-21T11:15:00+00:00,60.06944999999997,60.08244999999997,59.95744999999997,59.97644999999997,4376
2026-07-21T11:30:00+00:00,59.97644999999997,60.05844999999997,59.89544999999997,59.92544999999997,5087
2026-07-21T11:45:00+00:00,59.92544999999997,60.04444999999997,59.89344999999997,59.99244999999997,3726
2026-07-21T12:00:00+00:00,59.99244999999997,60.25244999999997,59.99244999999997,60.07844999999997,5764
2026-07-21T12:15:00+00:00,60.07844999999997,60.31244999999997,59.97044999999997,60.24344999999997,8329
2026-07-21T12:30:00+00:00,60.24344999999997,60.29444999999997,60.03444999999997,60.09144999999997,8630
2026-07-21T12:45:00+00:00,60.09144999999997,60.35144999999997,60.05544999999997,60.05844999999997,7146
2026-07-21T13:00:00+00:00,60.05844999999997,60.19144999999997,59.93744999999997,60.03844999999997,16516
2026-07-21T13:15:00+00:00,60.03844999999997,60.06344999999997,59.61044999999997,59.62144999999997,11986
2026-07-21T13:30:00+00:00,59.62144999999997,59.77444999999997,59.41244999999997,59.47944999999997,21086
2026-07-21T13:45:00+00:00,59.47944999999997,59.69744999999997,59.408449999999974,59.59444999999997,16905
2026-07-21T14:00:00+00:00,59.59444999999997,60.04344999999997,59.59444999999997,60.01744999999997,15752
2026-07-21T14:15:00+00:00,60.01744999999997,60.19244999999997,59.91044999999997,60.15944999999997,17138
2026-07-21T14:30:00+00:00,60.15944999999997,60.26844999999997,59.94144999999997,60.13644999999997,14546
2026-07-21T14:45:00+00:00,60.13644999999997,60.29844999999997,60.06444999999997,60.10644999999997,15046
2026-07-21T15:00:00+00:00,60.10644999999997,60.27544999999997,59.98744999999997,60.22844999999997,12207
2026-07-21T15:15:00+00:00,60.22844999999997,60.36544999999997,60.22144999999997,60.27244999999997,10403
2026-07-21T15:30:00+00:00,60.27244999999997,60.33244999999997,60.06644999999997,60.08644999999997,10738
2026-07-21T15:45:00+00:00,60.08644999999997,60.16744999999997,60.03844999999997,60.10744999999997,5305
2026-07-21T16:00:00+00:00,60.10744999999997,60.26644999999997,60.07944999999997,60.25044999999997,2865
2026-07-21T16:15:00+00:00,60.25044999999997,60.25544999999997,60.158449999999974,60.19644999999997,2605
2026-07-21T16:30:00+00:00,60.19644999999997,60.21044999999997,60.05244999999997,60.06744999999997,5176
2026-07-21T16:45:00+00:00,60.06744999999997,60.06744999999997,59.94544999999997,59.99044999999997,3353
2026-07-21T17:00:00+00:00,59.99044999999997,60.02844999999997,59.91644999999997,59.96344999999997,3386
2026-07-21T17:15:00+00:00,59.96344999999997,60.03444999999997,59.86244999999997,60.03444999999997,6302
2026-07-21T17:30:00+00:00,60.03444999999997,60.05644999999997,59.86344999999997,59.87944999999997,2983
2026-07-21T17:45:00+00:00,59.87944999999997,59.90544999999997,59.84544999999997,59.90344999999997,2627
2026-07-21T18:00:00+00:00,59.90344999999997,59.972449999999974,59.86944999999997,59.93644999999997,5359
2026-07-21T18:15:00+00:00,59.93644999999997,60.17244999999997,59.91944999999997,60.09644999999997,7713
2026-07-21T18:30:00+00:00,60.09644999999997,60.16244999999997,60.06444999999997,60.09044999999997,2889
2026-07-21T18:45:00+00:00,60.09044999999997,60.097449999999974,59.99944999999997,60.03544999999997,3405
2026-07-21T19:00:00+00:00,60.03544999999997,60.09144999999997,59.91744999999997,59.92044999999997,4378
2026-07-21T19:15:00+00:00,59.92044999999997,60.00744999999997,59.92044999999997,59.95344999999997,3482
2026-07-21T19:30:00+00:00,59.95344999999997,59.96644999999997,59.87744999999997,59.90444999999997,3278
2026-07-21T19:45:00+00:00,59.90444999999997,59.93844999999997,59.86844999999997,59.88844999999997,3740
2026-07-21T20:00:00+00:00,59.88844999999997,59.94644999999997,59.87744999999997,59.88044999999997,1679
2026-07-21T20:15:00+00:00,59.88044999999997,59.88044999999997,59.82544999999997,59.86544999999997,1058
2026-07-21T20:30:00+00:00,59.86544999999997,60.14844999999997,59.86544999999997,59.99644999999997,1956
2026-07-21T20:45:00+00:00,59.99644999999997,60.00744999999997,59.91344999999997,59.94644999999997,1628
2026-07-21T22:00:00+00:00,59.94644999999997,60.27344999999996,59.94644999999997,60.18244999999997,1392.3377362067877
2026-07-21T22:15:00+00:00,60.18244999999997,60.25444999999996,60.17244999999996,60.24944999999997,1038
2026-07-21T22:30:00+00:00,60.24944999999997,60.280449999999966,60.214449999999964,60.22844999999997,1050
2026-07-21T22:45:00+00:00,60.22844999999997,60.235449999999965,60.11844999999997,60.143449999999966,1676
2026-07-21T23:00:00+00:00,60.143449999999966,60.155449999999966,60.10344999999997,60.149449999999966,730
2026-07-21T23:15:00+00:00,60.149449999999966,60.219449999999966,60.143449999999966,60.20944999999996,461
2026-07-21T23:30:00+00:00,60.20944999999996,60.223449999999964,60.16044999999996,60.183449999999965,527
2026-07-21T23:45:00+00:00,60.183449999999965,60.24244999999996,60.16344999999996,60.232449999999965,1386
2026-07-22T00:00:00+00:00,60.232449999999965,60.42344999999997,60.14844999999996,60.38244999999996,7056
2026-07-22T00:15:00+00:00,60.38244999999996,60.607449999999965,60.344449999999966,60.40144999999996,5308
2026-07-22T00:30:00+00:00,60.40144999999996,60.47144999999996,60.31344999999997,60.35344999999997,6425
2026-07-22T00:45:00+00:00,60.35344999999997,60.720449999999964,60.31344999999997,60.582449999999966,5236
2026-07-22T01:00:00+00:00,60.582449999999966,61.302449999999965,60.54844999999997,61.30144999999997,13586
2026-07-22T01:15:00+00:00,61.30144999999997,61.336449999999964,61.06344999999997,61.13844999999996,10236
2026-07-22T01:30:00+00:00,61.13844999999996,61.34044999999996,61.09344999999996,61.25144999999996,10647
2026-07-22T01:45:00+00:00,61.25144999999996,61.34744999999997,61.13844999999996,61.333449999999964,7344
2026-07-22T02:00:00+00:00,61.333449999999964,61.37144999999997,61.13244999999996,61.15744999999996,8276
2026-07-22T02:15:00+00:00,61.15744999999996,61.290449999999964,61.110449999999965,61.235449999999965,4016
2026-07-22T02:30:00+00:00,61.235449999999965,61.44044999999996,61.055449999999965,61.14244999999996,10701
2026-07-22T02:45:00+00:00,61.14244999999996,61.17344999999997,60.89444999999996,60.979449999999964,9176
2026-07-22T03:00:00+00:00,60.979449999999964,61.31644999999996,60.95044999999996,61.262449999999966,7601
2026-07-22T03:15:00+00:00,61.262449999999966,61.35544999999996,61.25544999999996,61.31344999999997,5860
2026-07-22T03:30:00+00:00,61.31344999999997,61.32144999999996,61.11844999999997,61.16144999999997,3357
2026-07-22T03:45:00+00:00,61.16144999999997,61.210449999999966,61.10844999999996,61.16944999999996,3073
2026-07-22T04:00:00+00:00,61.16944999999996,61.19044999999996,61.086449999999964,61.10044999999997,3553
2026-07-22T04:15:00+00:00,61.10044999999997,61.14544999999996,61.049449999999965,61.09044999999996,2133
2026-07-22T04:30:00+00:00,61.09044999999996,61.09044999999996,60.948449999999966,61.040449999999964,2979
2026-07-22T04:45:00+00:00,61.040449999999964,61.06344999999997,60.94744999999996,61.05644999999996,2109
2026-07-22T05:00:00+00:00,61.05644999999996,61.13544999999996,61.03344999999997,61.08044999999996,2848
2026-07-22T05:15:00+00:00,61.08044999999996,61.08444999999996,60.87944999999996,60.88244999999996,3802
2026-07-22T05:30:00+00:00,60.88244999999996,61.13944999999996,60.82844999999996,61.055449999999965,11066
2026-07-22T05:45:00+00:00,61.055449999999965,61.165449999999964,60.930449999999965,61.04844999999997,8547
2026-07-22T06:00:00+00:00,61.04844999999997,61.17644999999997,61.02344999999996,61.04144999999996,7729
2026-07-22T06:15:00+00:00,61.04144999999996,61.091449999999966,60.62644999999996,60.686449999999965,8250
2026-07-22T06:30:00+00:00,60.686449999999965,60.80044999999996,60.63844999999996,60.714449999999964,7995
2026-07-22T06:45:00+00:00,60.714449999999964,60.74344999999997,60.58144999999996,60.649449999999966,7803
2026-07-22T07:00:00+00:00,60.649449999999966,60.73944999999996,60.53244999999996,60.72544999999997,6430
2026-07-22T07:15:00+00:00,60.72544999999997,60.82444999999996,60.69744999999996,60.79144999999996,4017
2026-07-22T07:30:00+00:00,60.79144999999996,60.881449999999965,60.51144999999996,60.59044999999996,5700
2026-07-22T07:45:00+00:00,60.59044999999996,60.59744999999997,60.45344999999996,60.509449999999966,4429
2026-07-22T08:00:00+00:00,60.509449999999966,60.68244999999997,60.509449999999966,60.68244999999997,5209
2026-07-22T08:15:00+00:00,60.68244999999997,60.81544999999996,60.66144999999997,60.81344999999997,5644
2026-07-22T08:30:00+00:00,60.81344999999997,60.909449999999964,60.790449999999964,60.84744999999997,4847
2026-07-22T08:45:00+00:00,60.84744999999997,60.89244999999996,60.75744999999996,60.869449999999965,3945
2026-07-22T09:00:00+00:00,60.869449999999965,61.09644999999996,60.85244999999996,60.997449999999965,4088
2026-07-22T09:15:00+00:00,60.997449999999965,61.00844999999996,60.85644999999997,60.872449999999965,4087
2026-07-22T09:30:00+00:00,60.872449999999965,60.91444999999997,60.720449999999964,60.82744999999996,5889
2026-07-22T09:45:00+00:00,60.82744999999996,60.88844999999996,60.720449999999964,60.750449999999965,3535
2026-07-22T10:00:00+00:00,60.750449999999965,60.87444999999997,60.72444999999996,60.72444999999996,3851
2026-07-22T10:15:00+00:00,60.72444999999996,60.89244999999996,60.69044999999996,60.817449999999965,5157
2026-07-22T10:30:00+00:00,60.817449999999965,60.84644999999996,60.686449999999965,60.71844999999996,4067
2026-07-22T10:45:00+00:00,60.71844999999996,60.82844999999996,60.69744999999996,60.717449999999964,3848
2026-07-22T11:00:00+00:00,60.717449999999964,60.76944999999996,60.659449999999964,60.714449999999964,3892
2026-07-22T11:15:00+00:00,60.714449999999964,60.808449999999965,60.67244999999996,60.711449999999964,3680
2026-07-22T11:30:00+00:00,60.711449999999964,60.756449999999965,60.48144999999997,60.59644999999996,6999
2026-07-22T11:45:00+00:00,60.59644999999996,60.76444999999996,60.59344999999996,60.72244999999997,4936
2026-07-22T12:00:00+00:00,60.72244999999997,60.92544999999996,60.662449999999964,60.81644999999996,6072
2026-07-22T12:15:00+00:00,60.81644999999996,60.92944999999997,60.70344999999996,60.82544999999996,7309
2026-07-22T12:30:00+00:00,60.82544999999996,60.896449999999966,60.668449999999964,60.707449999999966,7445
2026-07-22T12:45:00+00:00,60.707449999999966,60.78244999999996,60.27344999999996,60.427449999999965,9078
2026-07-22T13:00:00+00:00,60.427449999999965,60.780449999999966,60.397449999999964,60.777449999999966,14024
2026-07-22T13:15:00+00:00,60.777449999999966,60.957449999999966,60.74544999999996,60.878449999999965,8894
2026-07-22T13:30:00+00:00,60.878449999999965,61.46544999999996,60.878449999999965,61.37944999999996,20051
2026-07-22T13:45:00+00:00,61.37944999999996,61.933449999999965,61.37644999999996,61.87344999999996,17067
2026-07-22T14:00:00+00:00,61.87344999999996,62.30644999999996,61.848449999999964,62.046449999999965,16633
2026-07-22T14:15:00+00:00,62.046449999999965,62.046449999999965,61.50444999999996,61.53844999999996,17993
2026-07-22T14:30:00+00:00,61.53844999999996,61.88244999999996,61.515449999999966,61.64544999999996,10488
2026-07-22T14:45:00+00:00,61.64544999999996,61.73144999999997,61.479449999999964,61.60044999999997,8906
2026-07-22T15:00:00+00:00,61.60044999999997,61.744449999999965,61.594449999999966,61.701449999999966,8399
2026-07-22T15:15:00+00:00,61.701449999999966,61.80044999999996,61.57844999999996,61.692449999999965,6107
2026-07-22T15:30:00+00:00,61.692449999999965,61.698449999999966,61.524449999999966,61.64444999999996,7658
2026-07-22T15:45:00+00:00,61.64444999999996,61.76944999999996,61.56044999999997,61.62344999999996,6637
2026-07-22T16:00:00+00:00,61.62344999999996,61.656449999999964,61.457449999999966,61.476449999999964,5923
2026-07-22T16:15:00+00:00,61.476449999999964,61.58444999999996,61.421449999999965,61.497449999999965,6276
2026-07-22T16:30:00+00:00,61.497449999999965,61.55944999999996,61.415449999999964,61.427449999999965,7162
2026-07-22T16:45:00+00:00,61.427449999999965,61.47744999999996,61.262449999999966,61.415449999999964,6555
2026-07-22T17:00:00+00:00,61.415449999999964,61.43744999999996,61.25744999999996,61.26744999999996,5973
2026-07-22T17:15:00+00:00,61.26744999999996,61.390449999999966,61.201449999999966,61.29844999999997,6668
2026-07-22T17:30:00+00:00,61.29844999999997,61.42544999999996,61.13544999999996,61.26744999999996,5758
2026-07-22T17:45:00+00:00,61.26744999999996,61.525449999999964,61.24944999999997,61.35044999999997,5463
2026-07-22T18:00:00+00:00,61.35044999999997,61.37044999999996,61.22144999999996,61.29244999999997,6248
2026-07-22T18:15:00+00:00,61.29244999999997,61.38844999999996,61.207449999999966,61.25444999999996,5675
2026-07-22T18:30:00+00:00,61.25444999999996,61.26744999999996,61.152449999999966,61.22144999999996,4280
2026-07-22T18:45:00+00:00,61.22144999999996,61.332449999999966,61.20644999999996,61.26144999999996,4230
2026-07-22T19:00:00+00:00,61.26144999999996,61.28544999999996,61.18144999999996,61.211449999999964,4533
2026-07-22T19:15:00+00:00,61.211449999999964,61.262449999999966,61.134449999999966,61.26044999999996,3671
2026-07-22T19:30:00+00:00,61.26044999999996,61.41444999999997,61.110449999999965,61.12944999999996,4280
2026-07-22T19:45:00+00:00,61.12944999999996,61.13544999999996,60.92244999999996,61.02644999999996,5812
2026-07-22T20:00:00+00:00,61.02644999999996,61.12644999999996,60.969449999999966,61.076449999999966,7118
2026-07-22T20:15:00+00:00,61.076449999999966,61.302449999999965,61.06044999999997,61.253449999999965,2669
2026-07-22T20:30:00+00:00,61.253449999999965,61.272449999999964,61.09044999999996,61.23744999999997,2211
2026-07-22T20:45:00+00:00,61.23744999999997,61.26044999999996,60.99944999999997,61.12944999999996,1741
2026-07-22T22:00:00+00:00,61.12944999999996,61.34944999999996,60.98644999999996,61.05344999999996,3999.323222277474
2026-07-22T22:15:00+00:00,61.05344999999996,61.128449999999965,60.969449999999966,61.110449999999965,4442
2026-07-22T22:30:00+00:00,61.110449999999965,61.14144999999996,60.81644999999996,60.86144999999996,3073
2026-07-22T22:45:00+00:00,60.86144999999996,60.91644999999996,60.81044999999996,60.86844999999997,3717
2026-07-22T23:00:00+00:00,60.86844999999997,60.99644999999996,60.814449999999965,60.98644999999996,3093
2026-07-22T23:15:00+00:00,60.98644999999996,60.991449999999965,60.899449999999966,60.94144999999996,1239
2026-07-22T23:30:00+00:00,60.94144999999996,61.09044999999996,60.92844999999996,61.06244999999996,1092
2026-07-22T23:45:00+00:00,61.06244999999996,61.23144999999997,61.05144999999997,61.21544999999996,2722
2026-07-23T00:00:00+00:00,61.21544999999996,61.25144999999996,61.12744999999996,61.174449999999965,6098
2026-07-23T00:15:00+00:00,61.174449999999965,61.464449999999964,61.14844999999996,61.36744999999996,4231
2026-07-23T00:30:00+00:00,61.36744999999996,61.378449999999965,61.19444999999996,61.207449999999966,4725
2026-07-23T00:45:00+00:00,61.207449999999966,61.39444999999996,61.18244999999996,61.35544999999996,4321
2026-07-23T01:00:00+00:00,61.35544999999996,61.561449999999965,61.140449999999966,61.31944999999996,15014
2026-07-23T01:15:00+00:00,61.31944999999996,61.55344999999996,61.29144999999996,61.43744999999996,9294
2026-07-23T01:30:00+00:00,61.43744999999996,61.485449999999965,61.03344999999997,61.04844999999997,13163
2026-07-23T01:45:00+00:00,61.04844999999997,61.156449999999964,60.91144999999997,61.01044999999996,10644
2026-07-23T02:00:00+00:00,61.01044999999996,61.122449999999965,60.966449999999966,61.082449999999966,9610
2026-07-23T02:15:00+00:00,61.082449999999966,61.088449999999966,60.91444999999997,60.97544999999997,6005
2026-07-23T02:30:00+00:00,60.97544999999997,61.168449999999964,60.933449999999965,61.14144999999996,8864
2026-07-23T02:45:00+00:00,61.14144999999996,61.366449999999965,61.14144999999996,61.34744999999997,7070
2026-07-23T03:00:00+00:00,61.34744999999997,61.37144999999996,61.180449999999965,61.25744999999996,6044
2026-07-23T03:15:00+00:00,61.25744999999996,61.40844999999997,61.22844999999997,61.37144999999996,5962
2026-07-23T03:30:00+00:00,61.37144999999996,61.390449999999966,61.28344999999997,61.336449999999964,3042
2026-07-23T03:45:00+00:00,61.336449999999964,61.33744999999996,61.210449999999966,61.24044999999997,2397
2026-07-23T04:00:00+00:00,61.24044999999997,61.37644999999996,61.20044999999996,61.37644999999996,2737
2026-07-23T04:15:00+00:00,61.37644999999996,61.406449999999964,61.29844999999997,61.381449999999965,2498
2026-07-23T04:30:00+00:00,61.381449999999965,61.38944999999996,61.19944999999996,61.207449999999966,2353
2026-07-23T04:45:00+00:00,61.207449999999966,61.22744999999996,61.08744999999996,61.12044999999996,2579
2026-07-23T05:00:00+00:00,61.12044999999996,61.22744999999996,61.06844999999996,61.20044999999996,3550
2026-07-23T05:15:00+00:00,61.20044999999996,61.235449999999965,61.06044999999996,61.235449999999965,3192
2026-07-23T05:30:00+00:00,61.235449999999965,61.37744999999996,61.155449999999966,61.24044999999997,7762
2026-07-23T05:45:00+00:00,61.24044999999997,61.317449999999965,61.040449999999964,61.11144999999996,6752
2026-07-23T06:00:00+00:00,61.11144999999996,61.210449999999966,61.025449999999964,61.04444999999996,7755
2026-07-23T06:15:00+00:00,61.04444999999996,61.177449999999965,60.970449999999964,60.991449999999965,4815
2026-07-23T06:30:00+00:00,60.991449999999965,61.091449999999966,60.930449999999965,61.061449999999965,4994
2026-07-23T06:45:00+00:00,61.061449999999965,61.122449999999965,60.896449999999966,60.93844999999996,4383
2026-07-23T07:00:00+00:00,60.93844999999996,60.94144999999996,60.32844999999996,60.51644999999996,7917
2026-07-23T07:15:00+00:00,60.51644999999996,60.683449999999965,60.497449999999965,60.61744999999996,6406
2026-07-23T07:30:00+00:00,60.61744999999996,60.62644999999996,60.16144999999997,60.31944999999996,6499
2026-07-23T07:45:00+00:00,60.31944999999996,60.46844999999996,60.17944999999997,60.43544999999996,7155
2026-07-23T08:00:00+00:00,60.43544999999996,60.51344999999996,60.26944999999996,60.33444999999996,7069
2026-07-23T08:15:00+00:00,60.33444999999996,60.39244999999996,60.28544999999996,60.38944999999996,5754
2026-07-23T08:30:00+00:00,60.38944999999996,60.43244999999996,60.19344999999996,60.278449999999964,5970
2026-07-23T08:45:00+00:00,60.278449999999964,60.40144999999996,60.17544999999996,60.363449999999965,5228
2026-07-23T09:00:00+00:00,60.363449999999965,60.512449999999966,60.342449999999964,60.39144999999996,6802
2026-07-23T09:15:00+00:00,60.39144999999996,60.43844999999996,60.27644999999996,60.335449999999966,4082
2026-07-23T09:30:00+00:00,60.335449999999966,60.38044999999996,60.293449999999964,60.35544999999996,4387
2026-07-23T09:45:00+00:00,60.35544999999996,60.38544999999996,60.208449999999964,60.23644999999996,4003
2026-07-23T10:00:00+00:00,60.23644999999996,60.272449999999964,60.13944999999996,60.22444999999996,4792
2026-07-23T10:15:00+00:00,60.22444999999996,60.25144999999996,60.079449999999966,60.219449999999966,5004
2026-07-23T10:30:00+00:00,60.219449999999966,60.31944999999996,60.14444999999996,60.208449999999964,4541
2026-07-23T10:45:00+00:00,60.208449999999964,60.34044999999996,60.14144999999996,60.241449999999965,4531
2026-07-23T11:00:00+00:00,60.241449999999965,60.26444999999996,60.03244999999996,60.083449999999964,4589
2026-07-23T11:15:00+00:00,60.083449999999964,60.12144999999996,59.88844999999996,59.957449999999966,5684
2026-07-23T11:30:00+00:00,59.957449999999966,59.966449999999966,59.585449999999966,59.74844999999996,8144
2026-07-23T11:45:00+00:00,59.74844999999996,60.12644999999996,59.741449999999965,60.01644999999996,5778
2026-07-23T12:00:00+00:00,60.01644999999996,60.027449999999966,59.86144999999996,59.921449999999965,5561
2026-07-23T12:15:00+00:00,59.921449999999965,59.98144999999997,59.655449999999966,59.69444999999996,10120
2026-07-23T12:30:00+00:00,59.69444999999996,59.73744999999997,59.430449999999965,59.52644999999996,10700
2026-07-23T12:45:00+00:00,59.52644999999996,59.592449999999964,59.14144999999996,59.147449999999964,11451
2026-07-23T13:00:00+00:00,59.147449999999964,59.30344999999996,58.55044999999996,58.592449999999964,21522
2026-07-23T13:15:00+00:00,58.592449999999964,59.146449999999966,58.58444999999996,59.13844999999996,16281
2026-07-23T13:30:00+00:00,59.13844999999996,59.53344999999997,59.116449999999965,59.393449999999966,20805
2026-07-23T13:45:00+00:00,59.393449999999966,59.41944999999996,59.09944999999996,59.11244999999997,15924
2026-07-23T14:00:00+00:00,59.11244999999997,59.34944999999996,59.052449999999965,59.26144999999996,18977
2026-07-23T14:15:00+00:00,59.26144999999996,59.458449999999964,59.101449999999964,59.427449999999965,15720
2026-07-23T14:30:00+00:00,59.427449999999965,59.466449999999966,59.21244999999996,59.35344999999997,14481
2026-07-23T14:45:00+00:00,59.35344999999997,59.47844999999997,59.220449999999964,59.271449999999966,12095
2026-07-23T15:00:00+00:00,59.271449999999966,59.31044999999996,58.82744999999996,58.979449999999964,14279
2026-07-23T15:15:00+00:00,58.979449999999964,59.098449999999964,58.78244999999996,58.92244999999996,12237
2026-07-23T15:30:00+00:00,58.92244999999996,59.14544999999996,58.826449999999966,59.018449999999966,10910
2026-07-23T15:45:00+00:00,59.018449999999966,59.183449999999965,58.994449999999965,59.08144999999996,6857
2026-07-23T16:00:00+00:00,59.08144999999996,59.25744999999996,59.08144999999996,59.24644999999996,5578
2026-07-23T16:15:00+00:00,59.24644999999996,59.30944999999996,59.146449999999966,59.277449999999966,4821
2026-07-23T16:30:00+00:00,59.277449999999966,59.305449999999965,59.146449999999966,59.189449999999965,5631
2026-07-23T16:45:00+00:00,59.189449999999965,59.338449999999966,59.107449999999965,59.31544999999996,4906
2026-07-23T17:00:00+00:00,59.31544999999996,59.41744999999997,59.207449999999966,59.220449999999964,7259
2026-07-23T17:15:00+00:00,59.220449999999964,59.36544999999997,59.17244999999996,59.22744999999996,8270
2026-07-23T17:30:00+00:00,59.22744999999996,59.275449999999964,59.022449999999964,59.04544999999997,9388
2026-07-23T17:45:00+00:00,59.04544999999997,59.089449999999964,58.98744999999997,58.99644999999996,6505
2026-07-23T18:00:00+00:00,58.99644999999996,59.018449999999966,58.89444999999996,58.94344999999996,7539
2026-07-23T18:15:00+00:00,58.94344999999996,59.028449999999964,58.90444999999996,58.99644999999996,6693
2026-07-23T18:30:00+00:00,58.99644999999996,59.13644999999996,58.967449999999964,59.00244999999996,4427
2026-07-23T18:45:00+00:00,59.00244999999996,59.085449999999966,59.00244999999996,59.064449999999965,3701
2026-07-23T19:00:00+00:00,59.064449999999965,59.12744999999996,58.94144999999996,58.970449999999964,2834
2026-07-23T19:15:00+00:00,58.970449999999964,59.162449999999964,58.954449999999966,59.10344999999997,3138
2026-07-23T19:30:00+00:00,59.10344999999997,59.18144999999996,58.982449999999965,58.982449999999965,3826
2026-07-23T19:45:00+00:00,58.982449999999965,59.24644999999996,58.942449999999965,59.085449999999966,4584
2026-07-23T20:00:00+00:00,59.085449999999966,59.15144999999996,59.04244999999997,59.12044999999996,2168
2026-07-23T20:15:00+00:00,59.12044999999996,59.146449999999966,59.05944999999996,59.12144999999996,1572
2026-07-23T20:30:00+00:00,59.12144999999996,59.24944999999996,59.10044999999997,59.134449999999966,944
2026-07-23T20:45:00+00:00,59.134449999999966,59.16044999999996,59.061449999999965,59.06344999999996,704
2026-07-23T22:00:00+00:00,59.06344999999996,59.32244999999996,59.06344999999996,59.226449999999964,905.7450406504065
2026-07-23T22:15:00+00:00,59.226449999999964,59.332449999999966,59.22444999999996,59.33044999999996,618.9264854401616
2026-07-23T22:30:00+00:00,59.33044999999996,59.366449999999965,59.27744999999996,59.296449999999965,658
2026-07-23T22:45:00+00:00,59.296449999999965,59.332449999999966,59.28344999999996,59.30344999999996,531
2026-07-23T23:00:00+00:00,59.30344999999996,59.31244999999996,59.201449999999966,59.22844999999996,830
2026-07-23T23:15:00+00:00,59.22844999999996,59.25844999999996,59.208449999999964,59.244449999999965,791
2026-07-23T23:30:00+00:00,59.244449999999965,59.29744999999996,59.19644999999996,59.25544999999996,1379
2026-07-23T23:45:00+00:00,59.25544999999996,59.293449999999964,59.17544999999996,59.183449999999965,1529
2026-07-24T00:00:00+00:00,59.183449999999965,59.262449999999966,59.015449999999966,59.02644999999996,4755
2026-07-24T00:15:00+00:00,59.02644999999996,59.326449999999966,59.025449999999964,59.268449999999966,4363
2026-07-24T00:30:00+00:00,59.268449999999966,59.372449999999965,59.22544999999996,59.345449999999964,2566
2026-07-24T00:45:00+00:00,59.345449999999964,59.51744999999996,59.31944999999996,59.49944999999996,2627
2026-07-24T01:00:00+00:00,59.49944999999996,59.50844999999996,59.07444999999996,59.12644999999996,12198
2026-07-24T01:15:00+00:00,59.12644999999996,59.25144999999996,59.02444999999996,59.12344999999996,8648
2026-07-24T01:30:00+00:00,59.12344999999996,59.43444999999996,59.09444999999996,59.43144999999996,7957
2026-07-24T01:45:00+00:00,59.43144999999996,59.543449999999964,59.20344999999996,59.29744999999996,7225
2026-07-24T02:00:00+00:00,59.29744999999996,59.409449999999964,59.18844999999996,59.32544999999996,7065
2026-07-24T02:15:00+00:00,59.32544999999996,59.436449999999965,59.24944999999996,59.36844999999996,2968
2026-07-24T02:30:00+00:00,59.36844999999996,59.421449999999965,59.104449999999964,59.17644999999996,7249
2026-07-24T02:45:00+00:00,59.17644999999996,59.186449999999965,58.73344999999996,58.836449999999964,9606
2026-07-24T03:00:00+00:00,58.836449999999964,59.04444999999996,58.738449999999965,59.00444999999996,6335
2026-07-24T03:15:00+00:00,59.00444999999996,59.04444999999996,58.89244999999996,58.93844999999996,5013
2026-07-24T03:30:00+00:00,58.93844999999996,59.031449999999964,58.93744999999996,59.01144999999996,3167
2026-07-24T03:45:00+00:00,59.01144999999996,59.049449999999965,58.92044999999996,58.933449999999965,1987
2026-07-24T04:00:00+00:00,58.933449999999965,58.97544999999996,58.820449999999965,58.884449999999966,2258
2026-07-24T04:15:00+00:00,58.884449999999966,59.125449999999965,58.884449999999966,59.055449999999965,1619
2026-07-24T04:30:00+00:00,59.055449999999965,59.06844999999996,58.918449999999964,58.94944999999996,1454
2026-07-24T04:45:00+00:00,58.94944999999996,58.97444999999996,58.91044999999996,58.957449999999966,1685
2026-07-24T05:00:00+00:00,58.957449999999966,59.207449999999966,58.90244999999996,59.09944999999996,3120
2026-07-24T05:15:00+00:00,59.09944999999996,59.211449999999964,58.96644999999996,59.098449999999964,3510
2026-07-24T05:30:00+00:00,59.098449999999964,59.25144999999996,59.01044999999996,59.037449999999964,8980
2026-07-24T05:45:00+00:00,59.037449999999964,59.20244999999996,58.939449999999965,58.98044999999996,5900
2026-07-24T06:00:00+00:00,58.98044999999996,59.10044999999996,58.92644999999996,59.10044999999996,6929
2026-07-24T06:15:00+00:00,59.10044999999996,59.38844999999996,59.064449999999965,59.31544999999996,6129
2026-07-24T06:30:00+00:00,59.31544999999996,59.34444999999996,59.21944999999996,59.22744999999996,4919
2026-07-24T06:45:00+00:00,59.22744999999996,59.454449999999966,59.22244999999996,59.369449999999965,6902
2026-07-24T07:00:00+00:00,59.369449999999965,59.92844999999996,59.34144999999996,59.857449999999965,8292
2026-07-24T07:15:00+00:00,59.857449999999965,59.95944999999996,59.823449999999966,59.90844999999996,6911
2026-07-24T07:30:00+00:00,59.90844999999996,60.067449999999965,59.80344999999996,59.85944999999996,5244
2026-07-24T07:45:00+00:00,59.85944999999996,59.884449999999966,59.759449999999966,59.832449999999966,3481
2026-07-24T08:00:00+00:00,59.832449999999966,59.83444999999996,59.69744999999996,59.78344999999996,4987
2026-07-24T08:15:00+00:00,59.78344999999996,59.92944999999996,59.73144999999996,59.92344999999996,4408
2026-07-24T08:30:00+00:00,59.92344999999996,59.964449999999964,59.81544999999996,59.93244999999996,4261
2026-07-24T08:45:00+00:00,59.93244999999996,59.97844999999996,59.86144999999996,59.94144999999996,3314
2026-07-24T09:00:00+00:00,59.94144999999996,60.119449999999965,59.936449999999965,60.03544999999996,4036
2026-07-24T09:15:00+00:00,60.03544999999996,60.086449999999964,59.961449999999964,59.96244999999996,3368
2026-07-24T09:30:00+00:00,59.96244999999996,60.03044999999996,59.90844999999996,60.01344999999996,3107
2026-07-24T09:45:00+00:00,60.01344999999996,60.08144999999996,59.95644999999996,60.073449999999966,2920
2026-07-24T10:00:00+00:00,60.073449999999966,60.23444999999996,60.03644999999996,60.09144999999996,3188
2026-07-24T10:15:00+00:00,60.09144999999996,60.32244999999996,60.06044999999996,60.207449999999966,2893
2026-07-24T10:30:00+00:00,60.207449999999966,60.265449999999966,60.086449999999964,60.095449999999964,2113
2026-07-24T10:45:00+00:00,60.095449999999964,60.146449999999966,60.022449999999964,60.03544999999996,2516
2026-07-24T11:00:00+00:00,60.03544999999996,60.11544999999996,59.976449999999964,60.061449999999965,3575
2026-07-24T11:15:00+00:00,60.061449999999965,60.110449999999965,60.012449999999966,60.028449999999964,2534
2026-07-24T11:30:00+00:00,60.028449999999964,60.05644999999996,59.96344999999996,59.970449999999964,3240
2026-07-24T11:45:00+00:00,59.970449999999964,60.198449999999966,59.87344999999996,60.098449999999964,4681
2026-07-24T12:00:00+00:00,60.098449999999964,60.27344999999996,59.94744999999996,60.14944999999996,6531
2026-07-24T12:15:00+00:00,60.14944999999996,60.281449999999964,60.067449999999965,60.23744999999996,5215
2026-07-24T12:30:00+00:00,60.23744999999996,60.26644999999996,59.97844999999996,60.10844999999996,5897
2026-07-24T12:45:00+00:00,60.10844999999996,60.162449999999964,59.90844999999996,60.06044999999996,5550
2026-07-24T13:00:00+00:00,60.06044999999996,60.15444999999996,59.53644999999996,59.576449999999966,10928
2026-07-24T13:15:00+00:00,59.576449999999966,59.665449999999964,59.49644999999996,59.537449999999964,7564
2026-07-24T13:30:00+00:00,59.537449999999964,59.79244999999996,59.491449999999965,59.64244999999996,15553
2026-07-24T13:45:00+00:00,59.64244999999996,60.03044999999996,59.55944999999996,60.006449999999965,18924
2026-07-24T14:00:00+00:00,60.006449999999965,60.101449999999964,59.80944999999996,59.97844999999996,14145
2026-07-24T14:15:00+00:00,59.97844999999996,60.22744999999996,59.839449999999964,60.14444999999996,14769
2026-07-24T14:30:00+00:00,60.14444999999996,60.33144999999996,60.05644999999996,60.107449999999965,11463
2026-07-24T14:45:00+00:00,60.107449999999965,60.281449999999964,60.040449999999964,60.15144999999996,11190
2026-07-24T15:00:00+00:00,60.15144999999996,60.521449999999966,60.015449999999966,60.467449999999964,15502
2026-07-24T15:15:00+00:00,60.467449999999964,60.63044999999996,60.34644999999996,60.48144999999996,20318
2026-07-24T15:30:00+00:00,60.48144999999996,60.601449999999964,60.39944999999996,60.39944999999996,11779
2026-07-24T15:45:00+00:00,60.39944999999996,60.625449999999965,60.363449999999965,60.54444999999996,7222
2026-07-24T16:00:00+00:00,60.54444999999996,60.57244999999996,60.433449999999965,60.45644999999996,8087
2026-07-24T16:15:00+00:00,60.45644999999996,60.531449999999964,60.406449999999964,60.406449999999964,6131
2026-07-24T16:30:00+00:00,60.406449999999964,60.424449999999965,60.27044999999996,60.299449999999965,9582
2026-07-24T16:45:00+00:00,60.299449999999965,60.31344999999996,60.201449999999966,60.275449999999964,8875
2026-07-24T17:00:00+00:00,60.275449999999964,60.32444999999996,60.12144999999996,60.17344999999996,8785
2026-07-24T17:15:00+00:00,60.17344999999996,60.33844999999996,60.14944999999996,60.32744999999996,6209
2026-07-24T17:30:00+00:00,60.32744999999996,60.40744999999996,60.29744999999996,60.308449999999965,3709
2026-07-24T17:45:00+00:00,60.308449999999965,60.33544999999996,60.17844999999996,60.18744999999996,3251
2026-07-24T18:00:00+00:00,60.18744999999996,60.235449999999965,60.14144999999996,60.16944999999996,3082
2026-07-24T18:15:00+00:00,60.16944999999996,60.21044999999996,59.973449999999964,59.982449999999965,4632
2026-07-24T18:30:00+00:00,59.982449999999965,60.04744999999996,59.84344999999996,59.85544999999996,7534
2026-07-24T18:45:00+00:00,59.85544999999996,59.99644999999996,59.842449999999964,59.94444999999996,3194
2026-07-24T19:00:00+00:00,59.94444999999996,59.97444999999996,59.83844999999996,59.84444999999996,4554
2026-07-24T19:15:00+00:00,59.84444999999996,59.851449999999964,59.71844999999996,59.78244999999996,4690
2026-07-24T19:30:00+00:00,59.78244999999996,59.945449999999965,59.771449999999966,59.930449999999965,6609
2026-07-24T19:45:00+00:00,59.930449999999965,59.951449999999966,59.820449999999965,59.845449999999964,3209
2026-07-24T20:00:00+00:00,59.845449999999964,59.86544999999996,59.744449999999965,59.768449999999966,971
2026-07-24T20:15:00+00:00,59.768449999999966,59.86444999999996,59.768449999999966,59.823449999999966,715
2026-07-24T20:30:00+00:00,59.823449999999966,59.915449999999964,59.76344999999996,59.90844999999996,887
2026-07-26T22:00:00+00:00,59.90844999999996,61.30644999999996,59.58644999999997,61.12944999999996,4785.807511375029
2026-07-26T22:15:00+00:00,61.12944999999996,61.42644999999997,61.06244999999996,61.27044999999997,2146
2026-07-26T22:30:00+00:00,61.27044999999997,61.482449999999965,61.19044999999996,61.464449999999964,1993
2026-07-26T22:45:00+00:00,61.464449999999964,61.594449999999966,61.278449999999964,61.29244999999997,1544
2026-07-26T23:00:00+00:00,61.29244999999997,61.34544999999997,61.073449999999966,61.08944999999997,1361
2026-07-26T23:15:00+00:00,61.08944999999997,61.15344999999997,60.92044999999997,60.93744999999997,1512
2026-07-26T23:30:00+00:00,60.93744999999997,61.12444999999997,60.930449999999965,61.10844999999997,1170
2026-07-26T23:45:00+00:00,61.10844999999997,61.36044999999997,61.07844999999997,61.26344999999997,8281
2026-07-27T00:00:00+00:00,61.26344999999997,61.695449999999965,61.26344999999997,61.69344999999997,16184
2026-07-27T00:15:00+00:00,61.69344999999997,61.695449999999965,61.21144999999997,61.274449999999966,10932
2026-07-27T00:30:00+00:00,61.274449999999966,61.41444999999997,61.23344999999997,61.250449999999965,5002
2026-07-27T00:45:00+00:00,61.250449999999965,61.48244999999997,61.131449999999965,61.207449999999966,5795
2026-07-27T01:00:00+00:00,61.207449999999966,61.41344999999997,61.186449999999965,61.35644999999997,19686
2026-07-27T01:15:00+00:00,61.35644999999997,61.405449999999966,61.11844999999997,61.18444999999997,15564
2026-07-27T01:30:00+00:00,61.18444999999997,61.40144999999997,61.09744999999997,61.33744999999997,11935
2026-07-27T01:45:00+00:00,61.33744999999997,61.42544999999997,61.253449999999965,61.41744999999997,8516
2026-07-27T02:00:00+00:00,61.41744999999997,61.439449999999965,61.22844999999997,61.244449999999965,9050
2026-07-27T02:15:00+00:00,61.244449999999965,61.317449999999965,61.192449999999965,61.22144999999997,4158
2026-07-27T02:30:00+00:00,61.22144999999997,61.23944999999997,61.03144999999997,61.06844999999997,6815
2026-07-27T02:45:00+00:00,61.06844999999997,61.10244999999997,60.94644999999997,60.948449999999966,5685
2026-07-27T03:00:00+00:00,60.948449999999966,61.009449999999966,60.893449999999966,61.00544999999997,5386
2026-07-27T03:15:00+00:00,61.00544999999997,61.17244999999997,60.896449999999966,60.90444999999997,4795
2026-07-27T03:30:00+00:00,60.90444999999997,61.04444999999997,60.896449999999966,61.01044999999997,3439
2026-07-27T03:45:00+00:00,61.01044999999997,61.01644999999997,60.90044999999997,60.92344999999997,2304
2026-07-27T04:00:00+00:00,60.92344999999997,60.96544999999997,60.79044999999997,60.84344999999997,3406
2026-07-27T04:15:00+00:00,60.84344999999997,60.960449999999966,60.750449999999965,60.811449999999965,2567
2026-07-27T04:30:00+00:00,60.811449999999965,60.939449999999965,60.811449999999965,60.88544999999997,2096
2026-07-27T04:45:00+00:00,60.88544999999997,60.93444999999997,60.869449999999965,60.91444999999997,1713
2026-07-27T05:00:00+00:00,60.91444999999997,61.02844999999997,60.86844999999997,61.02044999999997,2892
2026-07-27T05:15:00+00:00,61.02044999999997,61.03344999999997,60.84944999999997,60.85844999999997,3130
2026-07-27T05:30:00+00:00,60.85844999999997,61.00744999999997,60.75844999999997,60.939449999999965,7170
2026-07-27T05:45:00+00:00,60.939449999999965,61.05344999999997,60.82444999999997,61.04044999999997,4641
2026-07-27T06:00:00+00:00,61.04044999999997,61.14144999999997,60.96844999999997,61.067449999999965,5696
2026-07-27T06:15:00+00:00,61.067449999999965,61.155449999999966,60.98944999999997,61.14244999999997,4712
2026-07-27T06:30:00+00:00,61.14244999999997,61.19344999999997,61.06344999999997,61.08344999999997,3567
2026-07-27T06:45:00+00:00,61.08344999999997,61.094449999999966,60.991449999999965,61.04844999999997,3790
2026-07-27T07:00:00+00:00,61.04844999999997,61.26344999999997,61.04844999999997,61.25844999999997,4970
2026-07-27T07:15:00+00:00,61.25844999999997,61.42244999999997,61.201449999999966,61.314449999999965,3802
2026-07-27T07:30:00+00:00,61.314449999999965,61.31844999999997,61.10844999999997,61.12044999999997,4103
2026-07-27T07:45:00+00:00,61.12044999999997,61.16544999999997,60.79244999999997,60.80444999999997,4948
2026-07-27T08:00:00+00:00,60.80444999999997,60.96144999999997,60.695449999999965,60.896449999999966,6931
2026-07-27T08:15:00+00:00,60.896449999999966,60.91244999999997,60.80444999999997,60.83744999999997,4223
2026-07-27T08:30:00+00:00,60.83744999999997,60.99244999999997,60.75244999999997,60.96844999999997,4057
2026-07-27T08:45:00+00:00,60.96844999999997,61.070449999999965,60.93144999999997,61.003449999999965,3366
2026-07-27T09:00:00+00:00,61.003449999999965,61.067449999999965,60.905449999999966,60.92544999999997,3382
2026-07-27T09:15:00+00:00,60.92544999999997,60.97144999999997,60.835449999999966,60.84644999999997,2700
2026-07-27T09:30:00+00:00,60.84644999999997,60.95044999999997,60.77944999999997,60.91144999999997,3382
2026-07-27T09:45:00+00:00,60.91144999999997,61.018449999999966,60.89244999999997,60.89244999999997,2720
2026-07-27T10:00:00+00:00,60.89244999999997,60.91244999999997,60.64844999999997,60.762449999999966,3674
2026-07-27T10:15:00+00:00,60.762449999999966,60.83944999999997,60.73944999999997,60.77244999999997,2820
2026-07-27T10:30:00+00:00,60.77244999999997,61.021449999999966,60.76044999999997,60.89544999999997,2956
2026-07-27T10:45:00+00:00,60.89544999999997,60.98944999999997,60.86044999999997,60.86444999999997,2588
2026-07-27T11:00:00+00:00,60.86444999999997,60.902449999999966,60.65044999999997,60.86044999999997,4133
2026-07-27T11:15:00+00:00,60.86044999999997,60.98844999999997,60.75744999999997,60.75744999999997,2666
2026-07-27T11:30:00+00:00,60.75744999999997,60.994449999999965,60.73744999999997,60.78544999999997,4897
2026-07-27T11:45:00+00:00,60.78544999999997,60.85744999999997,60.622449999999965,60.67144999999997,3951
2026-07-27T12:00:00+00:00,60.67144999999997,60.77244999999997,60.311449999999965,60.42344999999997,6832
2026-07-27T12:15:00+00:00,60.42344999999997,60.54144999999997,60.36044999999997,60.451449999999966,7127
2026-07-27T12:30:00+00:00,60.451449999999966,60.63644999999997,60.38244999999997,60.61744999999997,5571
2026-07-27T12:45:00+00:00,60.61744999999997,60.652449999999966,60.52244999999997,60.53744999999997,6551
2026-07-27T13:00:00+00:00,60.53744999999997,60.695449999999965,60.37944999999997,60.52544999999997,10579
2026-07-27T13:15:00+00:00,60.52544999999997,60.58144999999997,60.26144999999997,60.27044999999997,8623
2026-07-27T13:30:00+00:00,60.27044999999997,60.58344999999997,60.23944999999997,60.56244999999997,14796
2026-07-27T13:45:00+00:00,60.56244999999997,60.60844999999997,60.055449999999965,60.16344999999997,16270
2026-07-27T14:00:00+00:00,60.16344999999997,60.31944999999997,60.08044999999997,60.29944999999997,13496
2026-07-27T14:15:00+00:00,60.29944999999997,60.34044999999997,59.93744999999997,60.009449999999966,18948
2026-07-27T14:30:00+00:00,60.009449999999966,60.14844999999997,59.90944999999997,60.02844999999997,21597
2026-07-27T14:45:00+00:00,60.02844999999997,60.33444999999997,60.02844999999997,60.29744999999997,12774
2026-07-27T15:00:00+00:00,60.29744999999997,60.317449999999965,60.146449999999966,60.26144999999997,8977
2026-07-27T15:15:00+00:00,60.26144999999997,60.34944999999997,60.19044999999997,60.25744999999997,10547
2026-07-27T15:30:00+00:00,60.25744999999997,60.28144999999997,60.12444999999997,60.19144999999997,8497
2026-07-27T15:45:00+00:00,60.19144999999997,60.28344999999997,60.125449999999965,60.247449999999965,5483
2026-07-27T16:00:00+00:00,60.247449999999965,60.40044999999997,60.20544999999997,60.369449999999965,6249
2026-07-27T16:15:00+00:00,60.369449999999965,60.52344999999997,60.29444999999997,60.46444999999997,8403
2026-07-27T16:30:00+00:00,60.46444999999997,60.61144999999997,60.41344999999997,60.451449999999966,7401
2026-07-27T16:45:00+00:00,60.451449999999966,60.460449999999966,60.21444999999997,60.274449999999966,6281
2026-07-27T17:00:00+00:00,60.274449999999966,60.28244999999997,60.01044999999997,60.10044999999997,8157
2026-07-27T17:15:00+00:00,60.10044999999997,60.143449999999966,60.00144999999997,60.03244999999997,5522
2026-07-27T17:30:00+00:00,60.03244999999997,60.094449999999966,60.01744999999997,60.06544999999997,5350
2026-07-27T17:45:00+00:00,60.06544999999997,60.13844999999997,60.03744999999997,60.119449999999965,4388
2026-07-27T18:00:00+00:00,60.119449999999965,60.14544999999997,59.97444999999997,59.98144999999997,4686
2026-07-27T18:15:00+00:00,59.98144999999997,59.991449999999965,59.85644999999997,59.963449999999966,5844
2026-07-27T18:30:00+00:00,59.963449999999966,60.006449999999965,59.85344999999997,59.91644999999997,5041
2026-07-27T18:45:00+00:00,59.91644999999997,60.012449999999966,59.78144999999997,59.991449999999965,4674
2026-07-27T19:00:00+00:00,59.991449999999965,60.11244999999997,59.92544999999997,60.05744999999997,3015
2026-07-27T19:15:00+00:00,60.05744999999997,60.277449999999966,60.04744999999997,60.23044999999997,2937
2026-07-27T19:30:00+00:00,60.23044999999997,60.274449999999966,60.17944999999997,60.21544999999997,4411
2026-07-27T19:45:00+00:00,60.21544999999997,60.268449999999966,60.15844999999997,60.17444999999997,3932
2026-07-27T20:00:00+00:00,60.17444999999997,60.18144999999997,60.11344999999997,60.15744999999997,1486
2026-07-27T20:15:00+00:00,60.15744999999997,60.15744999999997,60.01144999999997,60.021449999999966,1088
2026-07-27T20:30:00+00:00,60.021449999999966,60.08144999999997,60.00444999999997,60.070449999999965,1102
2026-07-27T20:45:00+00:00,60.070449999999965,60.216449999999966,59.98644999999997,59.98744999999997,1064
2026-07-27T22:00:00+00:00,59.98744999999997,60.380449999999975,59.98744999999997,60.26144999999997,1699.2847682119204
2026-07-27T22:15:00+00:00,60.26144999999997,60.26644999999997,60.18744999999997,60.194449999999975,1121
2026-07-27T22:30:00+00:00,60.194449999999975,60.23644999999997,60.19344999999997,60.21544999999997,893
2026-07-27T22:45:00+00:00,60.21544999999997,60.23044999999997,60.17444999999997,60.191449999999975,819
2026-07-27T23:00:00+00:00,60.191449999999975,60.20444999999997,60.121449999999975,60.18744999999997,1146
2026-07-27T23:15:00+00:00,60.18744999999997,60.27344999999997,60.17544999999997,60.27044999999997,1158
2026-07-27T23:30:00+00:00,60.27044999999997,60.27044999999997,60.15544999999997,60.17444999999997,1322
2026-07-27T23:45:00+00:00,60.17444999999997,60.20444999999997,60.12844999999997,60.19044999999997,3356
2026-07-28T00:00:00+00:00,60.19044999999997,60.243449999999974,59.84844999999997,59.99744999999997,10068
2026-07-28T00:15:00+00:00,59.99744999999997,60.04044999999997,59.83644999999997,59.932449999999974,7560
2026-07-28T00:30:00+00:00,59.932449999999974,60.00844999999997,59.84144999999997,59.95844999999997,8453
2026-07-28T00:45:00+00:00,59.95844999999997,59.95844999999997,59.54044999999997,59.57044999999997,6975
2026-07-28T01:00:00+00:00,59.57044999999997,59.609449999999974,59.14644999999997,59.27544999999997,14074
2026-07-28T01:15:00+00:00,59.27544999999997,59.283449999999974,58.91944999999997,59.01344999999997,11891
2026-07-28T01:30:00+00:00,59.01344999999997,59.23944999999997,58.90144999999997,59.15944999999997,11740
2026-07-28T01:45:00+00:00,59.15944999999997,59.18444999999997,58.95044999999997,59.05044999999997,12006
2026-07-28T02:00:00+00:00,59.05044999999997,59.19544999999997,58.990449999999974,59.12944999999997,8322
2026-07-28T02:15:00+00:00,59.12944999999997,59.246449999999975,59.06144999999997,59.08244999999997,4409
2026-07-28T02:30:00+00:00,59.08244999999997,59.188449999999975,58.91944999999997,58.98844999999997,7374
2026-07-28T02:45:00+00:00,58.98844999999997,59.19644999999997,58.95744999999997,59.066449999999975,7252
2026-07-28T03:00:00+00:00,59.066449999999975,59.17244999999997,58.90744999999997,59.15444999999997,7275
2026-07-28T03:15:00+00:00,59.15444999999997,59.23844999999997,59.11944999999997,59.13844999999997,4830
2026-07-28T03:30:00+00:00,59.13844999999997,59.31544999999997,59.11944999999997,59.27544999999997,4421
2026-07-28T03:45:00+00:00,59.27544999999997,59.46144999999997,59.158449999999974,59.19544999999997,3128
2026-07-28T04:00:00+00:00,59.19544999999997,59.21944999999997,59.048449999999974,59.05344999999997,2756
2026-07-28T04:15:00+00:00,59.05344999999997,59.14844999999997,59.02644999999997,59.05644999999997,2291
2026-07-28T04:30:00+00:00,59.05644999999997,59.21744999999997,59.03444999999997,59.121449999999975,2020
2026-07-28T04:45:00+00:00,59.121449999999975,59.13744999999997,58.97444999999997,59.00144999999997,1919
2026-07-28T05:00:00+00:00,59.00144999999997,59.03544999999997,58.92844999999997,58.96044999999997,3021
2026-07-28T05:15:00+00:00,58.96044999999997,59.00944999999997,58.73844999999997,58.86444999999997,3841
2026-07-28T05:30:00+00:00,58.86444999999997,58.99544999999997,58.53044999999997,58.792449999999974,12012
2026-07-28T05:45:00+00:00,58.792449999999974,58.93144999999997,58.728449999999974,58.920449999999974,5474
2026-07-28T06:00:00+00:00,58.920449999999974,59.121449999999975,58.908449999999974,59.07344999999997,7687
2026-07-28T06:15:00+00:00,59.07344999999997,59.25444999999997,59.06144999999997,59.21544999999997,6682
2026-07-28T06:30:00+00:00,59.21544999999997,59.39444999999997,59.14644999999997,59.289449999999974,6660
2026-07-28T06:45:00+00:00,59.289449999999974,59.31244999999997,59.228449999999974,59.24144999999997,4944
2026-07-28T07:00:00+00:00,59.24144999999997,59.31144999999997,59.14644999999997,59.164449999999974,5018
2026-07-28T07:15:00+00:00,59.164449999999974,59.40344999999997,59.16044999999997,59.29044999999997,3783
2026-07-28T07:30:00+00:00,59.29044999999997,59.29344999999997,59.18344999999997,59.23544999999997,3403
2026-07-28T07:45:00+00:00,59.23544999999997,59.371449999999975,59.19644999999997,59.286449999999974,4274
2026-07-28T08:00:00+00:00,59.286449999999974,59.50944999999997,59.17744999999997,59.19844999999997,6808
2026-07-28T08:15:00+00:00,59.19844999999997,59.48844999999997,59.19844999999997,59.48844999999997,6764
2026-07-28T08:30:00+00:00,59.48844999999997,59.49144999999997,59.365449999999974,59.40544999999997,6510
2026-07-28T08:45:00+00:00,59.40544999999997,59.472449999999974,59.25744999999997,59.38644999999997,5226
2026-07-28T09:00:00+00:00,59.38644999999997,59.42544999999997,59.319449999999975,59.33244999999997,3666
2026-07-28T09:15:00+00:00,59.33244999999997,59.43644999999997,59.313449999999975,59.33044999999997,3093
2026-07-28T09:30:00+00:00,59.33044999999997,59.33244999999997,59.06244999999997,59.13444999999997,5535
2026-07-28T09:45:00+00:00,59.13444999999997,59.17144999999997,58.96944999999997,59.01144999999997,5462
2026-07-28T10:00:00+00:00,59.01144999999997,59.13544999999997,58.96544999999997,59.11744999999997,5211
2026-07-28T10:15:00+00:00,59.11744999999997,59.21544999999997,58.83544999999997,58.944449999999975,5617
2026-07-28T10:30:00+00:00,58.944449999999975,59.051449999999974,58.91344999999997,59.005449999999975,5838
2026-07-28T10:45:00+00:00,59.005449999999975,59.11944999999997,58.95944999999997,58.99444999999997,4594
2026-07-28T11:00:00+00:00,58.99444999999997,59.06744999999997,58.926449999999974,58.94244999999997,6810
2026-07-28T11:15:00+00:00,58.94244999999997,59.20044999999997,58.93344999999997,59.08344999999997,6709
2026-07-28T11:30:00+00:00,59.08344999999997,59.246449999999975,59.063449999999975,59.12644999999997,5777
2026-07-28T11:45:00+00:00,59.12644999999997,59.18644999999997,59.054449999999974,59.18044999999997,5383
2026-07-28T12:00:00+00:00,59.18044999999997,59.24544999999997,59.08344999999997,59.194449999999975,6189
2026-07-28T12:15:00+00:00,59.194449999999975,59.28144999999997,59.10544999999997,59.15144999999997,4662
2026-07-28T12:30:00+00:00,59.15144999999997,59.29744999999997,59.03444999999997,59.222449999999974,6632
2026-07-28T12:45:00+00:00,59.222449999999974,59.34344999999997,59.07344999999997,59.13244999999997,5594
2026-07-28T13:00:00+00:00,59.13244999999997,59.25044999999997,59.02744999999997,59.04344999999997,9133
2026-07-28T13:15:00+00:00,59.04344999999997,59.100449999999974,58.89144999999997,58.91544999999997,6479
2026-07-28T13:30:00+00:00,58.91544999999997,59.12544999999997,58.57944999999997,58.68644999999997,15928
2026-07-28T13:45:00+00:00,58.68644999999997,58.70044999999997,58.52644999999997,58.66344999999997,15707
2026-07-28T14:00:00+00:00,58.66344999999997,59.10744999999997,58.630449999999975,58.88644999999997,16706
2026-07-28T14:15:00+00:00,58.88644999999997,58.91344999999997,58.45544999999997,58.80644999999997,17312
2026-07-28T14:30:00+00:00,58.80644999999997,58.87844999999997,58.68044999999997,58.81844999999997,12873
2026-07-28T14:45:00+00:00,58.81844999999997,58.98644999999997,58.76644999999997,58.82244999999997,9305
2026-07-28T15:00:00+00:00,58.82244999999997,59.115449999999974,58.73844999999997,59.07244999999997,15206
2026-07-28T15:15:00+00:00,59.07244999999997,59.231449999999974,59.00844999999997,59.02044999999997,14205
2026-07-28T15:30:00+00:00,59.02044999999997,59.191449999999975,58.98044999999997,59.16044999999997,9285
2026-07-28T15:45:00+00:00,59.16044999999997,59.26344999999997,59.13644999999997,59.25644999999997,7048
2026-07-28T16:00:00+00:00,59.25644999999997,59.35444999999997,59.20944999999997,59.33044999999997,6481
2026-07-28T16:15:00+00:00,59.33044999999997,59.36944999999997,59.24544999999997,59.24744999999997,6148
2026-07-28T16:30:00+00:00,59.24744999999997,59.29944999999997,59.15444999999997,59.16244999999997,6153
2026-07-28T16:45:00+00:00,59.16244999999997,59.23244999999997,59.08144999999997,59.13944999999997,6223
2026-07-28T17:00:00+00:00,59.13944999999997,59.19744999999997,59.06744999999997,59.08444999999997,6180
2026-07-28T17:15:00+00:00,59.08444999999997,59.286449999999974,59.05644999999997,59.16244999999997,7204
2026-07-28T17:30:00+00:00,59.16244999999997,59.18044999999997,58.90644999999997,58.911449999999974,6713
2026-07-28T17:45:00+00:00,58.911449999999974,58.96444999999997,58.83344999999997,58.91944999999997,7331
2026-07-28T18:00:00+00:00,58.91944999999997,58.97744999999997,58.88944999999997,58.94344999999997,6839
2026-07-28T18:15:00+00:00,58.94344999999997,59.01344999999997,58.92144999999997,58.941449999999975,5902
2026-07-28T18:30:00+00:00,58.941449999999975,58.96744999999997,58.87344999999997,58.944449999999975,4615
2026-07-28T18:45:00+00:00,58.944449999999975,58.981449999999974,58.88544999999997,58.935449999999975,3342
2026-07-28T19:00:00+00:00,58.935449999999975,59.07744999999997,58.91944999999997,58.99244999999997,3692
2026-07-28T19:15:00+00:00,58.99244999999997,59.07044999999997,58.98644999999997,59.03444999999997,2453
2026-07-28T19:30:00+00:00,59.03444999999997,59.11344999999997,59.002449999999975,59.051449999999974,4000
2026-07-28T19:45:00+00:00,59.051449999999974,59.08644999999997,58.98344999999997,59.00444999999997,4483
2026-07-28T20:00:00+00:00,59.00444999999997,59.103449999999974,58.88744999999997,58.90044999999997,2619
2026-07-28T20:15:00+00:00,58.90044999999997,58.98544999999997,58.90044999999997,58.972449999999974,1193
2026-07-28T20:30:00+00:00,58.972449999999974,59.09344999999997,58.89044999999997,59.09244999999997,1534
2026-07-28T20:45:00+00:00,59.09244999999997,59.09244999999997,58.88344999999997,58.941449999999975,844
2026-07-28T22:00:00+00:00,58.941449999999975,59.11044999999997,58.941449999999975,59.01444999999997,1106.6247191011234
2026-07-28T22:15:00+00:00,59.01444999999997,59.02844999999997,58.93944999999997,59.00944999999997,1451
2026-07-28T22:30:00+00:00,59.00944999999997,59.00944999999997,58.810449999999975,58.90044999999997,1862
2026-07-28T22:45:00+00:00,58.90044999999997,58.90044999999997,58.79944999999997,58.83944999999997,1806
2026-07-28T23:00:00+00:00,58.83944999999997,58.89844999999997,58.804449999999974,58.856449999999974,2124
2026-07-28T23:15:00+00:00,58.856449999999974,58.94844999999997,58.80044999999997,58.91844999999997,1649
2026-07-28T23:30:00+00:00,58.91844999999997,59.03744999999997,58.89844999999997,59.033449999999974,1339
2026-07-28T23:45:00+00:00,59.033449999999974,59.17144999999997,58.98344999999997,59.17144999999997,2723
2026-07-29T00:00:00+00:00,59.17144999999997,59.20644999999997,59.02244999999997,59.10544999999997,6665
2026-07-29T00:15:00+00:00,59.10544999999997,59.286449999999974,59.08444999999997,59.12944999999997,5461
2026-07-29T00:30:00+00:00,59.12944999999997,59.24544999999997,59.100449999999974,59.21444999999997,4461
2026-07-29T00:45:00+00:00,59.21444999999997,59.234449999999974,59.063449999999975,59.08044999999997,4238
2026-07-29T01:00:00+00:00,59.08044999999997,59.09144999999997,58.87844999999997,58.92144999999997,11740
2026-07-29T01:15:00+00:00,58.92144999999997,59.23844999999997,58.91644999999997,59.20144999999997,11887
2026-07-29T01:30:00+00:00,59.20144999999997,59.57744999999997,59.08144999999997,59.44344999999997,12319
2026-07-29T01:45:00+00:00,59.44344999999997,59.478449999999974,59.20444999999997,59.43344999999997,10228
2026-07-29T02:00:00+00:00,59.43344999999997,59.65744999999997,59.31744999999997,59.51144999999997,12227
2026-07-29T02:15:00+00:00,59.51144999999997,59.78244999999997,59.44944999999997,59.65644999999997,5157
2026-07-29T02:30:00+00:00,59.65644999999997,59.93944999999997,59.62044999999997,59.84444999999997,7989
2026-07-29T02:45:00+00:00,59.84444999999997,59.86044999999997,59.59344999999997,59.59544999999997,5196
2026-07-29T03:00:00+00:00,59.59544999999997,59.67444999999997,59.51844999999997,59.52744999999997,6686
2026-07-29T03:15:00+00:00,59.52744999999997,59.54044999999997,59.38344999999997,59.417449999999974,4640
2026-07-29T03:30:00+00:00,59.417449999999974,59.417449999999974,59.31944999999997,59.37644999999997,3356
2026-07-29T03:45:00+00:00,59.37644999999997,59.45144999999997,59.29144999999997,59.32544999999997,2219
2026-07-29T04:00:00+00:00,59.32544999999997,59.34844999999997,59.26944999999997,59.29144999999997,3087
2026-07-29T04:15:00+00:00,59.29144999999997,59.38844999999997,59.26144999999997,59.31144999999997,3190
2026-07-29T04:30:00+00:00,59.31144999999997,59.41544999999997,59.30544999999997,59.38444999999997,3571
2026-07-29T04:45:00+00:00,59.38444999999997,59.45144999999997,59.33044999999997,59.42244999999997,3965
2026-07-29T05:00:00+00:00,59.42244999999997,59.70544999999997,59.411449999999974,59.65344999999997,4874
2026-07-29T05:15:00+00:00,59.65344999999997,59.71244999999997,59.54744999999997,59.70944999999997,3421
2026-07-29T05:30:00+00:00,59.70944999999997,59.984449999999974,59.64744999999997,59.96544999999997,7653
2026-07-29T05:45:00+00:00,59.96544999999997,59.98944999999997,59.67744999999997,59.70044999999997,6092
2026-07-29T06:00:00+00:00,59.70044999999997,59.859449999999974,59.70044999999997,59.82944999999997,5301
2026-07-29T06:15:00+00:00,59.82944999999997,59.932449999999974,59.76644999999997,59.84944999999997,4814
2026-07-29T06:30:00+00:00,59.84944999999997,60.04644999999997,59.84944999999997,59.996449999999975,5098
2026-07-29T06:45:00+00:00,59.996449999999975,60.19044999999997,59.92744999999997,60.06544999999997,4362
2026-07-29T07:00:00+00:00,60.06544999999997,60.11444999999997,60.02344999999997,60.08544999999997,3870
2026-07-29T07:15:00+00:00,60.08544999999997,60.17444999999997,60.048449999999974,60.15344999999997,2913
2026-07-29T07:30:00+00:00,60.15344999999997,60.176449999999974,60.10744999999997,60.13944999999997,2710
2026-07-29T07:45:00+00:00,60.13944999999997,60.15044999999997,60.00244999999997,60.03544999999997,2548
2026-07-29T08:00:00+00:00,60.03544999999997,60.045449999999974,59.74244999999997,59.76744999999997,4484
2026-07-29T08:15:00+00:00,59.76744999999997,59.84844999999997,59.67744999999997,59.746449999999975,3467
2026-07-29T08:30:00+00:00,59.746449999999975,59.81844999999997,59.70044999999997,59.78244999999997,3751
2026-07-29T08:45:00+00:00,59.78244999999997,59.89044999999997,59.77544999999997,59.81744999999997,3226
2026-07-29T09:00:00+00:00,59.81744999999997,59.84644999999997,59.783449999999974,59.82644999999997,3641
2026-07-29T09:15:00+00:00,59.82644999999997,59.85844999999997,59.77044999999997,59.78144999999997,2536
2026-07-29T09:30:00+00:00,59.78144999999997,59.82744999999997,59.72944999999997,59.78244999999997,3597
2026-07-29T09:45:00+00:00,59.78244999999997,59.80644999999997,59.66044999999997,59.68144999999997,4039
2026-07-29T10:00:00+00:00,59.68144999999997,59.70244999999996,59.53244999999997,59.56644999999997,5093
2026-07-29T10:15:00+00:00,59.56644999999997,59.573449999999966,59.47244999999997,59.518449999999966,4197
2026-07-29T10:30:00+00:00,59.518449999999966,59.55644999999997,59.381449999999965,59.412449999999964,3307
2026-07-29T10:45:00+00:00,59.412449999999964,59.45944999999997,59.31644999999997,59.35844999999997,2900
2026-07-29T11:00:00+00:00,59.35844999999997,59.52944999999997,59.31244999999997,59.518449999999966,3298
2026-07-29T11:15:00+00:00,59.518449999999966,59.63944999999997,59.49944999999997,59.63344999999997,2503
2026-07-29T11:30:00+00:00,59.63344999999997,59.683449999999965,59.57844999999997,59.647449999999964,2673
2026-07-29T11:45:00+00:00,59.647449999999964,59.69944999999996,59.55444999999997,59.604449999999964,3148
2026-07-29T12:00:00+00:00,59.604449999999964,59.650449999999964,59.50844999999997,59.527449999999966,3413
2026-07-29T12:15:00+00:00,59.527449999999966,59.54844999999997,58.88044999999997,58.903449999999964,12372
2026-07-29T12:30:00+00:00,58.903449999999964,59.241449999999965,58.79544999999997,59.15844999999997,6909
2026-07-29T12:45:00+00:00,59.15844999999997,59.274449999999966,59.134449999999966,59.22544999999997,8705
2026-07-29T13:00:00+00:00,59.22544999999997,59.43744999999997,59.021449999999966,59.043449999999964,11772
2026-07-29T13:15:00+00:00,59.043449999999964,59.403449999999964,59.02644999999997,59.16644999999997,8481
2026-07-29T13:30:00+00:00,59.16644999999997,59.216449999999966,58.99844999999997,59.025449999999964,16726
2026-07-29T13:45:00+00:00,59.025449999999964,59.043449999999964,58.781449999999964,58.91344999999997,14350
2026-07-29T14:00:00+00:00,58.91344999999997,58.960449999999966,58.78844999999997,58.86244999999997,17881
2026-07-29T14:15:00+00:00,58.86244999999997,59.18444999999997,58.832449999999966,59.00844999999997,15206
2026-07-29T14:30:00+00:00,59.00844999999997,59.08444999999997,58.781449999999964,58.81944999999997,11994
2026-07-29T14:45:00+00:00,58.81944999999997,59.06544999999997,58.69644999999997,58.939449999999965,11525
2026-07-29T15:00:00+00:00,58.939449999999965,59.022449999999964,58.851449999999964,58.921449999999965,10140
2026-07-29T15:15:00+00:00,58.921449999999965,59.00244999999997,58.79744999999997,58.969449999999966,9660
2026-07-29T15:30:00+00:00,58.969449999999966,59.04144999999997,58.92644999999997,58.98744999999997,12365
2026-07-29T15:45:00+00:00,58.98744999999997,59.03944999999997,58.848449999999964,58.933449999999965,9704
2026-07-29T16:00:00+00:00,58.933449999999965,58.99044999999997,58.76444999999997,58.76444999999997,8452
2026-07-29T16:15:00+00:00,58.76444999999997,59.043449999999964,58.747449999999965,59.01044999999996,6240
2026-07-29T16:30:00+00:00,59.01044999999996,59.03944999999997,58.96244999999997,59.000449999999965,4620
2026-07-29T16:45:00+00:00,59.000449999999965,59.94344999999997,58.954449999999966,59.640449999999966,11399
2026-07-29T17:00:00+00:00,59.640449999999966,60.025449999999964,59.63944999999997,59.87144999999997,11590
2026-07-29T17:15:00+00:00,59.87144999999997,60.05644999999997,59.63844999999996,59.66644999999997,11745
2026-07-29T17:30:00+00:00,59.66644999999997,59.82544999999997,59.58444999999997,59.771449999999966,11186
2026-07-29T17:45:00+00:00,59.771449999999966,59.91044999999997,59.77044999999997,59.84044999999997,7697
2026-07-29T18:00:00+00:00,59.84044999999997,60.85344999999997,59.80444999999997,60.470449999999964,29746
2026-07-29T18:15:00+00:00,60.470449999999964,60.52044999999997,60.04544999999997,60.09944999999997,17591
2026-07-29T18:30:00+00:00,60.09944999999997,60.73944999999997,59.826449999999966,60.61444999999997,28679
2026-07-29T18:45:00+00:00,60.61444999999997,61.06044999999997,60.57444999999996,60.99544999999997,27292
2026-07-29T19:00:00+00:00,60.99544999999997,61.204449999999966,60.42844999999997,60.71244999999997,23212
2026-07-29T19:15:00+00:00,60.71244999999997,60.86544999999997,60.26344999999996,60.35944999999997,21204
2026-07-29T19:30:00+00:00,60.35944999999997,60.43444999999997,59.796449999999965,59.81244999999997,20952
2026-07-29T19:45:00+00:00,59.81244999999997,59.905449999999966,59.17944999999997,59.208449999999964,17106
2026-07-29T20:00:00+00:00,59.208449999999964,59.36844999999997,59.05444999999997,59.20544999999996,10476
2026-07-29T20:15:00+00:00,59.20544999999996,59.29244999999997,59.009449999999966,59.25744999999997,6493
2026-07-29T20:30:00+00:00,59.25744999999997,59.680449999999965,59.17544999999997,59.503449999999965,4152
2026-07-29T20:45:00+00:00,59.503449999999965,59.72744999999997,59.503449999999965,59.567449999999965,2991
2026-07-29T22:00:00+00:00,59.567449999999965,60.46744999999997,59.45844999999997,60.37344999999997,3325.1874587043385
2026-07-29T22:15:00+00:00,60.37344999999997,60.40344999999997,60.265449999999966,60.323449999999966,2193
2026-07-29T22:30:00+00:00,60.323449999999966,60.45644999999997,60.25744999999997,60.45644999999997,2726
2026-07-29T22:45:00+00:00,60.45644999999997,60.543449999999964,60.42344999999997,60.512449999999966,2544
2026-07-29T23:00:00+00:00,60.512449999999966,60.73044999999997,60.491449999999965,60.52044999999997,2929
2026-07-29T23:15:00+00:00,60.52044999999997,60.59644999999997,60.48744999999997,60.53544999999997,4018
2026-07-29T23:30:00+00:00,60.53544999999997,60.619449999999965,60.491449999999965,60.51144999999997,4180
2026-07-29T23:45:00+00:00,60.51144999999997,60.61144999999997,60.41344999999997,60.41744999999997,7396
2026-07-30T00:00:00+00:00,60.41744999999997,60.48944999999997,60.253449999999965,60.32544999999997,10015
2026-07-30T00:15:00+00:00,60.32544999999997,60.40344999999997,60.10644999999997,60.198449999999966,7700
2026-07-30T00:30:00+00:00,60.198449999999966,60.247449999999965,59.94044999999997,59.99344999999997,6492
2026-07-30T00:45:00+00:00,59.99344999999997,60.23644999999997,59.97444999999997,60.15144999999997,6169
2026-07-30T01:00:00+00:00,60.15144999999997,60.86844999999997,60.10644999999997,60.50844999999997,12364
2026-07-30T01:15:00+00:00,60.50844999999997,60.83444999999997,60.494449999999965,60.74944999999997,9739
2026-07-30T01:30:00+00:00,60.74944999999997,60.87344999999997,60.68744999999997,60.74644999999997,7625
2026-07-30T01:45:00+00:00,60.74644999999997,60.841449999999966,60.60044999999997,60.60044999999997,6111
2026-07-30T02:00:00+00:00,60.60044999999997,60.76144999999997,60.45644999999997,60.47144999999997,6052
2026-07-30T02:15:00+00:00,60.47144999999997,60.49644999999997,60.38344999999997,60.44944999999997,4845
2026-07-30T02:30:00+00:00,60.44944999999997,60.463449999999966,59.966449999999966,60.085449999999966,9048
2026-07-30T02:45:00+00:00,60.085449999999966,60.18444999999997,59.92544999999997,59.95344999999997,7384
2026-07-30T03:00:00+00:00,59.95344999999997,60.15444999999997,59.80044999999997,59.87744999999997,6926
2026-07-30T03:15:00+00:00,59.87744999999997,59.902449999999966,59.64544999999997,59.64544999999997,7214
2026-07-30T03:30:00+00:00,59.64544999999997,59.83344999999997,59.56244999999997,59.67244999999997,5323
2026-07-30T03:45:00+00:00,59.67244999999997,59.79544999999997,59.67244999999997,59.771449999999966,4195
2026-07-30T04:00:00+00:00,59.771449999999966,59.79444999999997,59.625449999999965,59.63844999999997,3632
2026-07-30T04:15:00+00:00,59.63844999999997,59.79544999999997,59.56044999999997,59.680449999999965,2771
2026-07-30T04:30:00+00:00,59.680449999999965,59.692449999999965,59.49544999999997,59.52644999999997,3234
2026-07-30T04:45:00+00:00,59.52644999999997,59.646449999999966,59.33444999999997,59.41944999999997,4134
2026-07-30T05:00:00+00:00,59.41944999999997,59.44044999999997,59.24244999999997,59.439449999999965,4758
2026-07-30T05:15:00+00:00,59.439449999999965,59.549449999999965,59.21444999999997,59.54244999999997,3871
2026-07-30T05:30:00+00:00,59.54244999999997,59.73644999999997,59.17644999999997,59.36844999999997,11231
2026-07-30T05:45:00+00:00,59.36844999999997,59.524449999999966,59.247449999999965,59.30444999999997,7332
2026-07-30T06:00:00+00:00,59.30444999999997,59.424449999999965,59.27644999999997,59.308449999999965,8031
2026-07-30T06:15:00+00:00,59.308449999999965,59.53844999999997,59.29844999999997,59.38344999999997,5771
2026-07-30T06:30:00+00:00,59.38344999999997,59.530449999999966,59.32744999999997,59.469449999999966,5089
2026-07-30T06:45:00+00:00,59.469449999999966,59.570449999999965,59.39544999999997,59.427449999999965,4318
2026-07-30T07:00:00+00:00,59.427449999999965,59.80944999999997,59.38844999999997,59.73944999999997,8779
2026-07-30T07:15:00+00:00,59.73944999999997,59.78144999999997,59.509449999999966,59.55144999999997,6022
2026-07-30T07:30:00+00:00,59.55144999999997,59.55944999999997,59.30144999999997,59.503449999999965,5587
2026-07-30T07:45:00+00:00,59.503449999999965,59.53844999999997,59.17544999999997,59.20544999999997,5148
2026-07-30T08:00:00+00:00,59.20544999999997,59.649449999999966,59.15744999999997,59.59544999999997,7858
2026-07-30T08:15:00+00:00,59.59544999999997,60.04444999999997,59.57144999999997,59.98344999999997,6531
2026-07-30T08:30:00+00:00,59.98344999999997,60.11544999999997,59.83744999999996,59.86744999999996,7476
2026-07-30T08:45:00+00:00,59.86744999999996,59.95344999999996,59.771449999999966,59.87644999999996,4898
2026-07-30T09:00:00+00:00,59.87644999999996,60.09344999999996,59.875449999999965,60.01744999999996,5355
2026-07-30T09:15:00+00:00,60.01744999999996,60.156449999999964,59.97444999999996,60.02344999999996,5226
2026-07-30T09:30:00+00:00,60.02344999999996,60.19444999999996,59.95344999999996,60.11744999999996,5183
2026-07-30T09:45:00+00:00,60.11744999999996,60.23944999999996,59.99244999999996,60.000449999999965,3964
2026-07-30T10:00:00+00:00,60.000449999999965,60.24044999999997,59.98144999999997,60.12644999999996,6213
2026-07-30T10:15:00+00:00,60.12644999999996,60.412449999999964,60.101449999999964,60.35844999999996,6449
2026-07-30T10:30:00+00:00,60.35844999999996,60.51144999999996,60.329449999999966,60.47744999999996,6971
2026-07-30T10:45:00+00:00,60.47744999999996,60.53244999999996,60.311449999999965,60.311449999999965,4982
2026-07-30T11:00:00+00:00,60.311449999999965,60.38244999999996,60.23444999999997,60.24644999999997,5492
2026-07-30T11:15:00+00:00,60.24644999999997,60.43544999999997,60.23944999999996,60.31544999999996,4045
2026-07-30T11:30:00+00:00,60.31544999999996,60.345449999999964,60.26144999999996,60.30344999999996,4467
2026-07-30T11:45:00+00:00,60.30344999999996,60.40444999999996,60.26344999999996,60.366449999999965,4650
2026-07-30T12:00:00+00:00,60.366449999999965,60.585449999999966,60.299449999999965,60.55644999999996,5387
2026-07-30T12:15:00+00:00,60.55644999999996,60.55644999999996,60.25444999999996,60.36844999999997,6155
2026-07-30T12:30:00+00:00,60.36844999999997,60.53844999999996,60.16144999999997,60.220449999999964,10686
2026-07-30T12:45:00+00:00,60.220449999999964,60.38544999999996,60.13344999999996,60.24544999999996,8683
2026-07-30T13:00:00+00:00,60.24544999999996,60.36744999999996,60.067449999999965,60.33744999999996,12847
2026-07-30T13:15:00+00:00,60.33744999999996,60.36244999999997,60.08144999999996,60.219449999999966,9642
2026-07-30T13:30:00+00:00,60.219449999999966,60.55144999999997,60.03844999999996,60.29144999999996,23274
2026-07-30T13:45:00+00:00,60.29144999999996,60.79844999999997,60.186449999999965,60.76944999999996,18072
2026-07-30T14:00:00+00:00,60.76944999999996,60.878449999999965,60.33744999999996,60.37144999999997,22891
2026-07-30T14:15:00+00:00,60.37144999999997,60.485449999999965,60.171449999999965,60.378449999999965,19205
2026-07-30T14:30:00+00:00,60.378449999999965,60.71544999999996,60.339449999999964,60.67544999999996,12030
2026-07-30T14:45:00+00:00,60.67544999999996,60.69744999999996,60.42544999999996,60.586449999999964,13495
2026-07-30T15:00:00+00:00,60.586449999999964,60.637449999999966,60.31044999999997,60.35644999999997,13142
2026-07-30T15:15:00+00:00,60.35644999999997,60.78944999999997,60.341449999999966,60.643449999999966,10348
2026-07-30T15:30:00+00:00,60.643449999999966,60.842449999999964,60.57544999999996,60.80044999999996,8429
2026-07-30T15:45:00+00:00,60.80044999999996,60.91044999999996,60.77344999999996,60.86144999999996,7842
2026-07-30T16:00:00+00:00,60.86144999999996,61.18244999999997,60.85244999999996,61.08044999999996,7163
2026-07-30T16:15:00+00:00,61.08044999999996,61.211449999999964,61.04744999999996,61.10344999999997,5251
2026-07-30T16:30:00+00:00,61.10344999999997,61.122449999999965,60.899449999999966,60.90844999999997,6547
2026-07-30T16:45:00+00:00,60.90844999999997,60.97144999999996,60.82244999999996,60.97144999999996,5350
2026-07-30T17:00:00+00:00,60.97144999999996,60.98944999999996,60.820449999999965,60.833449999999964,5045
2026-07-30T17:15:00+00:00,60.833449999999964,61.06844999999996,60.78944999999997,60.94044999999996,6296
2026-07-30T17:30:00+00:00,60.94044999999996,61.12444999999997,60.903449999999964,61.08144999999996,7445
2026-07-30T17:45:00+00:00,61.08144999999996,61.12644999999996,60.96544999999996,61.01344999999996,4527
2026-07-30T18:00:00+00:00,61.01344999999996,61.17944999999997,61.01344999999996,61.16444999999997,3739
2026-07-30T18:15:00+00:00,61.16444999999997,61.17644999999997,61.04844999999997,61.128449999999965,4828
2026-07-30T18:30:00+00:00,61.128449999999965,61.241449999999965,61.10644999999997,61.15744999999996,3988
2026-07-30T18:45:00+00:00,61.15744999999996,61.16944999999996,61.070449999999965,61.10044999999997,3960
2026-07-30T19:00:00+00:00,61.10044999999997,61.32444999999996,61.083449999999964,61.299449999999965,5089
2026-07-30T19:15:00+00:00,61.299449999999965,61.50544999999997,61.24844999999996,61.43544999999997,3666
2026-07-30T19:30:00+00:00,61.43544999999997,61.50544999999997,61.35644999999997,61.424449999999965,2093
2026-07-30T19:45:00+00:00,61.424449999999965,61.47544999999997,61.418449999999964,61.45044999999996,2508
2026-07-30T20:00:00+00:00,61.45044999999996,61.561449999999965,61.42544999999996,61.49944999999997,3700
2026-07-30T20:15:00+00:00,61.49944999999997,61.540449999999964,61.42044999999997,61.42844999999996,2822
2026-07-30T20:30:00+00:00,61.42844999999996,61.44644999999996,61.268449999999966,61.281449999999964,2670
2026-07-30T20:45:00+00:00,61.281449999999964,61.28844999999996,61.152449999999966,61.25544999999997,2873
2026-07-30T22:00:00+00:00,61.25544999999997,61.44444999999996,61.25544999999997,61.418449999999964,1854.725316597557
2026-07-30T22:15:00+00:00,61.418449999999964,61.44944999999996,61.38044999999996,61.409449999999964,1080
2026-07-30T22:30:00+00:00,61.409449999999964,61.439449999999965,61.37944999999996,61.43844999999996,1052
2026-07-30T22:45:00+00:00,61.43844999999996,61.45044999999996,61.40744999999996,61.40844999999997,643
2026-07-30T23:00:00+00:00,61.40844999999997,61.47744999999996,61.348449999999964,61.351449999999964,1016
2026-07-30T23:15:00+00:00,61.351449999999964,61.41044999999996,61.32144999999996,61.381449999999965,833
2026-07-30T23:30:00+00:00,61.381449999999965,61.47244999999997,61.363449999999965,61.463449999999966,943
2026-07-30T23:45:00+00:00,61.463449999999966,61.51644999999996,61.41644999999996,61.421449999999965,1468
2026-07-31T00:00:00+00:00,61.421449999999965,61.509449999999966,61.35844999999996,61.451449999999966,3498
2026-07-31T00:15:00+00:00,61.451449999999966,61.466449999999966,61.320449999999965,61.326449999999966,3031
2026-07-31T00:30:00+00:00,61.326449999999966,61.378449999999965,61.18844999999996,61.27644999999996,2344
2026-07-31T00:45:00+00:00,61.27644999999996,61.277449999999966,61.140449999999966,61.217449999999964,2246
2026-07-31T01:00:00+00:00,61.217449999999964,61.49044999999996,61.12144999999996,61.12144999999996,6803
2026-07-31T01:15:00+00:00,61.12144999999996,61.16644999999996,61.043449999999964,61.12144999999996,4548
2026-07-31T01:30:00+00:00,61.12144999999996,61.131449999999965,60.97444999999996,61.009449999999966,4670
2026-07-31T01:45:00+00:00,61.009449999999966,61.128449999999965,60.988449999999965,61.03644999999997,3719
2026-07-31T02:00:00+00:00,61.03644999999997,61.19744999999996,60.98744999999996,61.098449999999964,3745
2026-07-31T02:15:00+00:00,61.098449999999964,61.098449999999964,60.94644999999996,60.966449999999966,1912
2026-07-31T02:30:00+00:00,60.966449999999966,61.07244999999996,60.86844999999996,60.87144999999996,3376
2026-07-31T02:45:00+00:00,60.87144999999996,60.90744999999996,60.78944999999996,60.85244999999996,2627
2026-07-31T03:00:00+00:00,60.85244999999996,60.85944999999996,60.68244999999996,60.72744999999996,2682
2026-07-31T03:15:00+00:00,60.72744999999996,60.76044999999996,60.655449999999966,60.747449999999965,2391
2026-07-31T03:30:00+00:00,60.747449999999965,60.80944999999996,60.73944999999996,60.77644999999996,1795
2026-07-31T03:45:00+00:00,60.77644999999996,60.814449999999965,60.708449999999964,60.71244999999996,1272
2026-07-31T04:00:00+00:00,60.71244999999996,60.811449999999965,60.692449999999965,60.80344999999996,1219
2026-07-31T04:15:00+00:00,60.80344999999996,60.875449999999965,60.78944999999996,60.87444999999996,1124
2026-07-31T04:30:00+00:00,60.87444999999996,60.96244999999996,60.854449999999964,60.933449999999965,769
2026-07-31T04:45:00+00:00,60.933449999999965,60.99644999999996,60.87744999999996,60.99644999999996,1014
2026-07-31T05:00:00+00:00,60.99644999999996,61.125449999999965,60.973449999999964,60.98044999999996,2176
2026-07-31T05:15:00+00:00,60.98044999999996,61.01344999999996,60.92844999999996,60.970449999999964,1404
2026-07-31T05:30:00+00:00,60.970449999999964,60.98144999999996,60.802449999999965,60.817449999999965,4804
2026-07-31T05:45:00+00:00,60.817449999999965,60.817449999999965,60.59644999999996,60.69344999999996,4431
2026-07-31T06:00:00+00:00,60.69344999999996,60.87144999999996,60.62444999999996,60.82244999999996,4551
2026-07-31T06:15:00+00:00,60.82244999999996,60.92244999999996,60.747449999999965,60.905449999999966,4742
2026-07-31T06:30:00+00:00,60.905449999999966,60.905449999999966,60.656449999999964,60.66744999999996,4389
2026-07-31T06:45:00+00:00,60.66744999999996,60.726449999999964,60.576449999999966,60.60844999999996,4530
2026-07-31T07:00:00+00:00,60.60844999999996,60.60944999999996,60.38644999999996,60.48744999999996,3470
2026-07-31T07:15:00+00:00,60.48744999999996,60.57744999999996,60.43844999999996,60.51344999999996,4358
2026-07-31T07:30:00+00:00,60.51344999999996,60.68744999999996,60.47444999999996,60.650449999999964,4099
2026-07-31T07:45:00+00:00,60.650449999999964,60.73644999999996,60.567449999999965,60.57444999999996,3498
2026-07-31T08:00:00+00:00,60.57444999999996,60.58144999999996,60.44444999999996,60.54444999999996,4613
2026-07-31T08:15:00+00:00,60.54444999999996,60.62644999999996,60.396449999999966,60.39844999999996,4076
2026-07-31T08:30:00+00:00,60.39844999999996,60.49644999999996,60.35344999999996,60.45544999999996,4095
2026-07-31T08:45:00+00:00,60.45544999999996,60.540449999999964,60.402449999999966,60.485449999999965,4069
2026-07-31T09:00:00+00:00,60.485449999999965,60.60344999999996,60.345449999999964,60.439449999999965,4501
2026-07-31T09:15:00+00:00,60.439449999999965,60.466449999999966,60.314449999999965,60.35044999999997,4445
2026-07-31T09:30:00+00:00,60.35044999999997,60.38344999999996,60.226449999999964,60.345449999999964,3044
2026-07-31T09:45:00+00:00,60.345449999999964,60.39844999999996,60.27944999999996,60.30644999999996,2400
2026-07-31T10:00:00+00:00,60.30644999999996,60.40444999999996,60.27044999999996,60.34044999999996,2622
2026-07-31T10:15:00+00:00,60.34044999999996,60.35944999999996,60.25844999999996,60.299449999999965,2069
2026-07-31T10:30:00+00:00,60.299449999999965,60.40144999999996,60.26644999999996,60.37444999999996,2842
2026-07-31T10:45:00+00:00,60.37444999999996,60.40444999999996,60.19444999999996,60.210449999999966,2413
2026-07-31T11:00:00+00:00,60.210449999999966,60.335449999999966,60.079449999999966,60.29244999999996,3928
2026-07-31T11:15:00+00:00,60.29244999999996,60.39444999999996,60.214449999999964,60.30444999999996,4493
2026-07-31T11:30:00+00:00,60.30444999999996,60.305449999999965,59.991449999999965,60.04744999999996,4436
2026-07-31T11:45:00+00:00,60.04744999999996,60.223449999999964,60.02644999999996,60.174449999999965,3125
2026-07-31T12:00:00+00:00,60.174449999999965,60.253449999999965,60.06044999999996,60.15844999999997,3822
2026-07-31T12:15:00+00:00,60.15844999999997,60.20644999999996,59.96844999999996,59.976449999999964,4133
2026-07-31T12:30:00+00:00,59.976449999999964,60.131449999999965,59.86844999999996,60.05944999999996,6183
2026-07-31T12:45:00+00:00,60.05944999999996,60.12444999999996,59.960449999999966,59.98044999999996,4978
2026-07-31T13:00:00+00:00,59.98044999999996,60.03244999999996,59.61844999999996,59.66344999999996,12851
2026-07-31T13:15:00+00:00,59.66344999999996,59.88044999999996,59.54444999999996,59.851449999999964,8727
2026-07-31T13:30:00+00:00,59.851449999999964,59.88344999999996,59.42844999999996,59.52644999999996,16823
2026-07-31T13:45:00+00:00,59.52644999999996,59.71244999999996,59.45644999999996,59.55444999999996,17696
2026-07-31T14:00:00+00:00,59.55444999999996,59.723449999999964,59.37644999999996,59.58144999999996,14419
2026-07-31T14:15:00+00:00,59.58144999999996,59.76144999999996,59.52044999999996,59.70044999999996,11625
2026-07-31T14:30:00+00:00,59.70044999999996,59.841449999999966,59.66444999999996,59.820449999999965,8334
2026-07-31T14:45:00+00:00,59.820449999999965,60.04844999999996,59.80644999999996,59.857449999999965,11806
2026-07-31T15:00:00+00:00,59.857449999999965,59.948449999999966,59.753449999999965,59.90444999999996,12597
2026-07-31T15:15:00+00:00,59.90444999999996,60.034449999999964,59.67344999999996,59.704449999999966,8805
2026-07-31T15:30:00+00:00,59.704449999999966,59.84344999999996,59.598449999999964,59.778449999999964,9646
2026-07-31T15:45:00+00:00,59.778449999999964,59.87144999999996,59.704449999999966,59.82544999999996,7922
2026-07-31T16:00:00+00:00,59.82544999999996,59.84644999999996,59.692449999999965,59.78244999999996,7008
2026-07-31T16:15:00+00:00,59.78244999999996,59.88644999999996,59.714449999999964,59.86144999999996,6352
2026-07-31T16:30:00+00:00,59.86144999999996,59.98144999999996,59.778449999999964,59.78944999999996,5632
2026-07-31T16:45:00+00:00,59.78944999999996,59.86444999999996,59.774449999999966,59.81644999999996,5255
2026-07-31T17:00:00+00:00,59.81644999999996,59.890449999999966,59.74544999999996,59.88944999999996,4705
2026-07-31T17:15:00+00:00,59.88944999999996,60.16444999999996,59.87144999999996,60.10644999999996,7089
2026-07-31T17:30:00+00:00,60.10644999999996,60.24344999999996,60.076449999999966,60.16344999999996,6571
2026-07-31T17:45:00+00:00,60.16344999999996,60.271449999999966,60.11744999999996,60.22144999999996,5277
2026-07-31T18:00:00+00:00,60.22144999999996,60.27644999999996,60.12944999999996,60.159449999999964,4698
2026-07-31T18:15:00+00:00,60.159449999999964,60.25544999999996,60.125449999999965,60.208449999999964,4529
2026-07-31T18:30:00+00:00,60.208449999999964,60.27044999999996,60.152449999999966,60.229449999999964,2775
2026-07-31T18:45:00+00:00,60.229449999999964,60.293449999999964,60.195449999999965,60.28244999999996,2233
2026-07-31T19:00:00+00:00,60.28244999999996,60.341449999999966,60.210449999999966,60.25544999999996,2275
2026-07-31T19:15:00+00:00,60.25544999999996,60.32244999999996,60.23144999999996,60.29844999999996,3251
2026-07-31T19:30:00+00:00,60.29844999999996,60.30444999999996,60.16344999999996,60.28844999999996,3496
2026-07-31T19:45:00+00:00,60.28844999999996,60.342449999999964,60.24644999999996,60.27344999999996,6476
2026-07-31T20:00:00+00:00,60.27344999999996,60.30644999999996,60.06644999999996,60.12144999999996,2806
2026-07-31T20:15:00+00:00,60.12144999999996,60.17644999999996,60.11144999999996,60.131449999999965,1454
2026-07-31T20:30:00+00:00,60.131449999999965,60.25144999999996,60.10044999999997,60.13044999999996,1130
2026-08-02T22:00:00+00:00,60.13044999999996,61.135449999999956,60.04244999999995,60.949449999999956,3254.929749594052
2026-08-02T22:15:00+00:00,60.949449999999956,60.959449999999954,60.78944999999995,60.90944999999995,3072
2026-08-02T22:30:00+00:00,60.90944999999995,61.001449999999956,60.901449999999954,60.97944999999995,2157
2026-08-02T22:45:00+00:00,60.97944999999995,60.995449999999956,60.85344999999995,60.85344999999995,1875
2026-08-02T23:00:00+00:00,60.85344999999995,60.88144999999995,60.70444999999995,60.769449999999956,2181
2026-08-02T23:15:00+00:00,60.769449999999956,60.873449999999956,60.742449999999955,60.84744999999995,1665
2026-08-02T23:30:00+00:00,60.84744999999995,60.852449999999955,60.72844999999995,60.77444999999995,953
2026-08-02T23:45:00+00:00,60.77444999999995,60.837449999999954,60.718449999999955,60.834449999999954,4373
2026-08-03T00:00:00+00:00,60.834449999999954,60.93244999999995,60.65644999999995,60.699449999999956,6566
2026-08-03T00:15:00+00:00,60.699449999999956,60.767449999999954,60.46044999999995,60.53444999999995,6015
2026-08-03T00:30:00+00:00,60.53444999999995,60.675449999999955,60.401449999999954,60.443449999999956,6614
2026-08-03T00:45:00+00:00,60.443449999999956,60.571449999999956,60.42744999999995,60.48144999999995,7288
2026-08-03T01:00:00+00:00,60.48144999999995,60.85944999999995,60.346449999999955,60.584449999999954,13850
2026-08-03T01:15:00+00:00,60.584449999999954,60.75244999999995,60.474449999999955,60.67744999999995,9236
2026-08-03T01:30:00+00:00,60.67744999999995,60.766449999999956,60.577449999999956,60.690449999999956,8598
2026-08-03T01:45:00+00:00,60.690449999999956,60.788449999999955,60.575449999999954,60.73144999999995,7015
2026-08-03T02:00:00+00:00,60.73144999999995,60.819449999999954,60.60344999999995,60.66144999999995,7541
2026-08-03T02:15:00+00:00,60.66144999999995,60.74444999999995,60.54844999999995,60.675449999999955,2998
2026-08-03T02:30:00+00:00,60.675449999999955,60.70744999999995,60.47344999999995,60.60344999999995,5328
2026-08-03T02:45:00+00:00,60.60344999999995,60.73244999999995,60.559449999999956,60.65244999999995,5642
2026-08-03T03:00:00+00:00,60.65244999999995,60.78044999999995,60.64344999999995,60.70444999999995,4675
2026-08-03T03:15:00+00:00,60.70444999999995,60.81644999999995,60.61644999999995,60.678449999999955,4190
2026-08-03T03:30:00+00:00,60.678449999999955,60.76244999999995,60.64344999999995,60.681449999999955,2670
2026-08-03T03:45:00+00:00,60.681449999999955,60.78044999999995,60.651449999999954,60.769449999999956,2178
2026-08-03T04:00:00+00:00,60.769449999999956,60.879449999999956,60.74644999999995,60.803449999999955,2156
2026-08-03T04:15:00+00:00,60.803449999999955,60.934449999999956,60.79544999999995,60.907449999999955,1948
2026-08-03T04:30:00+00:00,60.907449999999955,61.081449999999954,60.907449999999955,61.081449999999954,1739
2026-08-03T04:45:00+00:00,61.081449999999954,61.10944999999995,60.81344999999995,60.822449999999954,2151
2026-08-03T05:00:00+00:00,60.822449999999954,60.86944999999995,60.67144999999995,60.69844999999995,3858
2026-08-03T05:15:00+00:00,60.69844999999995,60.779449999999954,60.608449999999955,60.67044999999995,3088
2026-08-03T05:30:00+00:00,60.67044999999995,60.67044999999995,60.31744999999995,60.50644999999995,6365
2026-08-03T05:45:00+00:00,60.50644999999995,60.705449999999956,60.437449999999956,60.69544999999995,4022
2026-08-03T06:00:00+00:00,60.69544999999995,60.748449999999956,60.63144999999995,60.67144999999995,5693
2026-08-03T06:15:00+00:00,60.67144999999995,61.132449999999956,60.65344999999995,60.89344999999995,7068
2026-08-03T06:30:00+00:00,60.89344999999995,60.904449999999954,60.696449999999956,60.72644999999995,4863
2026-08-03T06:45:00+00:00,60.72644999999995,60.79844999999995,60.635449999999956,60.65044999999996,4388
2026-08-03T07:00:00+00:00,60.65044999999996,60.69244999999995,60.483449999999955,60.53444999999995,4854
2026-08-03T07:15:00+00:00,60.53444999999995,60.59144999999995,60.33244999999995,60.556449999999955,7432
2026-08-03T07:30:00+00:00,60.556449999999955,60.699449999999956,60.556449999999955,60.663449999999955,4356
2026-08-03T07:45:00+00:00,60.663449999999955,60.88044999999995,60.65944999999995,60.81644999999995,3458
2026-08-03T08:00:00+00:00,60.81644999999995,60.828449999999954,60.706449999999954,60.788449999999955,4079
2026-08-03T08:15:00+00:00,60.788449999999955,60.797449999999955,60.696449999999956,60.72544999999995,3818
2026-08-03T08:30:00+00:00,60.72544999999995,60.910449999999955,60.700449999999954,60.846449999999955,4447
2026-08-03T08:45:00+00:00,60.846449999999955,60.89744999999996,60.821449999999956,60.864449999999955,3599
2026-08-03T09:00:00+00:00,60.864449999999955,60.913449999999955,60.818449999999956,60.904449999999954,3398
2026-08-03T09:15:00+00:00,60.904449999999954,60.91444999999995,60.690449999999956,60.71644999999995,3277
2026-08-03T09:30:00+00:00,60.71644999999995,60.73844999999995,60.599449999999955,60.68944999999995,5493
2026-08-03T09:45:00+00:00,60.68944999999995,60.78144999999995,60.684449999999956,60.74144999999995,3922
2026-08-03T10:00:00+00:00,60.74144999999995,60.74444999999995,60.623449999999956,60.687449999999956,3240
2026-08-03T10:15:00+00:00,60.687449999999956,60.71144999999996,60.569449999999954,60.602449999999955,3723
2026-08-03T10:30:00+00:00,60.602449999999955,60.60444999999995,60.44544999999995,60.471449999999955,3382
2026-08-03T10:45:00+00:00,60.471449999999955,60.53044999999995,60.41544999999995,60.50244999999995,2703
2026-08-03T11:00:00+00:00,60.50244999999995,60.51844999999995,60.37744999999995,60.47044999999995,4617
2026-08-03T11:15:00+00:00,60.47044999999995,60.49644999999995,60.324449999999956,60.382449999999956,3735
2026-08-03T11:30:00+00:00,60.382449999999956,60.47344999999995,60.27144999999995,60.46744999999995,3899
2026-08-03T11:45:00+00:00,60.46744999999995,60.590449999999954,60.36644999999995,60.53044999999995,5059
2026-08-03T12:00:00+00:00,60.53044999999995,60.580449999999956,60.27144999999995,60.37544999999995,5266
2026-08-03T12:15:00+00:00,60.37544999999995,60.392449999999954,60.166449999999955,60.17644999999995,5531
2026-08-03T12:30:00+00:00,60.17644999999995,60.242449999999955,60.00344999999995,60.04544999999995,5753
2026-08-03T12:45:00+00:00,60.04544999999995,60.09144999999995,59.955449999999956,59.97544999999995,5761
2026-08-03T13:00:00+00:00,59.97544999999995,60.218449999999955,59.248449999999956,59.29944999999995,16512
2026-08-03T13:15:00+00:00,59.29944999999995,59.38144999999995,59.12844999999995,59.23444999999995,12352
2026-08-03T13:30:00+00:00,59.23444999999995,59.49644999999995,59.08844999999995,59.40944999999995,17886
2026-08-03T13:45:00+00:00,59.40944999999995,59.69244999999995,59.35344999999995,59.642449999999954,13016
2026-08-03T14:00:00+00:00,59.642449999999954,59.81444999999995,59.55144999999995,59.758449999999954,10590
2026-08-03T14:15:00+00:00,59.758449999999954,59.77844999999995,59.61644999999995,59.617449999999955,8365
2026-08-03T14:30:00+00:00,59.617449999999955,59.80744999999995,59.58844999999995,59.773449999999954,7430
2026-08-03T14:45:00+00:00,59.773449999999954,59.96144999999996,59.65344999999995,59.83644999999996,6743
2026-08-03T15:00:00+00:00,59.83644999999996,60.01244999999995,59.73444999999995,59.898449999999954,7305
2026-08-03T15:15:00+00:00,59.898449999999954,59.974449999999955,59.72044999999995,59.78044999999995,6999
2026-08-03T15:30:00+00:00,59.78044999999995,59.952449999999956,59.69844999999995,59.907449999999955,7691
2026-08-03T15:45:00+00:00,59.907449999999955,60.04544999999995,59.907449999999955,59.977449999999955,4202
2026-08-03T16:00:00+00:00,59.977449999999955,60.01844999999995,59.90544999999995,59.96044999999995,2928
2026-08-03T16:15:00+00:00,59.96044999999995,60.053449999999955,59.925449999999955,60.007449999999956,3345
2026-08-03T16:30:00+00:00,60.007449999999956,60.28044999999995,59.989449999999955,60.17344999999995,4297
2026-08-03T16:45:00+00:00,60.17344999999995,60.29644999999995,60.13444999999995,60.19544999999995,3403
2026-08-03T17:00:00+00:00,60.19544999999995,60.230449999999955,60.080449999999956,60.15844999999995,3182
2026-08-03T17:15:00+00:00,60.15844999999995,60.30544999999995,60.142449999999954,60.178449999999955,4086
2026-08-03T17:30:00+00:00,60.178449999999955,60.33244999999995,60.178449999999955,60.29644999999995,2984
2026-08-03T17:45:00+00:00,60.29644999999995,60.31144999999995,60.160449999999955,60.16244999999995,2800
2026-08-03T18:00:00+00:00,60.16244999999995,60.453449999999954,60.141449999999956,60.349449999999955,3294
2026-08-03T18:15:00+00:00,60.349449999999955,60.437449999999956,60.34444999999995,60.41444999999995,3789
2026-08-03T18:30:00+00:00,60.41444999999995,60.459449999999954,60.376449999999956,60.44144999999995,1847
2026-08-03T18:45:00+00:00,60.44144999999995,60.46344999999995,60.40044999999996,60.42944999999995,3005
2026-08-03T19:00:00+00:00,60.42944999999995,60.62244999999995,60.42444999999995,60.544449999999955,3776
2026-08-03T19:15:00+00:00,60.544449999999955,60.72344999999995,60.53444999999995,60.64044999999995,3092
2026-08-03T19:30:00+00:00,60.64044999999995,60.74944999999995,60.60044999999995,60.635449999999956,2490
2026-08-03T19:45:00+00:00,60.635449999999956,60.693449999999956,60.55244999999995,60.581449999999954,4460
2026-08-03T20:00:00+00:00,60.581449999999954,60.58644999999996,60.516449999999956,60.571449999999956,1369
2026-08-03T20:15:00+00:00,60.571449999999956,60.64344999999995,60.56644999999995,60.639449999999954,1087
2026-08-03T20:30:00+00:00,60.639449999999954,60.727449999999955,60.63744999999995,60.703449999999954,1168
2026-08-03T20:45:00+00:00,60.703449999999954,60.721449999999955,60.66244999999995,60.709449999999954,871
2026-08-03T22:00:00+00:00,60.709449999999954,60.821449999999956,60.49344999999996,60.581449999999954,1660.1643247692398
2026-08-03T22:15:00+00:00,60.581449999999954,60.617449999999955,60.56744999999996,60.61544999999996,573
2026-08-03T22:30:00+00:00,60.61544999999996,60.67044999999996,60.605449999999955,60.65544999999996,521
2026-08-03T22:45:00+00:00,60.65544999999996,60.684449999999956,60.635449999999956,60.65844999999996,538
2026-08-03T23:00:00+00:00,60.65844999999996,60.68044999999996,60.61844999999996,60.639449999999954,698
2026-08-03T23:15:00+00:00,60.639449999999954,60.660449999999955,60.602449999999955,60.611449999999955,723
2026-08-03T23:30:00+00:00,60.611449999999955,60.62144999999996,60.59744999999996,60.60044999999996,478
2026-08-03T23:45:00+00:00,60.60044999999996,60.78144999999996,60.59744999999996,60.77144999999996,747
2026-08-04T00:00:00+00:00,60.77144999999996,61.077449999999956,60.74144999999996,60.90844999999996,3536
2026-08-04T00:15:00+00:00,60.90844999999996,60.928449999999955,60.81044999999996,60.84544999999996,2294
2026-08-04T00:30:00+00:00,60.84544999999996,60.87844999999996,60.76844999999996,60.782449999999955,1899
2026-08-04T00:45:00+00:00,60.782449999999955,60.864449999999955,60.63044999999996,60.65044999999996,2759
2026-08-04T01:00:00+00:00,60.65044999999996,60.76844999999996,60.49744999999996,60.63144999999996,9002
2026-08-04T01:15:00+00:00,60.63144999999996,60.85644999999996,60.60444999999996,60.84844999999996,5675
2026-08-04T01:30:00+00:00,60.84844999999996,61.248449999999956,60.843449999999955,61.16544999999996,6882
2026-08-04T01:45:00+00:00,61.16544999999996,61.346449999999955,61.136449999999954,61.16744999999996,5872
2026-08-04T02:00:00+00:00,61.16744999999996,61.212449999999954,61.06144999999996,61.144449999999956,6855
2026-08-04T02:15:00+00:00,61.144449999999956,61.24644999999996,61.144449999999956,61.16844999999996,3491
2026-08-04T02:30:00+00:00,61.16844999999996,61.325449999999954,61.096449999999955,61.30244999999996,5770
2026-08-04T02:45:00+00:00,61.30244999999996,61.325449999999954,61.144449999999956,61.15044999999996,5251
2026-08-04T03:00:00+00:00,61.15044999999996,61.24644999999996,61.108449999999955,61.160449999999955,4741
2026-08-04T03:15:00+00:00,61.160449999999955,61.32944999999996,61.138449999999956,61.24944999999996,4552
2026-08-04T03:30:00+00:00,61.24944999999996,61.273449999999954,61.129449999999956,61.13444999999996,2601
2026-08-04T03:45:00+00:00,61.13444999999996,61.230449999999955,61.12444999999996,61.17644999999996,1862
2026-08-04T04:00:00+00:00,61.17644999999996,61.28344999999996,61.157449999999955,61.28144999999996,1748
2026-08-04T04:15:00+00:00,61.28144999999996,61.42644999999996,61.25944999999996,61.413449999999955,2122
2026-08-04T04:30:00+00:00,61.413449999999955,61.47044999999996,61.40544999999996,61.43844999999996,1811
2026-08-04T04:45:00+00:00,61.43844999999996,61.65044999999996,61.43244999999996,61.47044999999996,2114
2026-08-04T05:00:00+00:00,61.47044999999996,61.495449999999956,61.24744999999996,61.270449999999954,1812
2026-08-04T05:15:00+00:00,61.270449999999954,61.47644999999996,61.25244999999996,61.437449999999956,1503
2026-08-04T05:30:00+00:00,61.437449999999956,61.562449999999956,61.330449999999956,61.42644999999996,3400
2026-08-04T05:45:00+00:00,61.42644999999996,61.538449999999955,61.41244999999996,61.50644999999996,5993
2026-08-04T06:00:00+00:00,61.50644999999996,61.67044999999996,61.49644999999996,61.56144999999996,5306
2026-08-04T06:15:00+00:00,61.56144999999996,61.56344999999996,61.40944999999996,61.43544999999996,3801
2026-08-04T06:30:00+00:00,61.43544999999996,61.43844999999996,61.303449999999955,61.40844999999996,3577
2026-08-04T06:45:00+00:00,61.40844999999996,61.459449999999954,61.36344999999996,61.43544999999996,3290
2026-08-04T07:00:00+00:00,61.43544999999996,61.56044999999996,61.428449999999955,61.456449999999954,3977
2026-08-04T07:15:00+00:00,61.456449999999954,61.587449999999954,61.45144999999996,61.520449999999954,3471
2026-08-04T07:30:00+00:00,61.520449999999954,61.623449999999956,61.40644999999996,61.41544999999996,3086
2026-08-04T07:45:00+00:00,61.41544999999996,61.50544999999996,61.41244999999996,61.48744999999996,3239
2026-08-04T08:00:00+00:00,61.48744999999996,61.675449999999955,61.46144999999996,61.544449999999955,4359
2026-08-04T08:15:00+00:00,61.544449999999955,61.571449999999956,61.40044999999996,61.452449999999956,3075
2026-08-04T08:30:00+00:00,61.452449999999956,61.605449999999955,61.376449999999956,61.42444999999996,4350
2026-08-04T08:45:00+00:00,61.42444999999996,61.42644999999996,61.25944999999996,61.270449999999954,3581
2026-08-04T09:00:00+00:00,61.270449999999954,61.276449999999954,61.09444999999996,61.148449999999954,3767
2026-08-04T09:15:00+00:00,61.148449999999954,61.242449999999955,61.11544999999996,61.242449999999955,3149
2026-08-04T09:30:00+00:00,61.242449999999955,61.327449999999956,61.18944999999996,61.32344999999996,2561
2026-08-04T09:45:00+00:00,61.32344999999996,61.32644999999996,61.178449999999955,61.261449999999954,2642
2026-08-04T10:00:00+00:00,61.261449999999954,61.267449999999954,61.15944999999996,61.178449999999955,2581
2026-08-04T10:15:00+00:00,61.178449999999955,61.36044999999996,61.13444999999996,61.18344999999996,1811
2026-08-04T10:30:00+00:00,61.18344999999996,61.337449999999954,61.077449999999956,61.29844999999996,3740
2026-08-04T10:45:00+00:00,61.29844999999996,61.553449999999955,61.28044999999996,61.309449999999956,8997
2026-08-04T11:00:00+00:00,61.309449999999956,61.43844999999996,61.266449999999956,61.392449999999954,5551
2026-08-04T11:15:00+00:00,61.392449999999954,61.590449999999954,61.38744999999996,61.58844999999996,4875
2026-08-04T11:30:00+00:00,61.58844999999996,61.77444999999996,61.483449999999955,61.75344999999996,6861
2026-08-04T11:45:00+00:00,61.75344999999996,61.98544999999996,61.684449999999956,61.950449999999954,10757
2026-08-04T12:00:00+00:00,61.950449999999954,61.98144999999996,61.651449999999954,61.703449999999954,6017
2026-08-04T12:15:00+00:00,61.703449999999954,62.06644999999996,61.639449999999954,62.06644999999996,4455
2026-08-04T12:30:00+00:00,62.06644999999996,62.44444999999996,62.06644999999996,62.18044999999996,9943
2026-08-04T12:45:00+00:00,62.18044999999996,62.370449999999956,62.117449999999955,62.36544999999996,8131
2026-08-04T13:00:00+00:00,62.36544999999996,62.37144999999996,61.91744999999996,61.995449999999956,12483
2026-08-04T13:15:00+00:00,61.995449999999956,62.361449999999955,61.855449999999955,62.22944999999996,13672
2026-08-04T13:30:00+00:00,62.22944999999996,62.507449999999956,62.11644999999996,62.242449999999955,15129
2026-08-04T13:45:00+00:00,62.242449999999955,62.39944999999996,62.16544999999996,62.17344999999996,11685
2026-08-04T14:00:00+00:00,62.17344999999996,62.349449999999955,62.090449999999954,62.33644999999996,8915
2026-08-04T14:15:00+00:00,62.33644999999996,62.36544999999996,61.983449999999955,62.04244999999996,9759
2026-08-04T14:30:00+00:00,62.04244999999996,62.050449999999955,61.791449999999955,61.90544999999996,10144
2026-08-04T14:45:00+00:00,61.90544999999996,62.053449999999955,61.86544999999996,62.03644999999996,4366
2026-08-04T15:00:00+00:00,62.03644999999996,62.105449999999955,61.983449999999955,62.03044999999996,3353
2026-08-04T15:15:00+00:00,62.03044999999996,62.06044999999996,61.822449999999954,61.90244999999996,6732
2026-08-04T15:30:00+00:00,61.90244999999996,62.20444999999996,61.89644999999996,62.18044999999996,7539
2026-08-04T15:45:00+00:00,62.18044999999996,62.30844999999996,62.139449999999954,62.239449999999955,5965
2026-08-04T16:00:00+00:00,62.239449999999955,62.28744999999996,62.17044999999996,62.196449999999956,3508
2026-08-04T16:15:00+00:00,62.196449999999956,62.410449999999955,62.12244999999996,62.31944999999996,3277
2026-08-04T16:30:00+00:00,62.31944999999996,62.35444999999996,62.24644999999996,62.34844999999996,2664
2026-08-04T16:45:00+00:00,62.34844999999996,62.401449999999954,62.30244999999996,62.33944999999996,2927
2026-08-04T17:00:00+00:00,62.33944999999996,62.50844999999996,62.279449999999954,62.47544999999996,5131
2026-08-04T17:15:00+00:00,62.47544999999996,62.553449999999955,62.37444999999996,62.376449999999956,6009
2026-08-04T17:30:00+00:00,62.376449999999956,62.46644999999996,62.31744999999996,62.43344999999996,3303
2026-08-04T17:45:00+00:00,62.43344999999996,62.449449999999956,62.28744999999996,62.306449999999955,3725
2026-08-04T18:00:00+00:00,62.306449999999955,62.32944999999996,62.199449999999956,62.260449999999956,3899
2026-08-04T18:15:00+00:00,62.260449999999956,62.31044999999996,62.221449999999955,62.239449999999955,3047
2026-08-04T18:30:00+00:00,62.239449999999955,62.25644999999996,62.03444999999996,62.074449999999956,4259
2026-08-04T18:45:00+00:00,62.074449999999956,62.19844999999996,62.068449999999956,62.12144999999996,2165
2026-08-04T19:00:00+00:00,62.12144999999996,62.205449999999956,62.09144999999996,62.123449999999956,1822
2026-08-04T19:15:00+00:00,62.123449999999956,62.22344999999996,62.08244999999996,62.12244999999996,2062
2026-08-04T19:30:00+00:00,62.12244999999996,62.21344999999996,62.07344999999996,62.17444999999996,1837
2026-08-04T19:45:00+00:00,62.17444999999996,62.19244999999996,62.02744999999996,62.08244999999996,2534
2026-08-04T20:00:00+00:00,62.08244999999996,62.13044999999996,62.06644999999996,62.099449999999955,1909
2026-08-04T20:15:00+00:00,62.099449999999955,62.099449999999955,61.97044999999996,62.00044999999996,2222
2026-08-04T20:30:00+00:00,62.00044999999996,62.047449999999955,61.983449999999955,62.03344999999996,1453
2026-08-04T20:45:00+00:00,62.03344999999996,62.06444999999996,62.010449999999956,62.044449999999955,1124
2026-08-04T22:00:00+00:00,62.044449999999955,62.276449999999954,62.044449999999955,62.217449999999964,964.9290414236578
2026-08-04T22:15:00+00:00,62.217449999999964,62.253449999999965,62.20944999999996,62.24344999999997,776
2026-08-04T22:30:00+00:00,62.24344999999997,62.290449999999964,62.23444999999997,62.26144999999996,658
2026-08-04T22:45:00+00:00,62.26144999999996,62.268449999999966,62.17844999999996,62.18244999999997,749
2026-08-04T23:00:00+00:00,62.18244999999997,62.198449999999966,62.092449999999964,62.16644999999996,1394
2026-08-04T23:15:00+00:00,62.16644999999996,62.195449999999965,62.113449999999965,62.13844999999996,1030
2026-08-04T23:30:00+00:00,62.13844999999996,62.147449999999964,62.09044999999996,62.10544999999996,760
2026-08-04T23:45:00+00:00,62.10544999999996,62.16344999999996,62.092449999999964,62.131449999999965,1098
2026-08-05T00:00:00+00:00,62.131449999999965,62.195449999999965,62.09644999999996,62.110449999999965,2301
2026-08-05T00:15:00+00:00,62.110449999999965,62.320449999999965,62.101449999999964,62.29244999999997,1904
2026-08-05T00:30:00+00:00,62.29244999999997,62.400449999999964,62.280449999999966,62.28844999999996,1595
2026-08-05T00:45:00+00:00,62.28844999999996,62.409449999999964,62.27344999999996,62.39544999999996,1689
2026-08-05T01:00:00+00:00,62.39544999999996,62.47844999999997,62.26744999999996,62.37044999999996,6100
2026-08-05T01:15:00+00:00,62.37044999999996,62.41144999999997,62.226449999999964,62.26444999999996,4394
2026-08-05T01:30:00+00:00,62.26444999999996,62.56544999999996,62.214449999999964,62.54844999999997,3623
2026-08-05T01:45:00+00:00,62.54844999999997,62.62644999999996,62.48744999999997,62.59644999999996,3256
2026-08-05T02:00:00+00:00,62.59644999999996,62.60544999999996,62.47444999999996,62.53644999999997,3510
2026-08-05T02:15:00+00:00,62.53644999999997,62.64244999999996,62.51144999999996,62.59344999999996,3037
2026-08-05T02:30:00+00:00,62.59344999999996,63.32144999999996,62.543449999999964,63.229449999999964,6527
2026-08-05T02:45:00+00:00,63.229449999999964,63.537449999999964,63.19944999999996,63.366449999999965,5306
2026-08-05T03:00:00+00:00,63.366449999999965,63.631449999999965,63.311449999999965,63.57844999999996,3801
2026-08-05T03:15:00+00:00,63.57844999999996,63.595449999999964,63.458449999999964,63.470449999999964,2739
2026-08-05T03:30:00+00:00,63.470449999999964,63.49544999999996,63.38944999999996,63.40844999999997,1433
2026-08-05T03:45:00+00:00,63.40844999999997,63.458449999999964,63.397449999999964,63.42344999999997,963
2026-08-05T04:00:00+00:00,63.42344999999997,63.53844999999996,63.409449999999964,63.46844999999996,2083
2026-08-05T04:15:00+00:00,63.46844999999996,63.55344999999996,63.45344999999996,63.49344999999997,1419
2026-08-05T04:30:00+00:00,63.49344999999997,63.54844999999997,63.39844999999996,63.42244999999996,1375
2026-08-05T04:45:00+00:00,63.42244999999996,63.44344999999996,63.35244999999996,63.44144999999997,1207
2026-08-05T05:00:00+00:00,63.44144999999997,63.48044999999996,63.40444999999996,63.463449999999966,1609
2026-08-05T05:15:00+00:00,63.463449999999966,63.62344999999996,63.445449999999965,63.62144999999997,1287
2026-08-05T05:30:00+00:00,63.62144999999997,64.03144999999996,63.62144999999997,64.01644999999996,6830
2026-08-05T05:45:00+00:00,64.01644999999996,64.30445,64.01444999999995,64.10145,7801
2026-08-05T06:00:00+00:00,64.10145,64.23044999999999,64.04845,64.19645,5771
2026-08-05T06:15:00+00:00,64.19645,64.20844999999997,64.06445,64.18544999999999,3920
2026-08-05T06:30:00+00:00,64.18544999999999,64.57945,64.14844999999998,64.51945,4247
2026-08-05T06:45:00+00:00,64.51945,64.55845000000001,64.41745000000002,64.49645000000001,4201
2026-08-05T07:00:00+00:00,64.49645000000001,64.58445,64.32445000000001,64.34245000000001,4804
2026-08-05T07:15:00+00:00,64.34245000000001,64.52145000000002,64.25645,64.27045000000001,4287
2026-08-05T07:30:00+00:00,64.27045000000001,64.48845000000003,64.24145000000001,64.40445000000003,3384
2026-08-05T07:45:00+00:00,64.40445000000003,64.55045000000001,64.37045000000003,64.52645000000001,2646
2026-08-05T08:00:00+00:00,64.52645000000001,64.54445000000001,64.29845000000006,64.30645000000005,3818
2026-08-05T08:15:00+00:00,64.30645000000005,64.31845000000004,64.13445000000004,64.22745000000003,4619
2026-08-05T08:30:00+00:00,64.22745000000003,64.36145000000005,64.13945000000002,64.25745000000003,5527
2026-08-05T08:45:00+00:00,64.25745000000003,64.25745000000003,64.09345000000002,64.13445000000002,4599
2026-08-05T09:00:00+00:00,64.13445000000002,64.32445000000003,64.13445000000002,64.26945000000003,3368
2026-08-05T09:15:00+00:00,64.26945000000003,64.26945000000003,64.08545000000004,64.10445000000004,2922
2026-08-05T09:30:00+00:00,64.10445000000004,64.25845000000005,64.08545000000004,64.21045000000008,2999
2026-08-05T09:45:00+00:00,64.21045000000008,64.21845000000008,64.07545000000007,64.12845000000007,2987
2026-08-05T10:00:00+00:00,64.12845000000007,64.14345000000007,63.891450000000056,63.90845000000006,2597
2026-08-05T10:15:00+00:00,63.90845000000006,64.04445000000007,63.88345000000006,63.896450000000065,2272
2026-08-05T10:30:00+00:00,63.896450000000065,63.93245000000007,63.79845000000007,63.81645000000007,2329
2026-08-05T10:45:00+00:00,63.81645000000007,63.96545000000006,63.76945000000006,63.94945000000006,3649
2026-08-05T11:00:00+00:00,63.94945000000006,64.26145000000008,63.921450000000064,64.24145000000007,4125
2026-08-05T11:15:00+00:00,64.24145000000007,64.50045000000009,64.2104500000001,64.40945000000009,3874
2026-08-05T11:30:00+00:00,64.40945000000009,64.5954500000001,64.3774500000001,64.5464500000001,5376
2026-08-05T11:45:00+00:00,64.5464500000001,64.7184500000001,64.49445000000011,64.6584500000001,4186
2026-08-05T12:00:00+00:00,64.6584500000001,64.91245000000009,64.6584500000001,64.87045000000009,8425
2026-08-05T12:15:00+00:00,64.87045000000009,65.2024500000001,64.87045000000009,64.94845000000011,8253
2026-08-05T12:30:00+00:00,64.94845000000011,65.0264500000001,64.46945000000014,64.50945000000013,6285
2026-08-05T12:45:00+00:00,64.50945000000013,64.59245000000013,64.15245000000016,64.16445000000016,5110
2026-08-05T13:00:00+00:00,64.16445000000016,64.65145000000015,64.16445000000016,64.46845000000016,9483
2026-08-05T13:15:00+00:00,64.46845000000016,64.82845000000015,64.40445000000017,64.78045000000014,8661
2026-08-05T13:30:00+00:00,64.78045000000014,64.84045000000017,64.52045000000015,64.75245000000018,15667
2026-08-05T13:45:00+00:00,64.75245000000018,65.06645000000017,64.55045000000017,65.04445000000018,11667
2026-08-05T14:00:00+00:00,65.04445000000018,65.46645000000018,65.00245000000018,65.21345000000018,13894
2026-08-05T14:15:00+00:00,65.21345000000018,65.3274500000002,65.08045000000018,65.1194500000002,11447
2026-08-05T14:30:00+00:00,65.1194500000002,65.18045000000018,64.88245000000018,65.16945000000018,13239
2026-08-05T14:45:00+00:00,65.16945000000018,65.20445000000018,64.80745000000019,64.94845000000018,10900
2026-08-05T15:00:00+00:00,64.94845000000018,65.22245000000018,64.92645000000019,65.1304500000002,10471
2026-08-05T15:15:00+00:00,65.1304500000002,65.2984500000002,64.91845000000019,65.12445000000021,7159
2026-08-05T15:30:00+00:00,65.12445000000021,65.2334500000002,65.00245000000018,65.04945000000018,5453
2026-08-05T15:45:00+00:00,65.04945000000018,65.12445000000018,64.47345000000018,64.5954500000002,8219
2026-08-05T16:00:00+00:00,64.5954500000002,64.6504500000002,64.42145000000019,64.57745000000023,12202
2026-08-05T16:15:00+00:00,64.57745000000023,64.8404500000002,64.49345000000022,64.8404500000002,6777
2026-08-05T16:30:00+00:00,64.8404500000002,64.93945000000019,64.75245000000021,64.85645000000018,4277
2026-08-05T16:45:00+00:00,64.85645000000018,64.99045000000017,64.71945000000017,64.77645000000017,4791
2026-08-05T17:00:00+00:00,64.77645000000017,64.78945000000017,64.65145000000015,64.7074500000002,8327
2026-08-05T17:15:00+00:00,64.7074500000002,64.80545000000018,64.61745000000018,64.78445000000016,8155
2026-08-05T17:30:00+00:00,64.78445000000016,64.91745000000019,64.72445000000016,64.85245000000018,4536
2026-08-05T17:45:00+00:00,64.85245000000018,65.04345000000018,64.81445000000018,64.86945000000017,4049
2026-08-05T18:00:00+00:00,64.86945000000017,64.92345000000017,64.80545000000018,64.80745000000019,3971
2026-08-05T18:15:00+00:00,64.80745000000019,65.07345000000021,64.79545000000019,64.99145000000019,4964
2026-08-05T18:30:00+00:00,64.99145000000019,65.00045000000019,64.8454500000002,64.90245000000021,4400
2026-08-05T18:45:00+00:00,64.90245000000021,65.00645000000023,64.89245000000021,64.91745000000022,4270
2026-08-05T19:00:00+00:00,64.91745000000022,65.01245000000023,64.89745000000022,64.96445000000023,3626
2026-08-05T19:15:00+00:00,64.96445000000023,64.97245000000024,64.82845000000023,64.82845000000023,4190
2026-08-05T19:30:00+00:00,64.82845000000023,64.83345000000023,64.69345000000024,64.76145000000022,3351
2026-08-05T19:45:00+00:00,64.76145000000022,64.80945000000023,64.71045000000024,64.71745000000024,3657
2026-08-05T20:00:00+00:00,64.71745000000024,64.77745000000026,64.70445000000024,64.76045000000025,2097
2026-08-05T20:15:00+00:00,64.76045000000025,64.76945000000025,64.64745000000028,64.66245000000029,1131
2026-08-05T20:30:00+00:00,64.66245000000029,64.76245000000029,64.6524500000003,64.6994500000003,822
2026-08-05T20:45:00+00:00,64.6994500000003,64.7414500000003,64.6524500000003,64.7154500000003,825
2026-08-05T22:00:00+00:00,64.7154500000003,65.16945000000031,64.7154500000003,64.9994500000003,1468.924889322428
2026-08-05T22:15:00+00:00,64.9994500000003,65.04245000000029,64.98945000000032,65.0334500000003,857
2026-08-05T22:30:00+00:00,65.0334500000003,65.0454500000003,64.95445000000029,64.9634500000003,566
2026-08-05T22:45:00+00:00,64.9634500000003,64.9674500000003,64.9214500000003,64.94145000000032,608
2026-08-05T23:00:00+00:00,64.94145000000032,65.01545000000029,64.92945000000032,65.01545000000029,795
2026-08-05T23:15:00+00:00,65.01545000000029,65.06545000000028,64.99545000000029,65.04145000000028,1140
2026-08-05T23:30:00+00:00,65.04145000000028,65.23945000000029,64.99545000000029,65.17145000000028,1931
2026-08-05T23:45:00+00:00,65.17145000000028,65.17845000000028,65.08145000000029,65.10845000000029,3222
2026-08-06T00:00:00+00:00,65.10845000000029,65.1974500000003,64.95745000000028,65.09245000000027,6053
2026-08-06T00:15:00+00:00,65.09245000000027,65.23745000000028,65.00745000000029,65.06745000000029,5737
2026-08-06T00:30:00+00:00,65.06745000000029,65.28945000000027,65.06745000000029,65.28445000000028,5760
2026-08-06T00:45:00+00:00,65.28445000000028,65.65145000000028,65.26145000000028,65.55945000000028,5040
2026-08-06T01:00:00+00:00,65.55945000000028,65.89845000000028,65.2094500000003,65.31545000000031,15704
2026-08-06T01:15:00+00:00,65.31545000000031,65.4544500000003,64.89445000000033,64.94245000000032,10039
2026-08-06T01:30:00+00:00,64.94245000000032,65.16445000000034,64.92145000000032,65.07245000000034,8382
2026-08-06T01:45:00+00:00,65.07245000000034,65.30845000000033,64.98145000000035,65.12545000000034,9905
2026-08-06T02:00:00+00:00,65.12545000000034,65.43345000000033,65.08745000000035,65.27145000000033,9102
2026-08-06T02:15:00+00:00,65.27145000000033,65.38945000000032,65.24545000000029,65.26345000000029,3122
2026-08-06T02:30:00+00:00,65.26345000000029,65.28845000000032,64.9984500000003,65.28845000000032,6166
2026-08-06T02:45:00+00:00,65.28845000000032,65.33045000000033,65.11145000000033,65.19145000000032,5223
2026-08-06T03:00:00+00:00,65.19145000000032,65.25745000000029,65.07045000000028,65.07245000000027,5419
2026-08-06T03:15:00+00:00,65.07245000000027,65.07945000000026,64.84145000000026,64.91745000000027,6157
2026-08-06T03:30:00+00:00,64.91745000000027,64.96645000000026,64.83745000000026,64.87445000000028,2747
2026-08-06T03:45:00+00:00,64.87445000000028,64.99545000000028,64.83245000000028,64.99545000000028,2682
2026-08-06T04:00:00+00:00,64.99545000000028,65.09445000000026,64.96245000000027,64.98545000000024,2872
2026-08-06T04:15:00+00:00,64.98545000000024,65.02745000000023,64.8994500000002,64.9354500000002,2435
2026-08-06T04:30:00+00:00,64.9354500000002,65.0434500000002,64.9344500000002,64.9594500000002,2464
2026-08-06T04:45:00+00:00,64.9594500000002,65.0674500000002,64.9504500000002,65.03345000000022,2085
2026-08-06T05:00:00+00:00,65.03345000000022,65.07245000000022,64.92245000000023,64.97745000000022,3676
2026-08-06T05:15:00+00:00,64.97745000000022,64.97745000000022,64.71245000000022,64.71245000000022,3074
2026-08-06T05:30:00+00:00,64.71245000000022,64.86245000000022,64.47145000000022,64.84545000000023,6758
2026-08-06T05:45:00+00:00,64.84545000000023,65.07845000000023,64.81045000000023,65.03145000000023,4021
2026-08-06T06:00:00+00:00,65.03145000000023,65.03845000000024,64.77845000000023,64.85545000000025,4410
2026-08-06T06:15:00+00:00,64.85545000000025,64.86545000000024,64.72445000000025,64.81545000000024,3013
2026-08-06T06:30:00+00:00,64.81545000000024,64.82145000000024,64.44445000000022,64.62145000000024,3049
2026-08-06T06:45:00+00:00,64.62145000000024,64.66445000000024,64.47045000000023,64.53545000000022,3004
2026-08-06T07:00:00+00:00,64.53545000000022,64.78445000000022,64.50945000000021,64.73545000000021,4229
2026-08-06T07:15:00+00:00,64.73545000000021,64.83245000000025,64.69645000000021,64.74745000000024,3030
2026-08-06T07:30:00+00:00,64.74745000000024,64.78545000000025,64.64945000000026,64.66645000000025,2730
2026-08-06T07:45:00+00:00,64.66645000000025,64.80845000000025,64.53545000000025,64.80445000000026,3670
2026-08-06T08:00:00+00:00,64.80445000000026,64.86345000000023,64.65545000000026,64.86145000000023,3776
2026-08-06T08:15:00+00:00,64.86145000000023,64.87845000000024,64.64645000000021,64.75045000000021,4559
2026-08-06T08:30:00+00:00,64.75045000000021,64.89545000000021,64.72245000000024,64.75845000000024,4244
2026-08-06T08:45:00+00:00,64.75845000000024,64.97445000000022,64.69045000000023,64.97145000000023,5139
2026-08-06T09:00:00+00:00,64.97145000000023,65.11045000000021,64.7634500000002,64.8644500000002,5067
2026-08-06T09:15:00+00:00,64.8644500000002,64.93645000000022,64.8344500000002,64.9204500000002,3820
2026-08-06T09:30:00+00:00,64.9204500000002,64.9524500000002,64.68745000000021,64.6904500000002,3806
2026-08-06T09:45:00+00:00,64.6904500000002,64.79145000000021,64.68845000000019,64.78945000000019,2372
2026-08-06T10:00:00+00:00,64.78945000000019,64.78945000000019,64.65345000000019,64.67645000000017,2848
2026-08-06T10:15:00+00:00,64.67645000000017,64.77545000000018,64.62945000000018,64.7554500000002,2866
2026-08-06T10:30:00+00:00,64.7554500000002,64.7554500000002,64.6104500000002,64.6374500000002,2785
2026-08-06T10:45:00+00:00,64.6374500000002,64.7954500000002,64.61245000000021,64.62945000000022,2666
2026-08-06T11:00:00+00:00,64.62945000000022,64.70945000000022,64.48745000000021,64.61445000000022,4740
2026-08-06T11:15:00+00:00,64.61445000000022,64.68445000000023,64.51445000000021,64.66545000000022,3254
2026-08-06T11:30:00+00:00,64.66545000000022,64.73245000000021,64.58545000000021,64.58845000000022,3104
2026-08-06T11:45:00+00:00,64.58845000000022,64.71045000000021,64.49345000000022,64.69945000000021,5233
2026-08-06T12:00:00+00:00,64.69945000000021,64.71145000000021,64.4184500000002,64.44045000000023,4822
2026-08-06T12:15:00+00:00,64.44045000000023,64.61145000000022,64.37945000000022,64.52145000000017,5573
2026-08-06T12:30:00+00:00,64.52145000000017,64.70945000000017,64.43745000000018,64.55845000000014,6615
2026-08-06T12:45:00+00:00,64.55845000000014,64.56645000000015,64.13845000000015,64.14745000000013,7060
2026-08-06T13:00:00+00:00,64.14745000000013,64.45745000000012,64.00845000000012,64.08445000000012,13258
2026-08-06T13:15:00+00:00,64.08445000000012,64.29745000000013,63.933450000000114,64.29745000000013,8945
2026-08-06T13:30:00+00:00,64.29745000000013,64.69945000000008,64.24345000000012,64.61845000000008,16577
2026-08-06T13:45:00+00:00,64.61845000000008,64.61845000000008,64.43045000000006,64.51945000000008,13322
2026-08-06T14:00:00+00:00,64.51945000000008,64.63745000000007,64.44245000000006,64.48345000000006,12756
2026-08-06T14:15:00+00:00,64.48345000000006,64.55745000000005,64.34345000000008,64.43945000000008,8974
2026-08-06T14:30:00+00:00,64.43945000000008,64.65445000000005,64.4364500000001,64.62845000000007,8271
2026-08-06T14:45:00+00:00,64.62845000000007,64.64645000000007,64.40045000000006,64.57445000000007,7960
2026-08-06T15:00:00+00:00,64.57445000000007,64.60845000000006,64.42645000000005,64.47145000000003,9332
2026-08-06T15:15:00+00:00,64.47145000000003,64.47145000000003,64.08045000000004,64.29445000000004,10315
2026-08-06T15:30:00+00:00,64.29445000000004,64.29445000000004,64.08645000000004,64.18945000000006,7393
2026-08-06T15:45:00+00:00,64.18945000000006,64.29645000000005,63.86345000000004,63.981450000000045,11999
2026-08-06T16:00:00+00:00,63.981450000000045,64.18745000000004,63.963450000000044,64.00945000000004,11528
2026-08-06T16:15:00+00:00,64.00945000000004,64.01245000000004,63.771450000000044,63.911450000000045,12164
2026-08-06T16:30:00+00:00,63.911450000000045,64.10545000000005,63.911450000000045,64.07845000000006,6330
2026-08-06T16:45:00+00:00,64.07845000000006,64.27445000000003,64.05345000000005,64.23645000000003,4648
2026-08-06T17:00:00+00:00,64.23645000000003,64.32445000000001,64.23045,64.23345,6752
2026-08-06T17:15:00+00:00,64.23345,64.31244999999998,64.20445000000001,64.22944999999999,5041
2026-08-06T17:30:00+00:00,64.22944999999999,64.26144999999998,64.16144999999997,64.23944999999998,4369
2026-08-06T17:45:00+00:00,64.23944999999998,64.42344999999997,64.21344999999997,64.38244999999998,3813
2026-08-06T18:00:00+00:00,64.38244999999998,64.43644999999998,64.31444999999997,64.37345000000002,3752
2026-08-06T18:15:00+00:00,64.37345000000002,64.45245000000003,64.34845000000001,64.41545000000005,3327
2026-08-06T18:30:00+00:00,64.41545000000005,64.53645000000003,64.34945000000005,64.38745000000003,2653
2026-08-06T18:45:00+00:00,64.38745000000003,64.55445000000003,64.36745000000005,64.40845000000007,2160
2026-08-06T19:00:00+00:00,64.40845000000007,64.69345000000007,64.40745000000007,64.60445000000007,3242
2026-08-06T19:15:00+00:00,64.60445000000007,64.63645000000008,64.3864500000001,64.4254500000001,5453
2026-08-06T19:30:00+00:00,64.4254500000001,64.51745000000008,64.36145000000008,64.39045000000007,4306
2026-08-06T19:45:00+00:00,64.39045000000007,64.73645000000005,64.39045000000007,64.69045000000006,7209
2026-08-06T20:00:00+00:00,64.69045000000006,64.87145000000005,64.49745000000007,64.54345000000009,4105
2026-08-06T20:15:00+00:00,64.54345000000009,64.5714500000001,64.41045000000011,64.44045000000011,1982
2026-08-06T20:30:00+00:00,64.44045000000011,64.47445000000012,64.3594500000001,64.36945000000009,1310
2026-08-06T20:45:00+00:00,64.36945000000009,64.4354500000001,64.35445000000009,64.41945000000011,1452
2026-08-06T22:00:00+00:00,64.41945000000011,64.54145000000011,64.3294500000001,64.41145000000009,1071.9669759825329
2026-08-06T22:15:00+00:00,64.41145000000009,64.4634500000001,64.41045000000008,64.44545000000011,1009
2026-08-06T22:30:00+00:00,64.44545000000011,64.46745000000011,64.4024500000001,64.4094500000001,979
2026-08-06T22:45:00+00:00,64.4094500000001,64.4624500000001,64.3974500000001,64.40045000000009,987
2026-08-06T23:00:00+00:00,64.40045000000009,64.4644500000001,64.3834500000001,64.4644500000001,1450
2026-08-06T23:15:00+00:00,64.4644500000001,64.5034500000001,64.44245000000008,64.45945000000009,1056
2026-08-06T23:30:00+00:00,64.45945000000009,64.5464500000001,64.45945000000009,64.5454500000001,1149
2026-08-06T23:45:00+00:00,64.5454500000001,64.5964500000001,64.52445000000009,64.58045000000011,1687
2026-08-07T00:00:00+00:00,64.58045000000011,64.58045000000011,64.40545000000009,64.4314500000001,5233
2026-08-07T00:15:00+00:00,64.4314500000001,64.4394500000001,64.29245000000009,64.35045000000011,5215
2026-08-07T00:30:00+00:00,64.35045000000011,64.3814500000001,64.09645000000012,64.14745000000013,5508
2026-08-07T00:45:00+00:00,64.14745000000013,64.24245000000013,64.09545000000011,64.1294500000001,5244
2026-08-07T01:00:00+00:00,64.1294500000001,64.55645000000013,64.0974500000001,64.51245000000011,10003
2026-08-07T01:15:00+00:00,64.51245000000011,64.80345000000011,64.51245000000011,64.67645000000014,7673
2026-08-07T01:30:00+00:00,64.67645000000014,64.97245000000012,64.60345000000014,64.89045000000013,8484
2026-08-07T01:45:00+00:00,64.89045000000013,65.05645000000015,64.77045000000014,65.01645000000015,5417
2026-08-07T02:00:00+00:00,65.01645000000015,65.21845000000013,65.00845000000015,65.10145000000014,4260
2026-08-07T02:15:00+00:00,65.10145000000014,65.25745000000015,65.07245000000013,65.24945000000014,2332
2026-08-07T02:30:00+00:00,65.24945000000014,65.26845000000014,64.90545000000012,64.90545000000012,5309
2026-08-07T02:45:00+00:00,64.90545000000012,65.08445000000012,64.85045000000011,64.96045000000012,4623
2026-08-07T03:00:00+00:00,64.96045000000012,65.19845000000011,64.95945000000012,65.07245000000012,4833
2026-08-07T03:15:00+00:00,65.07245000000012,65.15945000000015,65.03545000000011,65.15245000000014,4238
2026-08-07T03:30:00+00:00,65.15245000000014,65.25345000000011,65.13045000000014,65.20245000000011,2710
2026-08-07T03:45:00+00:00,65.20245000000011,65.31845000000011,65.16645000000011,65.2964500000001,2419
2026-08-07T04:00:00+00:00,65.2964500000001,65.35745000000009,65.2184500000001,65.29945000000009,3046
2026-08-07T04:15:00+00:00,65.29945000000009,65.31945000000009,65.1554500000001,65.1824500000001,3518
2026-08-07T04:30:00+00:00,65.1824500000001,65.29745000000011,65.1554500000001,65.17945000000012,3390
2026-08-07T04:45:00+00:00,65.17945000000012,65.24345000000012,65.16445000000012,65.22045000000013,1733
2026-08-07T05:00:00+00:00,65.22045000000013,65.29045000000013,65.13045000000011,65.24845000000012,4141
2026-08-07T05:15:00+00:00,65.24845000000012,65.35045000000011,65.19045000000011,65.20845000000011,2706
2026-08-07T05:30:00+00:00,65.20845000000011,65.5274500000001,65.17945000000012,65.39245000000008,8432
2026-08-07T05:45:00+00:00,65.39245000000008,65.74745000000009,65.37245000000007,65.66045000000008,8360
2026-08-07T06:00:00+00:00,65.66045000000008,66.27945000000007,65.58145000000007,66.23145000000007,7887
2026-08-07T06:15:00+00:00,66.23145000000007,66.58145000000006,66.14845000000007,66.28645000000006,9347
2026-08-07T06:30:00+00:00,66.28645000000006,66.69545000000005,66.21145000000007,66.63945000000007,8885
2026-08-07T06:45:00+00:00,66.63945000000007,66.83045000000006,66.55545000000006,66.6694500000001,7697
2026-08-07T07:00:00+00:00,66.6694500000001,66.68045000000009,66.3784500000001,66.50845000000012,5407
2026-08-07T07:15:00+00:00,66.50845000000012,66.67545000000013,66.45545000000013,66.50945000000013,4783
2026-08-07T07:30:00+00:00,66.50945000000013,66.6774500000001,66.49745000000013,66.65745000000013,3024
2026-08-07T07:45:00+00:00,66.65745000000013,66.77845000000013,66.59145000000011,66.77845000000013,4184
2026-08-07T08:00:00+00:00,66.77845000000013,67.18445000000014,66.74045000000012,67.17645000000014,5486
2026-08-07T08:15:00+00:00,67.17645000000014,67.28645000000014,66.92045000000014,66.96645000000015,4971
2026-08-07T08:30:00+00:00,66.96645000000015,67.46745000000016,66.94345000000015,67.23445000000017,6120
2026-08-07T08:45:00+00:00,67.23445000000017,67.37545000000016,67.14745000000016,67.23145000000017,3918
2026-08-07T09:00:00+00:00,67.23145000000017,67.46045000000017,67.18645000000016,67.24145000000016,3886
2026-08-07T09:15:00+00:00,67.24145000000016,67.42445000000016,67.18945000000016,67.26345000000016,3413
2026-08-07T09:30:00+00:00,67.26345000000016,67.49345000000017,67.18545000000016,67.46945000000017,3869
2026-08-07T09:45:00+00:00,67.46945000000017,67.57245000000016,67.30445000000016,67.35445000000016,4969
2026-08-07T10:00:00+00:00,67.35445000000016,67.44745000000016,67.22445000000016,67.24845000000016,3968
2026-08-07T10:15:00+00:00,67.24845000000016,67.31145000000016,67.13745000000016,67.21445000000016,3432
2026-08-07T10:30:00+00:00,67.21445000000016,67.39445000000016,67.20645000000016,67.26845000000016,3145
2026-08-07T10:45:00+00:00,67.26845000000016,67.33845000000017,67.22545000000017,67.22945000000016,3709
2026-08-07T11:00:00+00:00,67.22945000000016,67.33145000000016,67.02445000000017,67.05845000000016,6092
2026-08-07T11:15:00+00:00,67.05845000000016,67.06545000000017,66.85745000000017,67.02845000000019,6033
2026-08-07T11:30:00+00:00,67.02845000000019,67.17045000000019,66.84845000000018,66.99245000000019,5746
2026-08-07T11:45:00+00:00,66.99245000000019,67.11945000000019,66.95645000000019,67.0174500000002,4691
2026-08-07T12:00:00+00:00,67.0174500000002,67.15145000000018,66.9414500000002,67.0254500000002,7384
2026-08-07T12:15:00+00:00,67.0254500000002,67.0734500000002,66.74945000000017,66.79945000000018,8199
2026-08-07T12:30:00+00:00,66.79945000000018,68.12345000000018,66.79945000000018,67.71145000000017,27597
2026-08-07T12:45:00+00:00,67.71145000000017,67.97945000000017,67.55745000000017,67.63945000000018,13535
2026-08-07T13:00:00+00:00,67.63945000000018,67.78645000000017,66.97745000000018,66.98845000000019,18477
2026-08-07T13:15:00+00:00,66.98845000000019,67.1534500000002,66.74645000000018,67.09245000000018,12134
2026-08-07T13:30:00+00:00,67.09245000000018,67.28445000000019,66.8534500000002,67.18345000000019,23055
2026-08-07T13:45:00+00:00,67.18345000000019,67.27745000000019,66.67945000000019,66.83145000000019,21233
2026-08-07T14:00:00+00:00,66.83145000000019,66.85945000000018,66.24445000000017,66.44745000000017,27019
2026-08-07T14:15:00+00:00,66.44745000000017,66.77245000000016,66.25745000000018,66.67345000000014,16822
2026-08-07T14:30:00+00:00,66.67345000000014,66.73145000000015,66.51745000000015,66.56145000000014,17511
2026-08-07T14:45:00+00:00,66.56145000000014,66.63245000000015,66.27045000000012,66.30145000000013,12883
2026-08-07T15:00:00+00:00,66.30145000000013,66.68845000000013,66.27745000000013,66.65545000000013,13950
2026-08-07T15:15:00+00:00,66.65545000000013,66.6704500000001,66.4114500000001,66.41645000000011,11067
2026-08-07T15:30:00+00:00,66.41645000000011,66.52245000000012,66.2894500000001,66.36345000000011,8578
2026-08-07T15:45:00+00:00,66.36345000000011,66.43645000000012,66.22645000000014,66.26145000000017,6507
2026-08-07T16:00:00+00:00,66.26145000000017,66.49345000000017,66.12745000000017,66.44645000000017,6864
2026-08-07T16:15:00+00:00,66.44645000000017,66.49245000000019,66.1624500000002,66.2634500000002,8664
2026-08-07T16:30:00+00:00,66.2634500000002,66.26745000000021,66.1054500000002,66.23545000000021,7148
2026-08-07T16:45:00+00:00,66.23545000000021,66.28445000000022,66.02945000000021,66.0604500000002,8245
2026-08-07T17:00:00+00:00,66.0604500000002,66.2224500000002,65.98545000000021,66.12345000000019,6490
2026-08-07T17:15:00+00:00,66.12345000000019,66.26745000000018,66.04545000000019,66.23045000000016,8323
2026-08-07T17:30:00+00:00,66.23045000000016,66.31245000000017,66.05145000000016,66.24945000000017,7050
2026-08-07T17:45:00+00:00,66.24945000000017,66.33745000000016,66.21345000000015,66.26945000000016,6383
2026-08-07T18:00:00+00:00,66.26945000000016,66.33445000000016,66.09945000000016,66.12845000000016,5778
2026-08-07T18:15:00+00:00,66.12845000000016,66.17945000000014,66.07445000000016,66.12045000000015,6036
2026-08-07T18:30:00+00:00,66.12045000000015,66.26945000000018,66.11645000000014,66.17345000000014,4777
2026-08-07T18:45:00+00:00,66.17345000000014,66.31245000000015,66.17145000000014,66.22645000000016,4051
2026-08-07T19:00:00+00:00,66.22645000000016,66.53245000000013,66.22145000000015,66.44745000000012,8505
2026-08-07T19:15:00+00:00,66.44745000000012,66.61445000000012,66.42245000000011,66.56045000000012,10228
2026-08-07T19:30:00+00:00,66.56045000000012,66.61545000000012,66.50345000000013,66.57245000000013,8808
2026-08-07T19:45:00+00:00,66.57245000000013,66.62545000000014,66.40745000000013,66.53445000000012,8221
2026-08-07T20:00:00+00:00,66.53445000000012,66.53745000000012,66.38745000000014,66.42045000000013,2620
2026-08-07T20:15:00+00:00,66.42045000000013,66.42445000000012,66.34345000000013,66.34845000000013,1648
2026-08-07T20:30:00+00:00,66.34845000000013,66.44745000000015,66.31545000000014,66.37245000000016,1540
2026-08-09T22:00:00+00:00,66.37245000000016,66.75245000000015,66.24845000000013,66.64845000000017,4737.155587668593
2026-08-09T22:15:00+00:00,66.64845000000017,66.66845000000015,66.42945000000014,66.57845000000015,2386
2026-08-09T22:30:00+00:00,66.57845000000015,66.62445000000017,66.51945000000015,66.52845000000013,1946
2026-08-09T22:45:00+00:00,66.52845000000013,66.64445000000013,66.52645000000014,66.54745000000017,711
2026-08-09T23:00:00+00:00,66.54745000000017,66.79345000000013,66.51945000000016,66.76145000000014,1505
2026-08-09T23:15:00+00:00,66.76145000000014,66.84645000000012,66.70145000000014,66.81445000000011,1010
2026-08-09T23:30:00+00:00,66.81445000000011,66.8314500000001,66.57345000000012,66.63645000000014,1535
2026-08-09T23:45:00+00:00,66.63645000000014,66.67245000000014,66.39945000000014,66.43645000000015,3568
2026-08-10T00:00:00+00:00,66.43645000000015,66.94745000000015,66.40545000000014,66.90145000000014,7495
2026-08-10T00:15:00+00:00,66.90145000000014,66.95345000000015,66.57145000000017,66.57645000000016,7647
2026-08-10T00:30:00+00:00,66.57645000000016,66.60545000000016,66.41545000000013,66.43045000000015,6632
2026-08-10T00:45:00+00:00,66.43045000000015,66.51345000000015,66.26145000000017,66.31745000000015,5877
2026-08-10T01:00:00+00:00,66.31745000000015,66.61645000000016,65.95645000000013,66.11845000000017,19938
2026-08-10T01:15:00+00:00,66.11845000000017,66.40445000000014,65.94145000000013,65.94345000000013,8966
2026-08-10T01:30:00+00:00,65.94345000000013,66.21245000000013,65.91145000000013,66.19845000000014,11033
2026-08-10T01:45:00+00:00,66.19845000000014,66.42745000000014,66.18145000000013,66.39145000000013,8004
2026-08-10T02:00:00+00:00,66.39145000000013,66.57645000000014,66.28445000000013,66.50645000000014,6782
2026-08-10T02:15:00+00:00,66.50645000000014,66.75745000000015,66.47145000000015,66.60145000000014,3964
2026-08-10T02:30:00+00:00,66.60145000000014,66.63145000000014,66.36845000000014,66.40045000000013,7542
2026-08-10T02:45:00+00:00,66.40045000000013,66.41745000000014,66.23045000000013,66.30345000000014,5429
2026-08-10T03:00:00+00:00,66.30345000000014,66.34745000000015,66.20045000000015,66.28445000000015,5265
2026-08-10T03:15:00+00:00,66.28445000000015,66.48445000000015,66.26245000000014,66.42945000000014,4664
2026-08-10T03:30:00+00:00,66.42945000000014,66.74245000000013,66.40445000000014,66.56745000000015,3005
2026-08-10T03:45:00+00:00,66.56745000000015,66.59245000000016,66.51245000000016,66.53345000000016,1896
2026-08-10T04:00:00+00:00,66.53345000000016,66.74345000000014,66.48745000000017,66.73845000000013,2958
2026-08-10T04:15:00+00:00,66.73845000000013,66.85945000000012,66.68745000000013,66.73845000000013,2772
2026-08-10T04:30:00+00:00,66.73845000000013,66.83945000000013,66.69145000000012,66.75245000000012,2644
2026-08-10T04:45:00+00:00,66.75245000000012,66.8184500000001,66.70345000000012,66.79445000000014,2850
2026-08-10T05:00:00+00:00,66.79445000000014,66.81845000000015,66.66645000000014,66.70945000000013,2721
2026-08-10T05:15:00+00:00,66.70945000000013,66.72045000000014,66.64245000000014,66.67145000000015,1791
2026-08-10T05:30:00+00:00,66.67145000000015,66.97145000000017,66.55645000000015,66.93345000000016,8179
2026-08-10T05:45:00+00:00,66.93345000000016,67.25645000000019,66.85345000000017,67.0864500000002,5959
2026-08-10T06:00:00+00:00,67.0864500000002,67.18745000000021,66.9804500000002,67.09745000000021,6449
2026-08-10T06:15:00+00:00,67.09745000000021,67.2214500000002,66.97545000000021,67.1594500000002,5303
2026-08-10T06:30:00+00:00,67.1594500000002,67.1654500000002,66.9984500000002,67.13745000000023,4394
2026-08-10T06:45:00+00:00,67.13745000000023,67.21845000000022,67.07445000000021,67.19145000000022,4171
2026-08-10T07:00:00+00:00,67.19145000000022,67.23045000000022,67.01645000000022,67.09745000000022,4667
2026-08-10T07:15:00+00:00,67.09745000000022,67.36145000000022,67.04345000000023,67.27445000000021,4639
2026-08-10T07:30:00+00:00,67.27445000000021,67.36045000000023,67.19145000000022,67.33845000000022,3907
2026-08-10T07:45:00+00:00,67.33845000000022,67.38545000000022,67.20045000000022,67.25545000000022,3851
2026-08-10T08:00:00+00:00,67.25545000000022,67.26845000000023,67.13145000000023,67.20445000000022,3653
2026-08-10T08:15:00+00:00,67.20445000000022,67.33645000000023,67.17645000000022,67.31345000000022,3499
2026-08-10T08:30:00+00:00,67.31345000000022,67.34745000000022,67.02545000000022,67.08845000000022,3776
2026-08-10T08:45:00+00:00,67.08845000000022,67.14745000000023,67.01245000000023,67.13845000000023,3711
2026-08-10T09:00:00+00:00,67.13845000000023,67.19645000000024,67.09645000000023,67.19645000000024,3785
2026-08-10T09:15:00+00:00,67.19645000000024,67.19645000000024,67.11145000000023,67.17345000000023,2551
2026-08-10T09:30:00+00:00,67.17345000000023,67.17345000000023,67.01145000000022,67.07945000000021,3446
2026-08-10T09:45:00+00:00,67.07945000000021,67.1194500000002,66.99945000000021,66.99945000000021,2406
2026-08-10T10:00:00+00:00,66.99945000000021,67.0134500000002,66.9284500000002,66.9424500000002,2958
2026-08-10T10:15:00+00:00,66.9424500000002,67.00145000000023,66.89545000000021,66.99045000000024,2460
2026-08-10T10:30:00+00:00,66.99045000000024,67.01145000000024,66.87445000000022,66.89445000000023,3349
2026-08-10T10:45:00+00:00,66.89445000000023,66.95345000000025,66.83245000000024,66.85045000000025,2695
2026-08-10T11:00:00+00:00,66.85045000000025,67.01145000000025,66.7454500000002,66.82645000000022,3737
2026-08-10T11:15:00+00:00,66.82645000000022,66.98145000000024,66.75145000000023,66.95545000000024,3065
2026-08-10T11:30:00+00:00,66.95545000000024,67.04545000000022,66.9324500000002,66.98545000000021,2824
2026-08-10T11:45:00+00:00,66.98545000000021,67.0354500000002,66.8754500000002,66.98545000000021,3172
2026-08-10T12:00:00+00:00,66.98545000000021,67.0584500000002,66.89245000000018,66.92745000000018,4959
2026-08-10T12:15:00+00:00,66.92745000000018,66.93245000000019,66.69145000000019,66.79445000000018,5319
2026-08-10T12:30:00+00:00,66.79445000000018,66.96045000000018,66.70645000000019,66.82845000000017,5497
2026-08-10T12:45:00+00:00,66.82845000000017,66.93245000000017,66.77745000000013,66.78745000000013,4505
2026-08-10T13:00:00+00:00,66.78745000000013,66.92245000000015,66.52145000000013,66.86845000000015,7976
2026-08-10T13:15:00+00:00,66.86845000000015,66.95745000000014,66.79045000000013,66.88045000000014,5033
2026-08-10T13:30:00+00:00,66.88045000000014,67.07845000000015,66.79945000000015,66.92145000000015,19389
2026-08-10T13:45:00+00:00,66.92145000000015,66.95945000000015,66.56545000000015,66.58545000000015,14537
2026-08-10T14:00:00+00:00,66.58545000000015,66.97745000000012,66.57945000000015,66.95745000000011,10450
2026-08-10T14:15:00+00:00,66.95745000000011,67.55545000000009,66.8554500000001,67.4394500000001,14236
2026-08-10T14:30:00+00:00,67.4394500000001,67.66745000000009,67.39445000000009,67.6394500000001,9575
2026-08-10T14:45:00+00:00,67.6394500000001,67.80545000000009,67.49245000000009,67.6664500000001,7116
2026-08-10T15:00:00+00:00,67.6664500000001,67.76645000000009,67.5744500000001,67.6124500000001,7430
2026-08-10T15:15:00+00:00,67.6124500000001,67.76645000000009,67.4614500000001,67.49845000000009,9306
2026-08-10T15:30:00+00:00,67.49845000000009,67.6964500000001,67.4904500000001,67.56345000000009,8272
2026-08-10T15:45:00+00:00,67.56345000000009,68.0884500000001,67.53345000000009,67.9644500000001,8659
2026-08-10T16:00:00+00:00,67.9644500000001,68.2054500000001,67.9484500000001,68.04245000000009,9759
2026-08-10T16:15:00+00:00,68.04245000000009,68.17045000000009,68.0124500000001,68.10845000000009,7827
2026-08-10T16:30:00+00:00,68.10845000000009,68.23645000000009,67.7524500000001,67.78345000000009,13587
2026-08-10T16:45:00+00:00,67.78345000000009,67.8684500000001,67.7044500000001,67.8544500000001,8809
2026-08-10T17:00:00+00:00,67.8544500000001,67.98045000000009,67.74845000000009,67.9574500000001,7495
2026-08-10T17:15:00+00:00,67.9574500000001,68.0854500000001,67.94445000000009,68.0704500000001,8741
2026-08-10T17:30:00+00:00,68.0704500000001,68.15845000000009,68.0174500000001,68.03745000000009,6920
2026-08-10T17:45:00+00:00,68.03745000000009,68.26645000000009,67.97745000000009,68.0444500000001,7962
2026-08-10T18:00:00+00:00,68.0444500000001,68.1164500000001,67.99245000000009,68.0154500000001,6700
2026-08-10T18:15:00+00:00,68.0154500000001,68.1254500000001,67.9554500000001,68.0384500000001,7111
2026-08-10T18:30:00+00:00,68.0384500000001,68.6634500000001,68.0264500000001,68.5204500000001,7991
2026-08-10T18:45:00+00:00,68.5204500000001,68.5804500000001,68.3574500000001,68.53745000000009,5606
2026-08-10T19:00:00+00:00,68.53745000000009,68.88545000000009,68.53745000000009,68.70045000000009,4311
2026-08-10T19:15:00+00:00,68.70045000000009,69.1044500000001,68.69145000000009,68.8694500000001,6422
2026-08-10T19:30:00+00:00,68.8694500000001,68.96845000000009,68.75445000000009,68.77545000000009,5163
2026-08-10T19:45:00+00:00,68.77545000000009,68.9754500000001,68.60545000000009,68.67745000000009,4944
2026-08-10T20:00:00+00:00,68.67745000000009,68.7144500000001,68.6224500000001,68.66845000000009,1616
2026-08-10T20:15:00+00:00,68.66845000000009,68.7824500000001,68.5984500000001,68.7584500000001,1230
2026-08-10T20:30:00+00:00,68.7584500000001,68.8304500000001,68.7104500000001,68.8204500000001,989
2026-08-10T20:45:00+00:00,68.8204500000001,68.8264500000001,68.6154500000001,68.66845000000009,1207
2026-08-10T22:00:00+00:00,68.66845000000009,69.06845000000008,68.66845000000009,68.97145000000009,1588.3225927113392
2026-08-10T22:15:00+00:00,68.97145000000009,69.00745000000009,68.96445000000008,68.98445000000008,732
2026-08-10T22:30:00+00:00,68.98445000000008,69.05245000000009,68.9424500000001,69.03045000000009,933
2026-08-10T22:45:00+00:00,69.03045000000009,69.10545000000009,69.02845000000009,69.08345000000008,1020
2026-08-10T23:00:00+00:00,69.08345000000008,69.13445000000009,68.98445000000008,69.00745000000009,1289
2026-08-10T23:15:00+00:00,69.00745000000009,69.01345000000009,68.95745000000008,68.97545000000008,589
2026-08-10T23:30:00+00:00,68.97545000000008,69.03045000000009,68.9454500000001,69.01945000000009,1038
2026-08-10T23:45:00+00:00,69.01945000000009,69.05645000000008,68.97245000000008,69.05645000000008,1996
2026-08-11T00:00:00+00:00,69.05645000000008,69.28545000000008,68.96945000000008,69.23345000000009,6392
2026-08-11T00:15:00+00:00,69.23345000000009,69.47645000000009,69.18845000000009,69.42745000000009,4554
2026-08-11T00:30:00+00:00,69.42745000000009,69.4394500000001,69.05745000000009,69.17745000000009,4234
2026-08-11T00:45:00+00:00,69.17745000000009,69.24845000000009,68.92445000000009,69.03145000000009,4316
2026-08-11T01:00:00+00:00,69.03145000000009,69.34245000000008,68.65345000000009,69.27045000000008,16356
2026-08-11T01:15:00+00:00,69.27045000000008,69.36545000000008,69.03945000000009,69.23845000000009,8652
2026-08-11T01:30:00+00:00,69.23845000000009,69.61345000000009,69.05145000000009,69.29245000000009,9236
2026-08-11T01:45:00+00:00,69.29245000000009,69.71645000000008,69.27445000000009,69.5644500000001,9478
2026-08-11T02:00:00+00:00,69.5644500000001,69.58345000000008,69.29645000000009,69.54445000000008,9060
2026-08-11T02:15:00+00:00,69.54445000000008,69.5644500000001,69.4514500000001,69.53045000000009,5289
2026-08-11T02:30:00+00:00,69.53045000000009,69.56945000000009,68.95645000000009,69.10545000000009,8737
2026-08-11T02:45:00+00:00,69.10545000000009,69.13245000000009,68.79445000000008,68.91845000000009,6622
2026-08-11T03:00:00+00:00,68.91845000000009,69.09645000000009,68.91245000000009,69.02645000000008,5279
2026-08-11T03:15:00+00:00,69.02645000000008,69.12045000000009,68.98745000000008,69.05145000000009,6716
2026-08-11T03:30:00+00:00,69.05145000000009,69.1864500000001,69.02445000000009,69.03645000000009,3757
2026-08-11T03:45:00+00:00,69.03645000000009,69.09745000000008,68.99245000000009,69.01345000000009,3305
2026-08-11T04:00:00+00:00,69.01345000000009,69.09245000000008,68.96345000000008,69.02545000000009,2587
2026-08-11T04:15:00+00:00,69.02545000000009,69.05745000000009,68.91145000000009,68.97045000000008,2693
2026-08-11T04:30:00+00:00,68.97045000000008,69.07245000000009,68.67545000000008,68.70645000000009,4851
2026-08-11T04:45:00+00:00,68.70645000000009,68.76945000000009,68.58745000000009,68.76145000000008,3431
2026-08-11T05:00:00+00:00,68.76145000000008,68.77245000000009,68.5614500000001,68.60445000000009,2919
2026-08-11T05:15:00+00:00,68.60445000000009,68.60645000000008,68.28445000000009,68.29145000000008,3827
2026-08-11T05:30:00+00:00,68.29145000000008,68.39445000000009,67.70645000000009,67.94945000000008,14342
2026-08-11T05:45:00+00:00,67.94945000000008,68.07945000000008,67.71745000000008,67.98945000000009,10619
2026-08-11T06:00:00+00:00,67.98945000000009,68.21045000000008,67.89445000000009,67.92645000000009,9010
2026-08-11T06:15:00+00:00,67.92645000000009,68.02145000000009,67.56345000000009,67.59345000000009,8100
2026-08-11T06:30:00+00:00,67.59345000000009,67.76845000000009,67.46245000000009,67.68545000000009,7479
2026-08-11T06:45:00+00:00,67.68545000000009,67.78745000000009,67.61845000000008,67.70945000000009,6408
2026-08-11T07:00:00+00:00,67.70945000000009,67.81345000000009,67.65545000000009,67.74645000000008,4753
2026-08-11T07:15:00+00:00,67.74645000000008,67.76645000000009,67.55145000000009,67.62745000000008,4247
2026-08-11T07:30:00+00:00,67.62745000000008,67.76245000000009,67.54845000000009,67.59945000000009,4615
2026-08-11T07:45:00+00:00,67.59945000000009,67.71845000000009,67.55945000000008,67.66945000000008,3617
2026-08-11T08:00:00+00:00,67.66945000000008,67.96745000000008,67.66745000000009,67.89045000000009,5197
2026-08-11T08:15:00+00:00,67.89045000000009,67.95545000000008,67.76545000000009,67.92145000000009,4208
2026-08-11T08:30:00+00:00,67.92145000000009,68.09245000000008,67.89245000000008,68.07745000000008,3882
2026-08-11T08:45:00+00:00,68.07745000000008,68.27545000000009,67.90045000000009,67.90045000000009,3463
2026-08-11T09:00:00+00:00,67.90045000000009,68.18745000000008,67.85245000000009,68.00045000000009,3550
2026-08-11T09:15:00+00:00,68.00045000000009,68.12645000000009,67.99345000000008,68.04445000000008,4243
2026-08-11T09:30:00+00:00,68.04445000000008,68.14445000000009,68.02945000000008,68.0734500000001,4347
2026-08-11T09:45:00+00:00,68.0734500000001,68.1894500000001,68.06545000000008,68.12345000000009,2608
2026-08-11T10:00:00+00:00,68.12345000000009,68.19945000000008,68.03645000000009,68.11745000000009,3514
2026-08-11T10:15:00+00:00,68.11745000000009,68.37645000000009,68.11745000000009,68.28545000000008,4350
2026-08-11T10:30:00+00:00,68.28545000000008,68.32545000000009,68.20445000000008,68.22545000000008,3552
2026-08-11T10:45:00+00:00,68.22545000000008,68.35645000000008,68.21745000000008,68.34945000000009,3064
2026-08-11T11:00:00+00:00,68.34945000000009,68.56645000000009,68.27445000000009,68.49345000000008,10435
2026-08-11T11:15:00+00:00,68.49345000000008,68.53945000000009,68.37545000000009,68.47845000000008,4738
2026-08-11T11:30:00+00:00,68.47845000000008,68.49845000000009,68.35845000000009,68.42645000000009,3339
2026-08-11T11:45:00+00:00,68.42645000000009,68.53045000000009,68.40445000000008,68.40445000000008,3651
2026-08-11T12:00:00+00:00,68.40445000000008,68.54845000000009,68.24045000000008,68.52945000000008,5289
2026-08-11T12:15:00+00:00,68.52945000000008,68.56545000000008,68.13345000000008,68.16545000000009,7987
2026-08-11T12:30:00+00:00,68.16545000000009,68.33645000000008,68.05445000000009,68.31045000000009,5443
2026-08-11T12:45:00+00:00,68.31045000000009,68.33445000000009,68.06845000000008,68.08645000000008,5000
2026-08-11T13:00:00+00:00,68.08645000000008,68.39645000000009,68.03745000000009,68.14245000000008,9996
2026-08-11T13:15:00+00:00,68.14245000000008,68.3174500000001,68.02945000000008,68.15345000000009,8052
2026-08-11T13:30:00+00:00,68.15345000000009,68.43545000000009,67.94045000000008,68.37245000000009,15591
2026-08-11T13:45:00+00:00,68.37245000000009,68.50045000000009,67.98845000000009,68.10445000000009,15479
2026-08-11T14:00:00+00:00,68.10445000000009,68.1864500000001,67.99645000000008,68.16345000000008,11198
2026-08-11T14:15:00+00:00,68.16345000000008,68.26245000000009,67.98545000000009,68.0674500000001,12330
2026-08-11T14:30:00+00:00,68.0674500000001,68.4334500000001,68.0674500000001,68.30645000000008,11098
2026-08-11T14:45:00+00:00,68.30645000000008,68.37345000000009,68.20545000000008,68.22945000000009,8946
2026-08-11T15:00:00+00:00,68.22945000000009,68.39545000000008,68.12745000000008,68.23345000000009,8820
2026-08-11T15:15:00+00:00,68.23345000000009,68.34045000000009,67.97045000000008,68.08545000000008,9141
2026-08-11T15:30:00+00:00,68.08545000000008,68.08745000000009,67.5764500000001,67.85345000000008,12123
2026-08-11T15:45:00+00:00,67.85345000000008,68.29445000000008,67.82745000000008,68.18045000000009,8033
2026-08-11T16:00:00+00:00,68.18045000000009,68.25945000000009,68.08545000000008,68.20445000000008,5414
2026-08-11T16:15:00+00:00,68.20445000000008,68.36045000000009,68.16945000000008,68.29645000000009,5379
2026-08-11T16:30:00+00:00,68.29645000000009,68.3204500000001,68.17145000000009,68.19945000000008,4392
2026-08-11T16:45:00+00:00,68.19945000000008,68.30945000000008,68.10445000000009,68.14445000000009,4077
2026-08-11T17:00:00+00:00,68.14445000000009,68.21445000000008,68.04145000000008,68.04145000000008,4374
2026-08-11T17:15:00+00:00,68.04145000000008,68.13445000000009,67.92845000000008,68.00145000000009,5353
2026-08-11T17:30:00+00:00,68.00145000000009,68.07545000000009,67.90945000000009,67.99545000000009,5741
2026-08-11T17:45:00+00:00,67.99545000000009,68.08045000000008,67.77245000000009,67.77445000000009,6515
2026-08-11T18:00:00+00:00,67.77445000000009,67.82945000000008,67.62445000000008,67.6834500000001,7508
2026-08-11T18:15:00+00:00,67.6834500000001,67.81945000000009,67.66245000000009,67.6834500000001,5840
2026-08-11T18:30:00+00:00,67.6834500000001,67.97945000000009,67.66345000000008,67.89945000000009,5336
2026-08-11T18:45:00+00:00,67.89945000000009,67.99145000000009,67.89445000000009,67.93745000000008,3120
2026-08-11T19:00:00+00:00,67.93745000000008,67.94745000000009,67.76845000000009,67.78345000000009,4025
2026-08-11T19:15:00+00:00,67.78345000000009,67.97045000000008,67.73245000000009,67.9484500000001,3530
2026-08-11T19:30:00+00:00,67.9484500000001,68.04645000000009,67.84645000000009,67.87645000000009,4161
2026-08-11T19:45:00+00:00,67.87645000000009,68.05345000000008,67.85045000000008,68.00045000000009,4969
2026-08-11T20:00:00+00:00,68.00045000000009,68.00845000000008,67.90545000000009,67.92745000000009,1522
2026-08-11T20:15:00+00:00,67.92745000000009,67.94445000000009,67.85945000000008,67.92845000000008,997
2026-08-11T20:30:00+00:00,67.92845000000008,67.94645000000008,67.86345000000009,67.88845000000009,852
2026-08-11T20:45:00+00:00,67.88845000000009,67.93145000000008,67.79945000000009,67.79945000000009,1108
2026-08-11T22:00:00+00:00,67.79945000000009,68.36845000000008,67.79945000000009,68.27445000000007,1160.6496681343233
2026-08-11T22:15:00+00:00,68.27445000000007,68.33245000000008,68.25745000000008,68.31745000000008,1050
2026-08-11T22:30:00+00:00,68.31745000000008,68.33645000000007,68.29445000000008,68.31945000000007,1521
2026-08-11T22:45:00+00:00,68.31945000000007,68.33345000000007,68.19445000000007,68.23045000000008,2058
2026-08-11T23:00:00+00:00,68.23045000000008,68.30245000000008,68.19945000000007,68.26045000000008,2548
2026-08-11T23:15:00+00:00,68.26045000000008,68.29745000000008,68.18245000000007,68.25045000000007,1540
2026-08-11T23:30:00+00:00,68.25045000000007,68.26545000000007,68.15945000000008,68.17745000000008,1054
2026-08-11T23:45:00+00:00,68.17745000000008,68.24445000000007,68.17445000000008,68.22345000000007,1246
2026-08-12T00:00:00+00:00,68.22345000000007,68.41945000000008,68.16045000000008,68.37445000000008,4969
2026-08-12T00:15:00+00:00,68.37445000000008,68.41445000000007,68.24045000000008,68.41245000000008,4346
2026-08-12T00:30:00+00:00,68.41245000000008,68.48745000000008,68.31645000000007,68.37245000000007,3930
2026-08-12T00:45:00+00:00,68.37245000000007,68.39345000000007,68.23645000000008,68.35145000000007,3919
2026-08-12T01:00:00+00:00,68.35145000000007,68.64645000000007,68.23745000000008,68.60545000000008,11262
2026-08-12T01:15:00+00:00,68.60545000000008,68.62545000000007,68.42945000000007,68.44645000000007,6509
2026-08-12T01:30:00+00:00,68.44645000000007,68.48045000000008,68.27745000000007,68.44845000000008,7623
2026-08-12T01:45:00+00:00,68.44845000000008,68.56445000000008,68.36845000000008,68.54745000000008,4666
2026-08-12T02:00:00+00:00,68.54745000000008,68.57045000000008,68.46545000000008,68.49945000000008,5456
2026-08-12T02:15:00+00:00,68.49945000000008,68.65945000000008,68.45145000000008,68.59645000000008,3081
2026-08-12T02:30:00+00:00,68.59645000000008,68.98845000000007,68.45445000000008,68.81645000000007,6294
2026-08-12T02:45:00+00:00,68.81645000000007,69.03945000000007,68.77345000000008,68.88245000000008,5648
2026-08-12T03:00:00+00:00,68.88245000000008,69.20445000000008,68.87045000000008,69.08345000000007,5515
2026-08-12T03:15:00+00:00,69.08345000000007,69.08345000000007,68.90845000000007,68.94145000000007,4748
2026-08-12T03:30:00+00:00,68.94145000000007,68.97145000000008,68.86745000000008,68.89045000000007,2593
2026-08-12T03:45:00+00:00,68.89045000000007,68.91345000000008,68.79745000000008,68.80945000000007,2230
2026-08-12T04:00:00+00:00,68.80945000000007,68.81445000000008,68.61445000000008,68.64345000000007,2507
2026-08-12T04:15:00+00:00,68.64345000000007,68.76845000000007,68.52345000000008,68.65345000000008,2577
2026-08-12T04:30:00+00:00,68.65345000000008,68.73545000000007,68.59845000000007,68.71745000000007,2260
2026-08-12T04:45:00+00:00,68.71745000000007,68.81545000000007,68.69745000000007,68.79245000000007,2300
2026-08-12T05:00:00+00:00,68.79245000000007,68.81245000000007,68.64245000000008,68.64745000000008,2695
2026-08-12T05:15:00+00:00,68.64745000000008,68.70145000000008,68.47845000000008,68.54745000000008,3668
2026-08-12T05:30:00+00:00,68.54745000000008,68.73445000000008,68.36945000000007,68.54745000000008,8856
2026-08-12T05:45:00+00:00,68.54745000000008,68.76845000000007,68.49445000000007,68.72245000000008,7071
2026-08-12T06:00:00+00:00,68.72245000000008,68.75745000000008,68.57445000000007,68.71245000000008,5557
2026-08-12T06:15:00+00:00,68.71245000000008,68.88745000000007,68.65545000000007,68.83445000000007,5220
2026-08-12T06:30:00+00:00,68.83445000000007,69.25945000000007,68.80445000000007,69.19245000000008,6769
2026-08-12T06:45:00+00:00,69.19245000000008,69.57445000000007,69.19245000000008,69.37645000000008,7472
2026-08-12T07:00:00+00:00,69.37645000000008,69.52345000000008,69.27845000000008,69.37745000000008,5240
2026-08-12T07:15:00+00:00,69.37745000000008,69.44345000000007,69.24545000000008,69.38945000000008,3776
2026-08-12T07:30:00+00:00,69.38945000000008,69.49445000000007,69.33645000000007,69.43345000000008,3737
2026-08-12T07:45:00+00:00,69.43345000000008,69.62145000000008,69.39245000000008,69.50745000000008,3754
2026-08-12T08:00:00+00:00,69.50745000000008,69.64045000000007,69.48445000000008,69.56845000000007,3920
2026-08-12T08:15:00+00:00,69.56845000000007,69.73745000000008,69.49745000000007,69.73745000000008,3694
2026-08-12T08:30:00+00:00,69.73745000000008,69.93445000000007,69.64945000000007,69.67045000000007,3368
2026-08-12T08:45:00+00:00,69.67045000000007,69.69445000000007,69.57445000000007,69.57745000000007,2526
2026-08-12T09:00:00+00:00,69.57745000000007,69.99045000000008,69.57545000000007,69.98045000000008,3446
2026-08-12T09:15:00+00:00,69.98045000000008,70.25045000000007,69.92845000000007,69.93745000000007,7405
2026-08-12T09:30:00+00:00,69.93745000000007,69.98545000000007,69.88245000000008,69.88945000000008,3909
2026-08-12T09:45:00+00:00,69.88945000000008,69.94545000000008,69.78945000000007,69.86645000000007,4212
2026-08-12T10:00:00+00:00,69.86645000000007,69.87645000000008,69.77645000000008,69.82045000000008,3109
2026-08-12T10:15:00+00:00,69.82045000000008,69.88845000000008,69.79745000000008,69.81745000000008,3121
2026-08-12T10:30:00+00:00,69.81745000000008,69.82545000000007,69.72645000000007,69.73945000000008,3675
2026-08-12T10:45:00+00:00,69.73945000000008,69.86545000000008,69.54645000000008,69.71945000000008,5847
2026-08-12T11:00:00+00:00,69.71945000000008,69.89145000000008,69.58645000000007,69.70145000000008,3691
2026-08-12T11:15:00+00:00,69.70145000000008,69.83645000000007,69.62545000000007,69.80345000000007,3198
2026-08-12T11:30:00+00:00,69.80345000000007,69.81745000000008,69.69545000000008,69.75345000000007,3414
2026-08-12T11:45:00+00:00,69.75345000000007,69.78445000000008,69.71845000000008,69.76045000000008,3221
2026-08-12T12:00:00+00:00,69.76045000000008,69.76045000000008,69.51745000000008,69.57445000000007,5114
2026-08-12T12:15:00+00:00,69.57445000000007,70.13445000000007,69.36045000000007,69.94345000000007,9142
2026-08-12T12:30:00+00:00,69.94345000000007,70.15845000000007,69.07745000000007,69.94745000000007,28286
2026-08-12T12:45:00+00:00,69.94745000000007,69.99745000000007,69.61645000000007,69.99345000000008,12843
2026-08-12T13:00:00+00:00,69.99345000000008,70.23045000000008,69.53245000000008,69.57345000000008,20917
2026-08-12T13:15:00+00:00,69.57345000000008,69.72245000000008,69.25445000000008,69.36745000000008,13365
2026-08-12T13:30:00+00:00,69.36745000000008,69.40745000000008,69.08945000000007,69.27445000000007,31166
2026-08-12T13:45:00+00:00,69.27445000000007,69.73545000000007,69.25845000000008,69.60445000000007,24415
2026-08-12T14:00:00+00:00,69.60445000000007,69.75645000000007,69.40445000000008,69.70045000000007,15028
2026-08-12T14:15:00+00:00,69.70045000000007,69.79945000000008,69.49545000000008,69.56645000000007,11179
2026-08-12T14:30:00+00:00,69.56645000000007,69.73345000000008,69.33545000000008,69.69545000000008,20143
2026-08-12T14:45:00+00:00,69.69545000000008,69.73845000000007,69.28045000000007,69.32245000000007,15659
2026-08-12T15:00:00+00:00,69.32245000000007,69.48545000000007,69.11245000000008,69.41045000000008,12564
2026-08-12T15:15:00+00:00,69.41045000000008,69.41745000000007,69.18945000000008,69.27745000000007,9935
2026-08-12T15:30:00+00:00,69.27745000000007,69.36045000000007,69.15845000000007,69.20545000000007,10212
2026-08-12T15:45:00+00:00,69.20545000000007,69.29645000000008,68.96945000000008,69.23845000000007,9848
2026-08-12T16:00:00+00:00,69.23845000000007,69.35045000000008,69.09245000000007,69.23245000000007,9558
2026-08-12T16:15:00+00:00,69.23245000000007,69.40945000000008,69.02445000000007,69.06845000000007,11610
2026-08-12T16:30:00+00:00,69.06845000000007,69.14545000000008,68.76845000000007,68.76845000000007,12067
2026-08-12T16:45:00+00:00,68.76845000000007,68.90345000000008,68.52845000000008,68.67345000000007,10399
2026-08-12T17:00:00+00:00,68.67345000000007,68.80145000000007,68.63245000000008,68.73245000000007,7494
2026-08-12T17:15:00+00:00,68.73245000000007,68.99845000000008,68.70945000000007,68.96945000000008,6896
2026-08-12T17:30:00+00:00,68.96945000000008,69.04745000000008,68.81745000000008,68.83145000000007,4586
2026-08-12T17:45:00+00:00,68.83145000000007,68.96545000000008,68.80545000000008,68.81395000000008,7516.233836321676
2026-08-12T18:00:00+00:00,68.81395000000008,68.93195000000009,68.69895000000008,68.87995000000008,4100
2026-08-12T18:15:00+00:00,68.87995000000008,69.08695000000009,68.85295000000008,68.96495000000009,5004
2026-08-12T18:30:00+00:00,68.96495000000009,69.12395000000008,68.91695000000009,69.12195000000008,4092
2026-08-12T18:45:00+00:00,69.12195000000008,69.17295000000009,68.94495000000008,68.94695000000009,4962
2026-08-12T19:00:00+00:00,68.94695000000009,69.03595000000008,68.94195000000008,68.96195000000009,4339
2026-08-12T19:15:00+00:00,68.96195000000009,69.03495000000008,68.89995000000009,68.90795000000008,3235
2026-08-12T19:30:00+00:00,68.90795000000008,68.93895000000008,68.76695000000008,68.80095000000009,5779
2026-08-12T19:45:00+00:00,68.80095000000009,68.82495000000009,68.71095000000008,68.82395000000008,5055
2026-08-12T20:00:00+00:00,68.82395000000008,68.84595000000009,68.74195000000009,68.74695000000008,1987
2026-08-12T20:15:00+00:00,68.74695000000008,68.76495000000008,68.67495000000008,68.70495000000008,1115
2026-08-12T20:30:00+00:00,68.70495000000008,68.75395000000009,68.67195000000008,68.71295000000008,1032
2026-08-12T20:45:00+00:00,68.71295000000008,68.79595000000009,68.69595000000008,68.75995000000009,969
2026-08-12T22:00:00+00:00,68.75995000000009,68.88895000000008,68.68195000000009,68.71995000000008,1597.1723580818095
2026-08-12T22:15:00+00:00,68.71995000000008,68.76595000000007,68.58695000000009,68.59895000000009,1009
2026-08-12T22:30:00+00:00,68.59895000000009,68.68595000000008,68.57395000000008,68.57695000000008,855
2026-08-12T22:45:00+00:00,68.57695000000008,68.63695000000008,68.56895000000009,68.59795000000008,532
2026-08-12T23:00:00+00:00,68.59795000000008,68.68895000000009,68.56595000000009,68.68495000000009,988
2026-08-12T23:15:00+00:00,68.68495000000009,68.76795000000008,68.67995000000009,68.73095000000009,757
2026-08-12T23:30:00+00:00,68.73095000000009,68.77095000000008,68.72395000000009,68.74995000000008,718
2026-08-12T23:45:00+00:00,68.74995000000008,68.80195000000009,68.6989500000001,68.7999500000001,928
2026-08-13T00:00:00+00:00,68.7999500000001,69.16395000000009,68.75395000000009,69.11595000000008,5068
2026-08-13T00:15:00+00:00,69.11595000000008,69.61895000000008,69.11595000000008,69.40195000000008,6208
2026-08-13T00:30:00+00:00,69.40195000000008,69.79895000000009,69.37295000000009,69.69795000000009,6315
2026-08-13T00:45:00+00:00,69.69795000000009,69.72595000000008,69.22295000000008,69.29295000000009,6062
2026-08-13T01:00:00+00:00,69.29295000000009,69.5319500000001,69.1629500000001,69.27395000000008,13886
2026-08-13T01:15:00+00:00,69.27395000000008,69.4249500000001,69.07495000000009,69.1299500000001,10039
2026-08-13T01:30:00+00:00,69.1299500000001,69.42395000000009,69.11695000000009,69.1329500000001,7240
2026-08-13T01:45:00+00:00,69.1329500000001,69.1329500000001,68.8119500000001,68.93795000000009,9466
2026-08-13T02:00:00+00:00,68.93795000000009,69.13495000000009,68.89895000000008,69.06995000000009,6933
2026-08-13T02:15:00+00:00,69.06995000000009,69.11895000000008,69.0409500000001,69.04795000000009,3177
2026-08-13T02:30:00+00:00,69.04795000000009,69.04795000000009,68.44395000000009,68.86495000000009,9921
2026-08-13T02:45:00+00:00,68.86495000000009,69.01295000000009,68.81095000000009,68.9309500000001,5097
2026-08-13T03:00:00+00:00,68.9309500000001,69.11195000000009,68.8209500000001,68.9129500000001,6508
2026-08-13T03:15:00+00:00,68.9129500000001,69.01195000000008,68.8889500000001,68.9489500000001,5603
2026-08-13T03:30:00+00:00,68.9489500000001,69.02695000000008,68.89895000000008,68.9099500000001,2706
2026-08-13T03:45:00+00:00,68.9099500000001,68.97395000000009,68.7999500000001,68.84895000000009,3250
2026-08-13T04:00:00+00:00,68.84895000000009,68.85095000000008,68.5919500000001,68.61695000000009,4165
2026-08-13T04:15:00+00:00,68.61695000000009,68.8239500000001,68.59395000000009,68.7789500000001,3061
2026-08-13T04:30:00+00:00,68.7789500000001,68.83695000000009,68.7519500000001,68.75895000000008,2336
2026-08-13T04:45:00+00:00,68.75895000000008,68.88195000000009,68.74795000000009,68.86195000000009,3018
2026-08-13T05:00:00+00:00,68.86195000000009,69.05195000000009,68.7759500000001,69.04795000000009,5561
2026-08-13T05:15:00+00:00,69.04795000000009,69.14295000000008,68.91795000000009,69.1209500000001,3431
2026-08-13T05:30:00+00:00,69.1209500000001,69.12595000000009,68.61295000000008,68.63995000000008,10410
2026-08-13T05:45:00+00:00,68.63995000000008,68.69195000000009,68.40595000000009,68.5259500000001,8967
2026-08-13T06:00:00+00:00,68.5259500000001,68.6479500000001,68.33395000000009,68.3979500000001,9149
2026-08-13T06:15:00+00:00,68.3979500000001,68.52095000000008,68.35095000000008,68.42895000000009,5709
2026-08-13T06:30:00+00:00,68.42895000000009,68.47095000000009,68.16495000000009,68.24395000000008,6802
2026-08-13T06:45:00+00:00,68.24395000000008,68.37895000000009,68.23695000000009,68.32595000000009,5293
2026-08-13T07:00:00+00:00,68.32595000000009,68.34895000000009,68.12595000000009,68.20095000000009,5864
2026-08-13T07:15:00+00:00,68.20095000000009,68.23595000000009,68.1389500000001,68.1899500000001,4984
2026-08-13T07:30:00+00:00,68.1899500000001,68.29495000000009,68.1359500000001,68.29495000000009,4988
2026-08-13T07:45:00+00:00,68.29495000000009,68.3089500000001,67.97895000000008,68.07895000000009,5163
2026-08-13T08:00:00+00:00,68.07895000000009,68.1239500000001,67.71995000000008,67.8419500000001,7020
2026-08-13T08:15:00+00:00,67.8419500000001,68.0499500000001,67.7609500000001,68.02795000000009,5628
2026-08-13T08:30:00+00:00,68.02795000000009,68.0859500000001,67.87795000000008,67.9369500000001,4585
2026-08-13T08:45:00+00:00,67.9369500000001,68.05795000000009,67.9099500000001,67.94495000000009,4352
2026-08-13T09:00:00+00:00,67.94495000000009,67.99795000000009,67.78595000000008,67.93895000000009,5791
2026-08-13T09:15:00+00:00,67.93895000000009,68.20595000000009,67.92995000000009,68.04195000000009,3878
2026-08-13T09:30:00+00:00,68.04195000000009,68.1239500000001,68.02195000000009,68.05095000000009,3073
2026-08-13T09:45:00+00:00,68.05095000000009,68.16095000000008,68.0409500000001,68.1329500000001,3362
2026-08-13T10:00:00+00:00,68.1329500000001,68.2999500000001,68.10995000000008,68.21795000000009,3792
2026-08-13T10:15:00+00:00,68.21795000000009,68.38695000000008,68.21795000000009,68.38195000000009,3284
2026-08-13T10:30:00+00:00,68.38195000000009,68.4639500000001,68.32195000000009,68.45895000000009,2831
2026-08-13T10:45:00+00:00,68.45895000000009,68.5409500000001,68.42395000000009,68.45995000000009,3018
2026-08-13T11:00:00+00:00,68.45995000000009,68.5139500000001,68.42895000000009,68.50995000000009,3225
2026-08-13T11:15:00+00:00,68.50995000000009,68.5319500000001,68.37495000000008,68.37895000000009,3546
2026-08-13T11:30:00+00:00,68.37895000000009,68.45595000000009,68.33995000000009,68.36795000000009,3599
2026-08-13T11:45:00+00:00,68.36795000000009,68.6509500000001,68.35295000000009,68.54495000000009,3751
2026-08-13T12:00:00+00:00,68.54495000000009,68.70595000000009,68.46895000000009,68.52395000000008,4721
2026-08-13T12:15:00+00:00,68.52395000000008,68.5799500000001,68.32495000000009,68.53295000000008,5892
2026-08-13T12:30:00+00:00,68.53295000000008,68.90495000000008,68.36395000000009,68.5349500000001,8812
2026-08-13T12:45:00+00:00,68.5349500000001,68.88795000000009,68.5319500000001,68.8859500000001,6350
2026-08-13T13:00:00+00:00,68.8859500000001,68.92895000000009,68.67395000000009,68.74295000000009,11290
2026-08-13T13:15:00+00:00,68.74295000000009,68.78295000000008,68.59895000000009,68.6299500000001,9101
2026-08-13T13:30:00+00:00,68.6299500000001,68.6959500000001,68.36395000000009,68.52995000000008,19443
2026-08-13T13:45:00+00:00,68.52995000000008,68.60495000000009,68.25595000000008,68.28695000000009,22816
2026-08-13T14:00:00+00:00,68.28695000000009,68.4039500000001,68.04895000000009,68.12595000000009,18589
2026-08-13T14:15:00+00:00,68.12595000000009,68.3859500000001,68.05195000000009,68.09895000000009,19643
2026-08-13T14:30:00+00:00,68.09895000000009,68.49495000000009,67.92595000000009,68.48195000000008,15494
2026-08-13T14:45:00+00:00,68.48195000000008,68.62895000000009,68.47995000000009,68.5049500000001,8683
2026-08-13T15:00:00+00:00,68.5049500000001,68.57595000000009,68.19395000000009,68.23595000000009,9750
2026-08-13T15:15:00+00:00,68.23595000000009,68.33395000000009,68.05495000000009,68.0559500000001,9898
2026-08-13T15:30:00+00:00,68.0559500000001,68.29895000000009,67.88795000000009,68.22795000000009,11169
2026-08-13T15:45:00+00:00,68.22795000000009,68.36295000000008,68.12495000000008,68.16395000000009,4996
2026-08-13T16:00:00+00:00,68.16395000000009,68.2139500000001,67.99795000000009,68.0199500000001,6419
2026-08-13T16:15:00+00:00,68.0199500000001,68.1539500000001,67.93495000000009,68.1539500000001,8276
2026-08-13T16:30:00+00:00,68.1539500000001,68.32895000000009,68.15295000000009,68.28395000000009,7120
2026-08-13T16:45:00+00:00,68.28395000000009,68.31895000000009,68.21795000000009,68.26795000000008,3691
2026-08-13T17:00:00+00:00,68.26795000000008,68.45695000000009,68.26795000000008,68.35395000000008,6543
2026-08-13T17:15:00+00:00,68.35395000000008,68.36695000000009,68.2139500000001,68.23095000000009,6829
2026-08-13T17:30:00+00:00,68.23095000000009,68.26495000000008,68.16495000000009,68.20995000000009,4796
2026-08-13T17:45:00+00:00,68.20995000000009,68.28095000000009,68.1509500000001,68.15495000000008,3380
2026-08-13T18:00:00+00:00,68.15495000000008,68.29295000000009,68.13795000000009,68.27495000000009,5424
2026-08-13T18:15:00+00:00,68.27495000000009,68.3269500000001,68.14695000000009,68.16095000000008,5290
2026-08-13T18:30:00+00:00,68.16095000000008,68.4249500000001,68.14995000000009,68.16195000000009,3472
2026-08-13T18:45:00+00:00,68.16195000000009,68.17995000000009,68.0079500000001,68.06095000000009,4111
2026-08-13T19:00:00+00:00,68.06095000000009,68.10395000000008,67.77795000000009,67.77795000000009,4310
2026-08-13T19:15:00+00:00,67.77795000000009,67.99095000000008,67.71995000000008,67.90295000000009,4837
2026-08-13T19:30:00+00:00,67.90295000000009,67.97395000000009,67.84095000000009,67.8919500000001,3776
2026-08-13T19:45:00+00:00,67.8919500000001,67.9069500000001,67.7969500000001,67.88695000000008,6096
2026-08-13T20:00:00+00:00,67.88695000000008,67.9279500000001,67.80995000000009,67.9039500000001,2180
2026-08-13T20:15:00+00:00,67.9039500000001,67.97695000000009,67.9009500000001,67.94095000000009,1038
2026-08-13T20:30:00+00:00,67.94095000000009,68.0649500000001,67.88095000000008,67.90595000000009,1512
2026-08-13T20:45:00+00:00,67.90595000000009,68.09695000000009,67.8889500000001,67.91695000000009,1230
2026-08-13T22:00:00+00:00,67.91695000000009,67.9399500000001,67.81395000000009,67.8819500000001,1230.9335088471194
2026-08-13T22:15:00+00:00,67.8819500000001,67.95695000000009,67.8639500000001,67.93895000000009,1818
2026-08-13T22:30:00+00:00,67.93895000000009,68.0189500000001,67.9149500000001,67.9999500000001,1896
2026-08-13T22:45:00+00:00,67.9999500000001,68.0089500000001,67.9319500000001,67.95995000000009,1675
2026-08-13T23:00:00+00:00,67.95995000000009,68.0249500000001,67.86795000000009,68.0249500000001,992
2026-08-13T23:15:00+00:00,68.0249500000001,68.1099500000001,67.95095000000009,68.09995000000009,1189
2026-08-13T23:30:00+00:00,68.09995000000009,68.1239500000001,68.0429500000001,68.09095000000009,1574
2026-08-13T23:45:00+00:00,68.09095000000009,68.1289500000001,68.0089500000001,68.0099500000001,2935
2026-08-14T00:00:00+00:00,68.0099500000001,68.1969500000001,67.8999500000001,67.9609500000001,6289
2026-08-14T00:15:00+00:00,67.9609500000001,68.0169500000001,67.7899500000001,67.7949500000001,6241
2026-08-14T00:30:00+00:00,67.7949500000001,67.9059500000001,67.6639500000001,67.7349500000001,6922
2026-08-14T00:45:00+00:00,67.7349500000001,67.8309500000001,67.38295000000011,67.6559500000001,7003
2026-08-14T01:00:00+00:00,67.6559500000001,67.6559500000001,67.2029500000001,67.4039500000001,13753
2026-08-14T01:15:00+00:00,67.4039500000001,67.5349500000001,67.28295000000011,67.44595000000011,11091
2026-08-14T01:30:00+00:00,67.44595000000011,67.48095000000012,67.21895000000012,67.42095000000012,8722
2026-08-14T01:45:00+00:00,67.42095000000012,67.52695000000011,67.22295000000013,67.27295000000012,8531
2026-08-14T02:00:00+00:00,67.27295000000012,67.51095000000012,67.21795000000012,67.2539500000001,7338
2026-08-14T02:15:00+00:00,67.2539500000001,67.4479500000001,67.19295000000014,67.19495000000015,4914
2026-08-14T02:30:00+00:00,67.19495000000015,67.56695000000015,67.15395000000015,67.48695000000018,7875
2026-08-14T02:45:00+00:00,67.48695000000018,67.52995000000018,67.17495000000017,67.26095000000018,6045
2026-08-14T03:00:00+00:00,67.26095000000018,67.49895000000018,67.21195000000017,67.40295000000017,5600
2026-08-14T03:15:00+00:00,67.40295000000017,67.58495000000019,67.40295000000017,67.5839500000002,3983
2026-08-14T03:30:00+00:00,67.5839500000002,67.6709500000002,67.53195000000018,67.53595000000018,3014
2026-08-14T03:45:00+00:00,67.53595000000018,67.54395000000018,67.4499500000002,67.4579500000002,2396
2026-08-14T04:00:00+00:00,67.4579500000002,67.48195000000021,67.40095000000022,67.42495000000021,2111
2026-08-14T04:15:00+00:00,67.42495000000021,67.51095000000022,67.40495000000021,67.44195000000022,1827
2026-08-14T04:30:00+00:00,67.44195000000022,67.45695000000023,67.40295000000023,67.40795000000023,1968
2026-08-14T04:45:00+00:00,67.40795000000023,67.47695000000023,67.37295000000023,67.47695000000023,1586
2026-08-14T05:00:00+00:00,67.47695000000023,67.47695000000023,67.22695000000024,67.29095000000022,3226
2026-08-14T05:15:00+00:00,67.29095000000022,67.33095000000021,67.22295000000021,67.27895000000022,2523
2026-08-14T05:30:00+00:00,67.27895000000022,67.38095000000021,66.96295000000022,67.23695000000022,8705
2026-08-14T05:45:00+00:00,67.23695000000022,67.76295000000022,67.23195000000021,67.73595000000022,6504
2026-08-14T06:00:00+00:00,67.73595000000022,67.86895000000024,67.58895000000021,67.79895000000025,7959
2026-08-14T06:15:00+00:00,67.79895000000025,67.88995000000024,67.65595000000025,67.69995000000024,5656
2026-08-14T06:30:00+00:00,67.69995000000024,67.76995000000024,67.63895000000024,67.73195000000024,4552
2026-08-14T06:45:00+00:00,67.73195000000024,67.84295000000024,67.68995000000024,67.81695000000023,4652
2026-08-14T07:00:00+00:00,67.81695000000023,67.84795000000024,67.72295000000024,67.72595000000024,3977
2026-08-14T07:15:00+00:00,67.72595000000024,67.82795000000024,67.69895000000024,67.69895000000024,3743
2026-08-14T07:30:00+00:00,67.69895000000024,68.07095000000024,67.69195000000023,68.03695000000025,3940
2026-08-14T07:45:00+00:00,68.03695000000025,68.16395000000024,68.00395000000024,68.05495000000025,4857
2026-08-14T08:00:00+00:00,68.05495000000025,68.14395000000025,67.97495000000023,68.10295000000023,5358
2026-08-14T08:15:00+00:00,68.10295000000023,68.16295000000024,67.95695000000023,68.01095000000024,4383
2026-08-14T08:30:00+00:00,68.01095000000024,68.28595000000024,67.95595000000024,68.06395000000023,3531
2026-08-14T08:45:00+00:00,68.06395000000023,68.20095000000023,68.05195000000025,68.16595000000024,3176
2026-08-14T09:00:00+00:00,68.16595000000024,68.20495000000024,68.11595000000024,68.15495000000024,3344
2026-08-14T09:15:00+00:00,68.15495000000024,68.24895000000024,68.12995000000024,68.17195000000024,3865
2026-08-14T09:30:00+00:00,68.17195000000024,68.23695000000023,68.10095000000024,68.20895000000024,4195
2026-08-14T09:45:00+00:00,68.20895000000024,68.36895000000024,68.18795000000024,68.35295000000023,3180
2026-08-14T10:00:00+00:00,68.35295000000023,68.38395000000024,68.22295000000024,68.23095000000023,3318
2026-08-14T10:15:00+00:00,68.23095000000023,68.24295000000023,68.15795000000024,68.17095000000025,2961
2026-08-14T10:30:00+00:00,68.17095000000025,68.17795000000024,68.09395000000023,68.11595000000024,2580
2026-08-14T10:45:00+00:00,68.11595000000024,68.15695000000024,68.06695000000023,68.10595000000023,2735
2026-08-14T11:00:00+00:00,68.10595000000023,68.15895000000025,68.05895000000024,68.12295000000024,3714
2026-08-14T11:15:00+00:00,68.12295000000024,68.26995000000024,68.12295000000024,68.19995000000024,3583
2026-08-14T11:30:00+00:00,68.19995000000024,68.45295000000024,68.17895000000024,68.38195000000024,4339
2026-08-14T11:45:00+00:00,68.38195000000024,68.46895000000023,68.29595000000025,68.45595000000024,4120
2026-08-14T12:00:00+00:00,68.45595000000024,68.48095000000023,68.24295000000023,68.36195000000023,5316
2026-08-14T12:15:00+00:00,68.36195000000023,68.52095000000024,68.29195000000024,68.50895000000024,5829
2026-08-14T12:30:00+00:00,68.50895000000024,68.56095000000023,68.35795000000024,68.39295000000024,8554
2026-08-14T12:45:00+00:00,68.39295000000024,68.57495000000024,68.35695000000024,68.53895000000024,5058
2026-08-14T13:00:00+00:00,68.53895000000024,68.71395000000024,68.38695000000024,68.39795000000024,10489
2026-08-14T13:15:00+00:00,68.39795000000024,68.63995000000024,68.39495000000024,68.59095000000023,7371
2026-08-14T13:30:00+00:00,68.59095000000023,68.92795000000024,68.56495000000024,68.88895000000024,12665
2026-08-14T13:45:00+00:00,68.88895000000024,68.89695000000025,68.67495000000024,68.83595000000024,8652
2026-08-14T14:00:00+00:00,68.83595000000024,69.11595000000024,68.80595000000024,68.98795000000024,9665
2026-08-14T14:15:00+00:00,68.98795000000024,69.21795000000024,68.87295000000024,69.14295000000024,8021
2026-08-14T14:30:00+00:00,69.14295000000024,69.16595000000024,68.78195000000024,68.84295000000024,6493
2026-08-14T14:45:00+00:00,68.84295000000024,68.84595000000024,68.64095000000025,68.67895000000024,6886
2026-08-14T15:00:00+00:00,68.67895000000024,68.83595000000024,68.64195000000024,68.72495000000023,8276
2026-08-14T15:15:00+00:00,68.72495000000023,68.81495000000024,68.44495000000023,68.54495000000024,8854
2026-08-14T15:30:00+00:00,68.54495000000024,68.58295000000024,68.44995000000024,68.51395000000024,5856
2026-08-14T15:45:00+00:00,68.51395000000024,68.64895000000024,68.47595000000024,68.49795000000024,6882
2026-08-14T16:00:00+00:00,68.49795000000024,68.59095000000023,68.35995000000024,68.38795000000025,7075
2026-08-14T16:15:00+00:00,68.38795000000025,68.49895000000024,68.34195000000024,68.38295000000024,3896
2026-08-14T16:30:00+00:00,68.38295000000024,68.49995000000024,68.17795000000024,68.34995000000023,6071
2026-08-14T16:45:00+00:00,68.34995000000023,68.44095000000024,68.34795000000024,68.41495000000025,4118
2026-08-14T17:00:00+00:00,68.41495000000025,68.44695000000024,68.28095000000025,68.39595000000024,3343
2026-08-14T17:15:00+00:00,68.39595000000024,68.44195000000023,68.34895000000024,68.35295000000023,3119
2026-08-14T17:30:00+00:00,68.35295000000023,68.40395000000024,68.25295000000024,68.26695000000024,3061
2026-08-14T17:45:00+00:00,68.26695000000024,68.28495000000024,68.18695000000024,68.28295000000024,3341
2026-08-14T18:00:00+00:00,68.28295000000024,68.34995000000023,68.20395000000023,68.24695000000024,2810
2026-08-14T18:15:00+00:00,68.24695000000024,68.31395000000023,68.22595000000024,68.25095000000024,2286
2026-08-14T18:30:00+00:00,68.25095000000024,68.31195000000024,68.19995000000024,68.22595000000024,2529
2026-08-14T18:45:00+00:00,68.22595000000024,68.27595000000024,68.13895000000024,68.20895000000024,2283
2026-08-14T19:00:00+00:00,68.20895000000024,68.22395000000024,68.12695000000024,68.20795000000024,2470
2026-08-14T19:15:00+00:00,68.20795000000024,68.27295000000024,68.17395000000025,68.23195000000024,1694
2026-08-14T19:30:00+00:00,68.23195000000024,68.27195000000025,68.17795000000024,68.18595000000023,1706
2026-08-14T19:45:00+00:00,68.18595000000023,68.24895000000024,68.14895000000024,68.18295000000025,2837
2026-08-14T20:00:00+00:00,68.18295000000025,68.18495000000024,68.10095000000024,68.12195000000024,2797
2026-08-14T20:15:00+00:00,68.12195000000024,68.16095000000024,68.08895000000024,68.11595000000024,1519
2026-08-14T20:30:00+00:00,68.11595000000024,68.18095000000024,68.08895000000024,68.16995000000024,1000
2026-08-16T22:00:00+00:00,68.16995000000024,68.81195000000024,67.98595000000024,68.56095000000023,3014.5467703883187
2026-08-16T22:15:00+00:00,68.56095000000023,68.65695000000024,68.53495000000024,68.64395000000023,1396
2026-08-16T22:30:00+00:00,68.64395000000023,68.73495000000023,68.63595000000024,68.70395000000023,1324
2026-08-16T22:45:00+00:00,68.70395000000023,68.98595000000023,68.70395000000023,68.96795000000023,1551
2026-08-16T23:00:00+00:00,68.96795000000023,68.97495000000023,68.85495000000023,68.85495000000023,1502
2026-08-16T23:15:00+00:00,68.85495000000023,68.89995000000023,68.74995000000023,68.80395000000023,1685
2026-08-16T23:30:00+00:00,68.80395000000023,68.80795000000023,68.51195000000023,68.51295000000023,2039
2026-08-16T23:45:00+00:00,68.51295000000023,68.63895000000024,68.51295000000023,68.55695000000023,2096
2026-08-17T00:00:00+00:00,68.55695000000023,68.81095000000023,68.54495000000023,68.76095000000024,4811
2026-08-17T00:15:00+00:00,68.76095000000024,68.98295000000023,68.73495000000023,68.93695000000024,3584
2026-08-17T00:30:00+00:00,68.93695000000024,69.10395000000022,68.90995000000024,69.09595000000023,3128
2026-08-17T00:45:00+00:00,69.09595000000023,69.27895000000024,68.96295000000023,69.26295000000023,4169
2026-08-17T01:00:00+00:00,69.26295000000023,69.65295000000023,69.22295000000022,69.59795000000022,12211
2026-08-17T01:15:00+00:00,69.59795000000022,69.95995000000023,69.55795000000023,69.62395000000024,8440
2026-08-17T01:30:00+00:00,69.62395000000024,69.64295000000023,69.36595000000023,69.61495000000023,6687
2026-08-17T01:45:00+00:00,69.61495000000023,69.62495000000023,69.35795000000023,69.42795000000024,8306
2026-08-17T02:00:00+00:00,69.42795000000024,69.55695000000023,69.41495000000023,69.45395000000023,6763
2026-08-17T02:15:00+00:00,69.45395000000023,69.53295000000023,69.39095000000023,69.46495000000023,4317
2026-08-17T02:30:00+00:00,69.46495000000023,69.57495000000023,69.29895000000023,69.31795000000024,5555
2026-08-17T02:45:00+00:00,69.31795000000024,69.35295000000023,69.17295000000023,69.34395000000023,4514
2026-08-17T03:00:00+00:00,69.34395000000023,69.42595000000023,69.18795000000023,69.25395000000023,4466
2026-08-17T03:15:00+00:00,69.25395000000023,69.33195000000023,69.20195000000024,69.31995000000023,4856
2026-08-17T03:30:00+00:00,69.31995000000023,69.36795000000023,69.24995000000023,69.28695000000023,3393
2026-08-17T03:45:00+00:00,69.28695000000023,69.29095000000024,69.19595000000024,69.27695000000023,2369
2026-08-17T04:00:00+00:00,69.27695000000023,69.30895000000024,69.23195000000023,69.26795000000023,2743
2026-08-17T04:15:00+00:00,69.26795000000023,69.42295000000023,69.12595000000023,69.15595000000023,2742
2026-08-17T04:30:00+00:00,69.15595000000023,69.34195000000022,69.12495000000023,69.30395000000023,2733
2026-08-17T04:45:00+00:00,69.30395000000023,69.35195000000023,69.14695000000023,69.16595000000024,2645
2026-08-17T05:00:00+00:00,69.16595000000024,69.30895000000024,69.16195000000023,69.16795000000023,3083
2026-08-17T05:15:00+00:00,69.16795000000023,69.52295000000024,69.15895000000023,69.51895000000023,3686
2026-08-17T05:30:00+00:00,69.51895000000023,69.62595000000023,69.43695000000024,69.51495000000023,8256
2026-08-17T05:45:00+00:00,69.51495000000023,69.57095000000024,69.45195000000024,69.51095000000024,6547
2026-08-17T06:00:00+00:00,69.51095000000024,69.76995000000024,69.50795000000024,69.56295000000023,5947
2026-08-17T06:15:00+00:00,69.56295000000023,69.59695000000023,69.40795000000023,69.55595000000024,3849
2026-08-17T06:30:00+00:00,69.55595000000024,69.55795000000023,69.41295000000024,69.51995000000024,3830
2026-08-17T06:45:00+00:00,69.51995000000024,69.81095000000023,69.51895000000023,69.66095000000023,4076
2026-08-17T07:00:00+00:00,69.66095000000023,69.66395000000023,69.40395000000024,69.41495000000023,4224
2026-08-17T07:15:00+00:00,69.41495000000023,69.56395000000023,69.34995000000023,69.55795000000023,3263
2026-08-17T07:30:00+00:00,69.55795000000023,69.73395000000023,69.55395000000023,69.61195000000023,4090
2026-08-17T07:45:00+00:00,69.61195000000023,69.64395000000023,69.44695000000023,69.46495000000023,3137
2026-08-17T08:00:00+00:00,69.46495000000023,69.46495000000023,69.24095000000023,69.39695000000023,4269
2026-08-17T08:15:00+00:00,69.39695000000023,69.43395000000024,69.30995000000023,69.33295000000022,3232
2026-08-17T08:30:00+00:00,69.33295000000022,69.38695000000023,69.25995000000023,69.26595000000023,2713
2026-08-17T08:45:00+00:00,69.26595000000023,69.28295000000023,69.18895000000023,69.24395000000023,2674
2026-08-17T09:00:00+00:00,69.24395000000023,69.35595000000023,69.20195000000024,69.29595000000023,2715
2026-08-17T09:15:00+00:00,69.29595000000023,69.32695000000024,69.22095000000023,69.24495000000023,2814
2026-08-17T09:30:00+00:00,69.24495000000023,69.31795000000024,69.21595000000023,69.27495000000023,2553
2026-08-17T09:45:00+00:00,69.27495000000023,69.31895000000023,69.20895000000023,69.24195000000023,2195
2026-08-17T10:00:00+00:00,69.24195000000023,69.30795000000023,69.17895000000023,69.28095000000023,2295
2026-08-17T10:15:00+00:00,69.28095000000023,69.58795000000023,69.22595000000022,69.58695000000023,4331
2026-08-17T10:30:00+00:00,69.58695000000023,69.59495000000022,69.29895000000023,69.39795000000024,5801
2026-08-17T10:45:00+00:00,69.39795000000024,69.41895000000024,69.33295000000022,69.34195000000022,2467
2026-08-17T11:00:00+00:00,69.34195000000022,69.42695000000023,69.29495000000023,69.37995000000024,3461
2026-08-17T11:15:00+00:00,69.37995000000024,69.52395000000023,69.32995000000024,69.49595000000024,3290
2026-08-17T11:30:00+00:00,69.49595000000024,69.58095000000023,69.44895000000024,69.47195000000023,3045
2026-08-17T11:45:00+00:00,69.47195000000023,69.50895000000023,69.37995000000024,69.40895000000023,2986
2026-08-17T12:00:00+00:00,69.40895000000023,69.47495000000023,69.32795000000023,69.36995000000023,4895
2026-08-17T12:15:00+00:00,69.36995000000023,69.47395000000023,69.12095000000024,69.22695000000023,7281
2026-08-17T12:30:00+00:00,69.22695000000023,69.32895000000023,68.87995000000024,68.87995000000024,6967
2026-08-17T12:45:00+00:00,68.87995000000024,69.06895000000023,68.86995000000023,68.96795000000023,4300
2026-08-17T13:00:00+00:00,68.96795000000023,69.16795000000023,68.80395000000023,68.95995000000023,9232
2026-08-17T13:15:00+00:00,68.95995000000023,69.06295000000023,68.85595000000023,69.03695000000023,6066
2026-08-17T13:30:00+00:00,69.03695000000023,69.17295000000023,68.97395000000023,69.00195000000024,10456
2026-08-17T13:45:00+00:00,69.00195000000024,69.49095000000023,68.97095000000023,69.42295000000023,9147
2026-08-17T14:00:00+00:00,69.42295000000023,69.54295000000023,69.36195000000023,69.52995000000023,8622
2026-08-17T14:15:00+00:00,69.52995000000023,70.02395000000023,69.52195000000023,69.68395000000024,9224
2026-08-17T14:30:00+00:00,69.68395000000024,70.02195000000023,69.67895000000023,69.94295000000024,7141
2026-08-17T14:45:00+00:00,69.94295000000024,70.12695000000024,69.85295000000023,69.94795000000023,5470
2026-08-17T15:00:00+00:00,69.94795000000023,70.11195000000023,69.85795000000023,70.09395000000023,5372
2026-08-17T15:15:00+00:00,70.09395000000023,70.29395000000024,70.05495000000023,70.26895000000023,5551
2026-08-17T15:30:00+00:00,70.26895000000023,70.28895000000023,70.06495000000024,70.07595000000023,3921
2026-08-17T15:45:00+00:00,70.07595000000023,70.22595000000022,70.01395000000024,70.16595000000024,3333
2026-08-17T16:00:00+00:00,70.16595000000024,70.18595000000023,70.02095000000023,70.06395000000023,3359
2026-08-17T16:15:00+00:00,70.06395000000023,70.09295000000023,70.01795000000023,70.05395000000023,2808
2026-08-17T16:30:00+00:00,70.05395000000023,70.14195000000024,69.99395000000023,70.06995000000023,2343
2026-08-17T16:45:00+00:00,70.06995000000023,70.12995000000024,70.02195000000023,70.10195000000023,2046
2026-08-17T17:00:00+00:00,70.10195000000023,70.14895000000023,70.00795000000024,70.00795000000024,2502
2026-08-17T17:15:00+00:00,70.00795000000024,70.04195000000023,69.69895000000024,69.72795000000023,4108
2026-08-17T17:30:00+00:00,69.72795000000023,69.79495000000023,69.62295000000023,69.79495000000023,3877
2026-08-17T17:45:00+00:00,69.79495000000023,69.85295000000023,69.63995000000023,69.64895000000023,3050
2026-08-17T18:00:00+00:00,69.64895000000023,69.66395000000023,69.51395000000024,69.63595000000024,3840
2026-08-17T18:15:00+00:00,69.63595000000024,69.73895000000023,69.56395000000023,69.60695000000023,4168
2026-08-17T18:30:00+00:00,69.60695000000023,69.62295000000023,69.43295000000023,69.46495000000023,4192
2026-08-17T18:45:00+00:00,69.46495000000023,69.58195000000023,69.43395000000024,69.53795000000024,2364
2026-08-17T19:00:00+00:00,69.53795000000024,69.54995000000024,69.40395000000024,69.51495000000023,2690
2026-08-17T19:15:00+00:00,69.51495000000023,69.71595000000023,69.51495000000023,69.66095000000023,2394
2026-08-17T19:30:00+00:00,69.66095000000023,69.68595000000023,69.59395000000023,69.66095000000023,1877
2026-08-17T19:45:00+00:00,69.66095000000023,69.71795000000023,69.56795000000024,69.64295000000023,2073
2026-08-17T20:00:00+00:00,69.64295000000023,69.66495000000023,69.52595000000024,69.54695000000024,1060
2026-08-17T20:15:00+00:00,69.54695000000024,69.57795000000023,69.50095000000023,69.50895000000023,546
2026-08-17T20:30:00+00:00,69.50895000000023,69.52195000000023,69.45995000000023,69.48995000000023,561
2026-08-17T20:45:00+00:00,69.48995000000023,69.53195000000024,69.47695000000023,69.49795000000023,846
2026-08-17T22:00:00+00:00,69.49795000000023,69.58495000000023,69.40095000000022,69.52295000000024,854.0723274989151
2026-08-17T22:15:00+00:00,69.52295000000024,69.52795000000023,69.37295000000023,69.41595000000024,886
2026-08-17T22:30:00+00:00,69.41595000000024,69.50195000000024,69.40995000000024,69.46795000000024,928
2026-08-17T22:45:00+00:00,69.46795000000024,69.48695000000023,69.38595000000024,69.40995000000024,850
2026-08-17T23:00:00+00:00,69.40995000000024,69.51395000000024,69.38695000000024,69.50995000000023,895
2026-08-17T23:15:00+00:00,69.50995000000023,69.63995000000024,69.50995000000023,69.59095000000023,1050
2026-08-17T23:30:00+00:00,69.59095000000023,69.67295000000024,69.58095000000024,69.65895000000023,1009
2026-08-17T23:45:00+00:00,69.65895000000023,69.72595000000024,69.63795000000023,69.72495000000023,1462
2026-08-18T00:00:00+00:00,69.72495000000023,69.78395000000023,69.60395000000024,69.67595000000024,3497
2026-08-18T00:15:00+00:00,69.67595000000024,70.19795000000023,69.65495000000024,70.13995000000024,5195
2026-08-18T00:30:00+00:00,70.13995000000024,70.18795000000024,70.00395000000023,70.02695000000024,3198
2026-08-18T00:45:00+00:00,70.02695000000024,70.22295000000024,69.99095000000024,70.18695000000024,3519
2026-08-18T01:00:00+00:00,70.18695000000024,70.29395000000024,70.01995000000024,70.20595000000024,9852
2026-08-18T01:15:00+00:00,70.20595000000024,70.31395000000023,69.97295000000024,70.18495000000024,7344
2026-08-18T01:30:00+00:00,70.18495000000024,70.19695000000024,69.75895000000024,69.75895000000024,6719
2026-08-18T01:45:00+00:00,69.75895000000024,69.78295000000024,69.17695000000023,69.38495000000023,14008
2026-08-18T02:00:00+00:00,69.38495000000023,69.39295000000024,69.10695000000024,69.17495000000024,7586
2026-08-18T02:15:00+00:00,69.17495000000024,69.27195000000023,69.15895000000023,69.18995000000024,3661
2026-08-18T02:30:00+00:00,69.18995000000024,69.19495000000023,68.95595000000024,69.00295000000024,7578
2026-08-18T02:45:00+00:00,69.00295000000024,69.25395000000023,68.94695000000024,69.12195000000024,5852
2026-08-18T03:00:00+00:00,69.12195000000024,69.25695000000023,69.07395000000024,69.15795000000024,5629
2026-08-18T03:15:00+00:00,69.15795000000024,69.18095000000024,68.93795000000024,69.03695000000023,4775
2026-08-18T03:30:00+00:00,69.03695000000023,69.05995000000024,68.96895000000023,68.99595000000024,2717
2026-08-18T03:45:00+00:00,68.99595000000024,69.01295000000023,68.92395000000023,68.96095000000024,3021
2026-08-18T04:00:00+00:00,68.96095000000024,68.99795000000023,68.90395000000024,68.97995000000023,3016
2026-08-18T04:15:00+00:00,68.97995000000023,68.99895000000024,68.87495000000024,68.94195000000023,2519
2026-08-18T04:30:00+00:00,68.94195000000023,69.00795000000024,68.84595000000024,68.93395000000024,3407
2026-08-18T04:45:00+00:00,68.93395000000024,69.00095000000023,68.89795000000024,68.92395000000023,3014
2026-08-18T05:00:00+00:00,68.92395000000023,68.93395000000024,68.82895000000023,68.85395000000024,2936
2026-08-18T05:15:00+00:00,68.85395000000024,68.97795000000023,68.80795000000023,68.81095000000023,2733
2026-08-18T05:30:00+00:00,68.81095000000023,68.86095000000023,68.50595000000024,68.85195000000023,8707
2026-08-18T05:45:00+00:00,68.85195000000023,69.02395000000024,68.81495000000024,68.94895000000024,4929
2026-08-18T06:00:00+00:00,68.94895000000024,69.02195000000023,68.72095000000024,69.01195000000024,6164
2026-08-18T06:15:00+00:00,69.01195000000024,69.20295000000024,68.91895000000024,69.14795000000024,4696
2026-08-18T06:30:00+00:00,69.14795000000024,69.15195000000024,68.98395000000023,69.02695000000024,4552
2026-08-18T06:45:00+00:00,69.02695000000024,69.08895000000024,68.99895000000024,69.03895000000024,4197
2026-08-18T07:00:00+00:00,69.03895000000024,69.07795000000024,68.93795000000024,68.95095000000023,4285
2026-08-18T07:15:00+00:00,68.95095000000023,69.07395000000024,68.94595000000024,69.06295000000024,3347
2026-08-18T07:30:00+00:00,69.06295000000024,69.07495000000024,68.83695000000024,68.93395000000024,4469
2026-08-18T07:45:00+00:00,68.93395000000024,68.97395000000023,68.76295000000023,68.76895000000023,3394
2026-08-18T08:00:00+00:00,68.76895000000023,68.79595000000023,68.59195000000024,68.73395000000023,5550
2026-08-18T08:15:00+00:00,68.73395000000023,68.74395000000024,68.64795000000024,68.71095000000024,4791
2026-08-18T08:30:00+00:00,68.71095000000024,68.86995000000023,68.66395000000024,68.83395000000024,4646
2026-08-18T08:45:00+00:00,68.83395000000024,68.83595000000024,68.67195000000024,68.76495000000024,3632
2026-08-18T09:00:00+00:00,68.76495000000024,68.79395000000024,68.70795000000024,68.72395000000023,4161
2026-08-18T09:15:00+00:00,68.72395000000023,68.75695000000023,68.63495000000023,68.70595000000024,3458
2026-08-18T09:30:00+00:00,68.70595000000024,68.80595000000024,68.63495000000023,68.66995000000024,4275
2026-08-18T09:45:00+00:00,68.66995000000024,68.84795000000024,68.63895000000024,68.83895000000024,3394
2026-08-18T10:00:00+00:00,68.83895000000024,68.89495000000024,68.79895000000023,68.83695000000024,2798
2026-08-18T10:15:00+00:00,68.83695000000024,68.87095000000024,68.70895000000024,68.76695000000024,2928
2026-08-18T10:30:00+00:00,68.76695000000024,68.90395000000024,68.76495000000024,68.88095000000024,2813
2026-08-18T10:45:00+00:00,68.88095000000024,68.91195000000023,68.85895000000023,68.87495000000024,2608
2026-08-18T11:00:00+00:00,68.87495000000024,68.90995000000024,68.75395000000023,68.80895000000024,3143
2026-08-18T11:15:00+00:00,68.80895000000024,68.82495000000024,68.70795000000024,68.72395000000023,3176
2026-08-18T11:30:00+00:00,68.72395000000023,68.78395000000023,68.66595000000024,68.73195000000024,2942
2026-08-18T11:45:00+00:00,68.73195000000024,68.91695000000024,68.72495000000023,68.90495000000024,2850
2026-08-18T12:00:00+00:00,68.90495000000024,68.92695000000023,68.69495000000023,68.78695000000023,4788
2026-08-18T12:15:00+00:00,68.78695000000023,69.00795000000024,68.73095000000023,68.91695000000024,4679
2026-08-18T12:30:00+00:00,68.91695000000024,68.95295000000024,68.80195000000023,68.80995000000024,4668
2026-08-18T12:45:00+00:00,68.80995000000024,68.97495000000023,68.80995000000024,68.86495000000023,4303
2026-08-18T13:00:00+00:00,68.86495000000023,68.97795000000023,68.66295000000024,68.92195000000024,9846
2026-08-18T13:15:00+00:00,68.92195000000024,68.92895000000024,68.59395000000023,68.62095000000024,8470
2026-08-18T13:30:00+00:00,68.62095000000024,69.05195000000023,68.29395000000024,68.86095000000023,20158
2026-08-18T13:45:00+00:00,68.86095000000023,68.87495000000024,68.41695000000024,68.63195000000023,17779
2026-08-18T14:00:00+00:00,68.63195000000023,68.73795000000024,68.27695000000024,68.31695000000023,19682
2026-08-18T14:15:00+00:00,68.31695000000023,68.64295000000024,68.29495000000024,68.47495000000023,11661
2026-08-18T14:30:00+00:00,68.47495000000023,68.52595000000024,68.02995000000024,68.14295000000024,16187
2026-08-18T14:45:00+00:00,68.14295000000024,68.39995000000023,67.86395000000024,67.91895000000024,18886
2026-08-18T15:00:00+00:00,67.91895000000024,68.09795000000024,67.49095000000025,67.55995000000024,16108
2026-08-18T15:15:00+00:00,67.55995000000024,67.69995000000023,67.27295000000024,67.42095000000025,14363
2026-08-18T15:30:00+00:00,67.42095000000025,67.52795000000026,67.31995000000025,67.48695000000023,10133
2026-08-18T15:45:00+00:00,67.48695000000023,67.76295000000025,67.48695000000023,67.73895000000024,6918
2026-08-18T16:00:00+00:00,67.73895000000024,67.88695000000027,67.71895000000023,67.77995000000027,5802
2026-08-18T16:15:00+00:00,67.77995000000027,67.80195000000028,67.61595000000025,67.62595000000026,5295
2026-08-18T16:30:00+00:00,67.62595000000026,67.75495000000025,67.62595000000026,67.69895000000025,5292
2026-08-18T16:45:00+00:00,67.69895000000025,67.72095000000024,67.58795000000025,67.61695000000026,6091
2026-08-18T17:00:00+00:00,67.61695000000026,67.71695000000025,67.60295000000025,67.66595000000027,5618
2026-08-18T17:15:00+00:00,67.66595000000027,67.76395000000026,67.64995000000026,67.72995000000026,5717
2026-08-18T17:30:00+00:00,67.72995000000026,67.75195000000026,67.59595000000026,67.62595000000027,5730
2026-08-18T17:45:00+00:00,67.62595000000027,67.64895000000027,67.5359500000003,67.57995000000031,5432
2026-08-18T18:00:00+00:00,67.57995000000031,67.58595000000031,67.45595000000031,67.55895000000032,7369
2026-08-18T18:15:00+00:00,67.55895000000032,67.62695000000032,67.49995000000033,67.57195000000033,5715
2026-08-18T18:30:00+00:00,67.57195000000033,67.64195000000032,67.5159500000003,67.5339500000003,3700
2026-08-18T18:45:00+00:00,67.5339500000003,67.5789500000003,67.49195000000034,67.51795000000033,3923
2026-08-18T19:00:00+00:00,67.51795000000033,67.58895000000034,67.49095000000035,67.54895000000035,3636
2026-08-18T19:15:00+00:00,67.54895000000035,67.60795000000033,67.53495000000034,67.56795000000034,4502
2026-08-18T19:30:00+00:00,67.56795000000034,67.60595000000033,67.41995000000028,67.4229500000003,5627
2026-08-18T19:45:00+00:00,67.4229500000003,67.46095000000031,67.1189500000003,67.31295000000027,7065
2026-08-18T20:00:00+00:00,67.31295000000027,67.46295000000028,67.24295000000029,67.27195000000029,2245
2026-08-18T20:15:00+00:00,67.27195000000029,67.28595000000028,67.07995000000028,67.2219500000003,1937
2026-08-18T20:30:00+00:00,67.2219500000003,67.28395000000032,67.18095000000032,67.23895000000033,1364
2026-08-18T20:45:00+00:00,67.23895000000033,67.26695000000032,66.92695000000035,67.08495000000032,2062
2026-08-18T22:00:00+00:00,67.08495000000032,67.80395000000033,66.80095000000033,67.50115000000031,811.839636859358
2026-08-18T22:15:00+00:00,67.50115000000031,67.5331500000003,67.3091500000003,67.36215000000027,1600
2026-08-18T22:30:00+00:00,67.36215000000027,67.36315000000027,67.25515000000027,67.27415000000025,1182
2026-08-18T22:45:00+00:00,67.27415000000025,67.31515000000024,67.24615000000026,67.27315000000026,777
2026-08-18T23:00:00+00:00,67.27315000000026,67.37115000000026,67.07815000000028,67.14615000000026,1782
2026-08-18T23:15:00+00:00,67.14615000000026,67.28415000000028,66.94715000000029,66.9511500000003,2689
2026-08-18T23:30:00+00:00,66.9511500000003,67.0121500000003,66.8471500000003,66.94415000000029,2445
2026-08-18T23:45:00+00:00,66.94415000000029,67.0601500000003,66.8921500000003,67.04315000000028,2338
2026-08-19T00:00:00+00:00,67.04315000000028,67.2031500000003,66.93815000000029,67.14415000000031,7266
2026-08-19T00:15:00+00:00,67.14415000000031,67.2471500000003,67.04115000000033,67.12315000000032,7110
2026-08-19T00:30:00+00:00,67.12315000000032,67.27315000000033,67.02915000000033,67.13615000000033,6492
2026-08-19T00:45:00+00:00,67.13615000000033,67.33415000000032,67.01115000000033,67.05515000000031,5367
2026-08-19T01:00:00+00:00,67.05515000000031,67.21015000000031,66.75115000000031,67.09915000000031,14276
2026-08-19T01:15:00+00:00,67.09915000000031,67.1411500000003,66.7021500000003,67.0721500000003,10099
2026-08-19T01:30:00+00:00,67.0721500000003,67.43415000000029,67.0481500000003,67.37515000000027,7457
2026-08-19T01:45:00+00:00,67.37515000000027,67.39415000000028,67.14515000000027,67.29515000000029,7827
2026-08-19T02:00:00+00:00,67.29515000000029,67.3151500000003,67.1301500000003,67.1991500000003,6015
2026-08-19T02:15:00+00:00,67.1991500000003,67.41215000000031,67.1831500000003,67.28115000000031,5192
2026-08-19T02:30:00+00:00,67.28115000000031,67.32315000000031,67.0621500000003,67.11515000000031,7659
2026-08-19T02:45:00+00:00,67.11515000000031,67.1971500000003,67.0641500000003,67.15815000000029,5351
2026-08-19T03:00:00+00:00,67.15815000000029,67.24215000000027,67.0481500000003,67.15015000000031,5182
2026-08-19T03:15:00+00:00,67.15015000000031,67.21215000000032,66.98015000000032,67.14915000000035,4700
2026-08-19T03:30:00+00:00,67.14915000000035,67.29915000000037,67.14915000000035,67.24115000000035,2549
2026-08-19T03:45:00+00:00,67.24115000000035,67.24115000000035,67.13915000000034,67.15015000000032,1845
2026-08-19T04:00:00+00:00,67.15015000000032,67.19015000000033,67.05515000000034,67.07015000000033,2163
2026-08-19T04:15:00+00:00,67.07015000000033,67.07415000000032,66.9031500000003,66.91815000000031,2711
2026-08-19T04:30:00+00:00,66.91815000000031,66.96515000000032,66.87115000000031,66.91215000000031,3211
2026-08-19T04:45:00+00:00,66.91215000000031,66.97915000000029,66.85215000000032,66.97915000000029,2479
2026-08-19T05:00:00+00:00,66.97915000000029,67.00115000000028,66.69515000000027,66.71415000000027,3735
2026-08-19T05:15:00+00:00,66.71415000000027,66.97915000000026,66.67315000000028,66.97515000000027,3990
2026-08-19T05:30:00+00:00,66.97515000000027,66.98015000000026,66.77615000000027,66.89615000000026,10426
2026-08-19T05:45:00+00:00,66.89615000000026,66.89615000000026,66.72915000000026,66.77615000000026,6946
2026-08-19T06:00:00+00:00,66.77615000000026,66.90615000000025,66.73915000000025,66.75315000000023,7258
2026-08-19T06:15:00+00:00,66.75315000000023,67.14115000000021,66.73915000000022,67.00415000000021,5902
2026-08-19T06:30:00+00:00,67.00415000000021,67.08515000000017,66.8601500000002,66.98715000000018,6035
2026-08-19T06:45:00+00:00,66.98715000000018,67.25315000000016,66.96315000000018,67.24115000000016,5293
2026-08-19T07:00:00+00:00,67.24115000000016,67.33015000000015,67.19015000000013,67.30815000000013,3787
2026-08-19T07:15:00+00:00,67.30815000000013,67.33615000000012,67.19515000000013,67.30815000000013,4152
2026-08-19T07:30:00+00:00,67.30815000000013,67.40715000000014,67.13815000000015,67.17715000000015,3823
2026-08-19T07:45:00+00:00,67.17715000000015,67.22515000000016,67.15215000000016,67.18815000000016,4073
2026-08-19T08:00:00+00:00,67.18815000000016,67.37515000000013,67.14215000000017,67.35115000000013,6011
2026-08-19T08:15:00+00:00,67.35115000000013,67.38915000000013,67.27215000000011,67.35515000000012,4493
2026-08-19T08:30:00+00:00,67.35515000000012,67.40115000000011,67.2431500000001,67.39015000000012,3403
2026-08-19T08:45:00+00:00,67.39015000000012,67.41215000000011,67.18615000000014,67.19115000000014,3015
2026-08-19T09:00:00+00:00,67.19115000000014,67.26415000000013,67.16715000000013,67.26015000000011,4164
2026-08-19T09:15:00+00:00,67.26015000000011,67.2621500000001,67.15115000000011,67.24515000000011,3569
2026-08-19T09:30:00+00:00,67.24515000000011,67.3331500000001,67.19915000000009,67.27015000000011,2659
2026-08-19T09:45:00+00:00,67.27015000000011,67.3791500000001,67.2541500000001,67.3791500000001,3504
2026-08-19T10:00:00+00:00,67.3791500000001,67.3861500000001,67.26615000000008,67.3431500000001,3696
2026-08-19T10:15:00+00:00,67.3431500000001,67.50015000000008,67.34115000000008,67.47615000000008,3865
2026-08-19T10:30:00+00:00,67.47615000000008,67.49615000000009,67.40715000000006,67.43615000000005,2851
2026-08-19T10:45:00+00:00,67.43615000000005,67.52115000000003,67.40115000000003,67.45615000000001,2898
2026-08-19T11:00:00+00:00,67.45615000000001,67.60015,67.41315,67.56415000000001,4469
2026-08-19T11:15:00+00:00,67.56415000000001,67.74815000000001,67.51315000000002,67.68915000000001,3471
2026-08-19T11:30:00+00:00,67.68915000000001,67.79015000000001,67.53515000000002,67.55515000000001,4083
2026-08-19T11:45:00+00:00,67.55515000000001,67.71215000000001,67.54615000000004,67.66715,3157
2026-08-19T12:00:00+00:00,67.66715,67.88515,67.61815,67.83015,5147
2026-08-19T12:15:00+00:00,67.83015,68.02415000000003,67.79615000000001,67.88715000000005,5995
2026-08-19T12:30:00+00:00,67.88715000000005,69.25415000000007,67.84215000000006,69.13515000000007,25137
2026-08-19T12:45:00+00:00,69.13515000000007,69.25515000000006,68.77815000000007,69.02815000000007,15331
2026-08-19T13:00:00+00:00,69.02815000000007,69.27415000000006,68.64515000000006,69.14915000000006,19520
2026-08-19T13:15:00+00:00,69.14915000000006,69.34715000000006,69.09715000000006,69.29315000000007,12212
2026-08-19T13:30:00+00:00,69.29315000000007,69.59015000000007,69.04715000000006,69.21715000000006,20322
2026-08-19T13:45:00+00:00,69.21715000000006,69.29115000000006,68.95015000000006,69.20315000000006,14808
2026-08-19T14:00:00+00:00,69.20315000000006,69.42515000000006,69.12915000000007,69.38515000000007,16539
2026-08-19T14:15:00+00:00,69.38515000000007,69.67515000000006,69.28715000000007,69.61415000000007,17112
2026-08-19T14:30:00+00:00,69.61415000000007,70.03815000000006,69.60615000000006,69.88215000000007,11620
2026-08-19T14:45:00+00:00,69.88215000000007,69.88215000000007,69.52615000000006,69.71815000000007,8456
2026-08-19T15:00:00+00:00,69.71815000000007,69.79515000000006,69.62515000000006,69.73815000000006,7653
2026-08-19T15:15:00+00:00,69.73815000000006,69.80215000000007,69.52815000000007,69.63415000000006,8909
2026-08-19T15:30:00+00:00,69.63415000000006,69.96315000000006,69.59315000000007,69.90815000000006,6214
2026-08-19T15:45:00+00:00,69.90815000000006,70.02715000000006,69.86115000000007,70.00215000000006,5566
2026-08-19T16:00:00+00:00,70.00215000000006,70.17115000000007,69.99815000000007,70.05115000000006,5983
2026-08-19T16:15:00+00:00,70.05115000000006,70.09615000000007,69.94115000000006,69.96115000000006,6444
2026-08-19T16:30:00+00:00,69.96115000000006,70.04515000000006,69.90015000000007,69.95715000000006,4246
2026-08-19T16:45:00+00:00,69.95715000000006,70.03415000000007,69.90115000000006,69.90415000000006,4124
2026-08-19T17:00:00+00:00,69.90415000000006,70.03815000000006,69.83215000000006,69.92015000000006,5176
2026-08-19T17:15:00+00:00,69.92015000000006,69.92615000000006,69.72015000000006,69.78415000000007,5867
2026-08-19T17:30:00+00:00,69.78415000000007,69.88315000000006,69.72315000000006,69.85115000000006,3847
2026-08-19T17:45:00+00:00,69.85115000000006,69.91215000000007,69.74415000000006,69.80515000000007,3878
2026-08-19T18:00:00+00:00,69.80515000000007,70.06515000000006,69.75415000000007,69.87115000000006,9153
2026-08-19T18:15:00+00:00,69.87115000000006,69.87115000000006,69.59615000000007,69.64915000000006,5993
2026-08-19T18:30:00+00:00,69.64915000000006,70.05815000000007,69.61115000000007,70.03115000000007,4562
2026-08-19T18:45:00+00:00,70.03115000000007,70.17715000000007,69.97115000000007,70.16415000000006,3261
2026-08-19T19:00:00+00:00,70.16415000000006,70.44715000000006,70.16215000000007,70.38415000000006,4191
2026-08-19T19:15:00+00:00,70.38415000000006,70.53915000000006,70.37115000000006,70.50215000000006,5286
2026-08-19T19:30:00+00:00,70.50215000000006,70.54415000000006,70.35215000000007,70.44815000000007,3841
2026-08-19T19:45:00+00:00,70.44815000000007,70.63915000000006,70.36915000000006,70.49915000000006,5790
2026-08-19T20:00:00+00:00,70.49915000000006,70.52015000000006,70.42115000000007,70.44015000000006,1916
2026-08-19T20:15:00+00:00,70.44015000000006,70.69915000000006,70.43515000000006,70.66115000000006,2336
2026-08-19T20:30:00+00:00,70.66115000000006,70.95015000000006,70.65315000000007,70.81115000000007,2046
2026-08-19T20:45:00+00:00,70.81115000000007,71.13415000000006,70.80215000000007,71.10115000000006,2557
2026-08-19T22:00:00+00:00,71.10115000000006,71.44015000000006,71.01315000000005,71.32515000000006,3300.7075381918357
2026-08-19T22:15:00+00:00,71.32515000000006,71.36715000000007,71.30015000000006,71.30615000000006,1346
2026-08-19T22:30:00+00:00,71.30615000000006,71.30615000000006,71.15415000000007,71.21515000000007,1930
2026-08-19T22:45:00+00:00,71.21515000000007,71.28515000000006,71.16915000000006,71.22015000000006,1560
2026-08-19T23:00:00+00:00,71.22015000000006,71.39415000000007,71.18515000000006,71.28815000000006,2902
2026-08-19T23:15:00+00:00,71.28815000000006,71.39915000000006,71.25515000000007,71.32415000000006,1753
2026-08-19T23:30:00+00:00,71.32415000000006,71.43815000000006,71.30815000000007,71.38315000000007,1855
2026-08-19T23:45:00+00:00,71.38315000000007,71.47215000000007,71.26115000000007,71.27815000000007,2110
2026-08-20T00:00:00+00:00,71.27815000000007,71.49315000000007,71.22715000000007,71.46415000000006,7722
2026-08-20T00:15:00+00:00,71.46415000000006,71.61615000000006,71.32715000000006,71.33015000000006,7954
2026-08-20T00:30:00+00:00,71.33015000000006,71.40215000000006,71.23315000000007,71.26915000000007,5200
2026-08-20T00:45:00+00:00,71.26915000000007,71.35215000000007,71.00615000000006,71.08715000000007,7534
2026-08-20T01:00:00+00:00,71.08715000000007,71.14415000000007,70.70415000000007,70.97415000000007,14341
2026-08-20T01:15:00+00:00,70.97415000000007,71.20415000000007,70.93715000000006,71.15715000000007,11459
2026-08-20T01:30:00+00:00,71.15715000000007,71.26015000000007,71.00615000000006,71.09115000000007,12614
2026-08-20T01:45:00+00:00,71.09115000000007,71.14715000000007,70.92515000000006,71.04915000000007,8990
2026-08-20T02:00:00+00:00,71.04915000000007,71.62815000000006,71.04915000000007,71.61015000000006,10619
2026-08-20T02:15:00+00:00,71.61015000000006,71.61215000000007,71.24215000000007,71.30715000000006,3891
2026-08-20T02:30:00+00:00,71.30715000000006,71.50015000000006,71.25415000000007,71.35115000000006,8009
2026-08-20T02:45:00+00:00,71.35115000000006,71.49215000000007,71.27715000000006,71.36115000000007,6646
2026-08-20T03:00:00+00:00,71.36115000000007,71.52315000000007,71.29715000000006,71.39115000000007,6350
2026-08-20T03:15:00+00:00,71.39115000000007,71.48415000000007,71.33215000000007,71.43715000000006,5782
2026-08-20T03:30:00+00:00,71.43715000000006,71.43715000000006,71.32015000000007,71.36115000000007,3347
2026-08-20T03:45:00+00:00,71.36115000000007,71.57015000000007,71.33815000000007,71.50315000000006,2907
2026-08-20T04:00:00+00:00,71.50315000000006,71.52215000000007,71.41115000000006,71.43015000000007,2876
2026-08-20T04:15:00+00:00,71.43015000000007,71.49015000000007,71.31315000000006,71.32015000000007,3066
2026-08-20T04:30:00+00:00,71.32015000000007,71.35015000000007,71.16515000000007,71.23715000000007,2810
2026-08-20T04:45:00+00:00,71.23715000000007,71.47815000000007,71.23215000000006,71.39515000000007,2463
2026-08-20T05:00:00+00:00,71.39515000000007,71.61015000000006,71.26915000000007,71.31715000000007,3435
2026-08-20T05:15:00+00:00,71.31715000000007,71.38415000000006,71.18215000000006,71.18215000000006,3736
2026-08-20T05:30:00+00:00,71.18215000000006,71.31315000000006,70.92815000000006,71.11315000000006,7711
2026-08-20T05:45:00+00:00,71.11315000000006,71.14215000000007,70.97315000000006,71.10615000000007,5625
2026-08-20T06:00:00+00:00,71.10615000000007,71.46215000000007,71.01915000000007,71.41015000000006,6041
2026-08-20T06:15:00+00:00,71.41015000000006,71.46315000000007,71.31815000000006,71.36015000000006,5681
2026-08-20T06:30:00+00:00,71.36015000000006,71.42115000000007,71.29815000000006,71.35315000000007,5343
2026-08-20T06:45:00+00:00,71.35315000000007,71.44115000000006,71.23615000000007,71.32315000000007,5457
2026-08-20T07:00:00+00:00,71.32315000000007,71.32415000000006,71.07715000000006,71.09515000000006,5026
2026-08-20T07:15:00+00:00,71.09515000000006,71.14015000000006,70.83615000000006,70.84315000000007,4537
2026-08-20T07:30:00+00:00,70.84315000000007,71.02215000000007,70.78715000000007,70.87915000000007,6509
2026-08-20T07:45:00+00:00,70.87915000000007,71.01215000000006,70.83415000000007,70.90715000000007,4719
2026-08-20T08:00:00+00:00,70.90715000000007,71.06415000000007,70.89515000000007,71.04415000000006,7049
2026-08-20T08:15:00+00:00,71.04415000000006,71.17615000000006,70.95315000000006,70.99615000000007,5473
2026-08-20T08:30:00+00:00,70.99615000000007,71.08915000000006,70.89115000000007,70.91615000000006,6390
2026-08-20T08:45:00+00:00,70.91615000000006,71.00615000000006,70.85615000000007,70.97115000000007,5524
2026-08-20T09:00:00+00:00,70.97115000000007,71.04915000000007,70.90415000000007,71.02115000000006,6131
2026-08-20T09:15:00+00:00,71.02115000000006,71.07715000000006,70.94115000000006,71.00115000000007,4724
2026-08-20T09:30:00+00:00,71.00115000000007,71.06815000000006,70.90815000000006,71.04215000000006,5313
2026-08-20T09:45:00+00:00,71.04215000000006,71.04315000000007,70.93715000000006,70.97615000000006,5563
2026-08-20T10:00:00+00:00,70.97615000000006,71.26815000000006,70.93215000000006,71.26015000000007,5440
2026-08-20T10:15:00+00:00,71.26015000000007,71.26415000000007,71.04415000000006,71.22015000000006,4547
2026-08-20T10:30:00+00:00,71.22015000000006,71.27115000000006,71.11015000000006,71.15215000000006,4361
2026-08-20T10:45:00+00:00,71.15215000000006,71.18015000000007,71.09615000000007,71.17415000000007,3496
2026-08-20T11:00:00+00:00,71.17415000000007,71.22315000000006,70.93715000000006,71.04315000000007,6898
2026-08-20T11:15:00+00:00,71.04315000000007,71.13715000000006,70.89915000000006,70.98315000000007,5248
2026-08-20T11:30:00+00:00,70.98315000000007,71.06115000000007,70.83615000000006,70.84615000000007,5736
2026-08-20T11:45:00+00:00,70.84615000000007,70.87415000000007,70.45015000000006,70.46915000000007,9017
2026-08-20T12:00:00+00:00,70.46915000000007,70.48415000000007,69.94715000000006,70.22615000000006,13723
2026-08-20T12:15:00+00:00,70.22615000000006,70.51415000000007,70.19915000000006,70.42615000000006,10170
2026-08-20T12:30:00+00:00,70.42615000000006,70.68615000000007,70.21815000000007,70.67215000000006,10439
2026-08-20T12:45:00+00:00,70.67215000000006,70.94415000000006,70.62215000000006,70.86315000000006,7887
2026-08-20T13:00:00+00:00,70.86315000000006,71.13715000000006,70.82815000000006,71.03915000000006,14053
2026-08-20T13:15:00+00:00,71.03915000000006,71.13315000000007,70.97315000000006,71.04215000000006,10329
2026-08-20T13:30:00+00:00,71.04215000000006,71.82815000000006,71.04215000000006,71.71415000000006,20865
2026-08-20T13:45:00+00:00,71.71415000000006,71.82315000000007,71.45115000000007,71.48515000000006,16289
2026-08-20T14:00:00+00:00,71.48515000000006,71.88815000000007,71.42615000000006,71.70515000000006,18685
2026-08-20T14:15:00+00:00,71.70515000000006,71.83715000000007,71.61015000000006,71.80215000000007,15431
2026-08-20T14:30:00+00:00,71.80215000000007,72.10915000000007,71.79215000000006,72.03715000000007,12701
2026-08-20T14:45:00+00:00,72.03715000000007,72.72715000000007,72.03715000000007,72.70215000000006,13848
2026-08-20T15:00:00+00:00,72.70215000000006,73.42115000000007,72.63015000000007,73.16015000000006,29854
2026-08-20T15:15:00+00:00,73.16015000000006,73.30115000000006,73.01215000000006,73.07115000000006,20462
2026-08-20T15:30:00+00:00,73.07115000000006,73.08415000000007,72.48215000000006,72.49115000000006,16258
2026-08-20T15:45:00+00:00,72.49115000000006,72.71015000000007,72.47015000000006,72.63515000000007,12829
2026-08-20T16:00:00+00:00,72.63515000000007,72.75115000000007,72.41015000000006,72.43415000000006,10514
2026-08-20T16:15:00+00:00,72.43415000000006,72.44115000000006,72.24715000000006,72.33915000000006,11415
2026-08-20T16:30:00+00:00,72.33915000000006,72.55415000000006,72.26115000000007,72.43815000000006,7272
2026-08-20T16:45:00+00:00,72.43815000000006,72.59915000000007,72.37415000000007,72.53515000000006,8043
2026-08-20T17:00:00+00:00,72.53515000000006,72.61415000000007,72.47215000000007,72.53315000000006,7077
2026-08-20T17:15:00+00:00,72.53315000000006,72.58515000000007,72.36315000000006,72.41515000000007,7874
2026-08-20T17:30:00+00:00,72.41515000000007,72.56815000000006,72.39315000000006,72.49315000000007,5888
2026-08-20T17:45:00+00:00,72.49315000000007,72.56915000000006,72.45815000000006,72.49015000000007,5492
2026-08-20T18:00:00+00:00,72.49015000000007,72.52815000000007,72.08515000000007,72.11515000000007,9336
2026-08-20T18:15:00+00:00,72.11515000000007,72.36815000000007,72.05915000000006,72.33315000000006,7311
2026-08-20T18:30:00+00:00,72.33315000000006,72.38315000000007,72.24415000000006,72.26715000000007,7178
2026-08-20T18:45:00+00:00,72.26715000000007,72.35215000000007,72.22315000000006,72.23615000000007,6437
2026-08-20T19:00:00+00:00,72.23615000000007,72.54815000000006,72.16115000000006,72.53915000000006,5864
2026-08-20T19:15:00+00:00,72.53915000000006,72.59415000000007,72.41915000000006,72.42015000000006,4105
2026-08-20T19:30:00+00:00,72.42015000000006,72.56315000000006,72.38015000000007,72.43615000000007,7515
2026-08-20T19:45:00+00:00,72.43615000000007,72.69615000000006,72.40015000000007,72.58715000000007,7419
2026-08-20T20:00:00+00:00,72.58715000000007,72.62315000000007,72.45615000000006,72.47315000000006,3072
2026-08-20T20:15:00+00:00,72.47315000000006,72.48915000000007,72.40815000000006,72.41515000000007,1563
2026-08-20T20:30:00+00:00,72.41515000000007,72.42415000000007,72.37215000000006,72.40515000000006,1621
2026-08-20T20:45:00+00:00,72.40515000000006,72.47615000000006,72.38715000000006,72.40215000000006,1236
2026-08-20T22:00:00+00:00,72.40215000000006,72.73115000000007,72.40215000000006,72.63415000000006,1394.938982295958
2026-08-20T22:15:00+00:00,72.63415000000006,72.68215000000006,72.60415000000008,72.66115000000006,892
2026-08-20T22:30:00+00:00,72.66115000000006,72.76015000000007,72.63115000000006,72.73715000000007,985
2026-08-20T22:45:00+00:00,72.73715000000007,72.79815000000006,72.69815000000007,72.78615000000006,1114
2026-08-20T23:00:00+00:00,72.78615000000006,72.92115000000007,72.74915000000007,72.90815000000006,1886
2026-08-20T23:15:00+00:00,72.90815000000006,72.92415000000007,72.78715000000007,72.85415000000008,1344
2026-08-20T23:30:00+00:00,72.85415000000008,72.88315000000007,72.70515000000007,72.76115000000007,1648
2026-08-20T23:45:00+00:00,72.76115000000007,72.84415000000007,72.71715000000007,72.73115000000007,1879
2026-08-21T00:00:00+00:00,72.73115000000007,72.78015000000006,72.60715000000008,72.64615000000006,6062
2026-08-21T00:15:00+00:00,72.64615000000006,72.67615000000006,72.53115000000007,72.58015000000007,4741
2026-08-21T00:30:00+00:00,72.58015000000007,72.62615000000007,72.46315000000007,72.61315000000008,3578
2026-08-21T00:45:00+00:00,72.61315000000008,72.63515000000007,72.48315000000007,72.50715000000007,4136
2026-08-21T01:00:00+00:00,72.50715000000007,72.96215000000007,72.43415000000007,72.93615000000007,12243
2026-08-21T01:15:00+00:00,72.93615000000007,73.16415000000006,72.92715000000007,73.02215000000007,7918
2026-08-21T01:30:00+00:00,73.02215000000007,73.22215000000007,72.82715000000007,72.90315000000007,7417
2026-08-21T01:45:00+00:00,72.90315000000007,73.08615000000007,72.85115000000008,73.07715000000007,4225
2026-08-21T02:00:00+00:00,73.07715000000007,73.08915000000007,72.86615000000008,72.93715000000007,4574
2026-08-21T02:15:00+00:00,72.93715000000007,73.20915000000007,72.91615000000007,73.14615000000006,2508
2026-08-21T02:30:00+00:00,73.14615000000006,73.42815000000007,73.02815000000007,73.42415000000007,7119
2026-08-21T02:45:00+00:00,73.42415000000007,73.55315000000007,73.20115000000007,73.25615000000006,4770
2026-08-21T03:00:00+00:00,73.25615000000006,73.51115000000007,73.23615000000007,73.39915000000006,4725
2026-08-21T03:15:00+00:00,73.39915000000006,73.44815000000007,73.25215000000007,73.26015000000007,4186
2026-08-21T03:30:00+00:00,73.26015000000007,73.43715000000007,73.24315000000007,73.32915000000007,3091
2026-08-21T03:45:00+00:00,73.32915000000007,73.41915000000007,73.27515000000007,73.41115000000006,2453
2026-08-21T04:00:00+00:00,73.41115000000006,73.59015000000007,73.39815000000007,73.54715000000007,3641
2026-08-21T04:15:00+00:00,73.54715000000007,73.71315000000007,73.49215000000007,73.69615000000007,3408
2026-08-21T04:30:00+00:00,73.69615000000007,73.70215000000007,73.49315000000007,73.52715000000006,2654
2026-08-21T04:45:00+00:00,73.52715000000006,73.58915000000007,73.49615000000007,73.51415000000007,1615
2026-08-21T05:00:00+00:00,73.51415000000007,73.53715000000007,73.44515000000007,73.49815000000007,3252
2026-08-21T05:15:00+00:00,73.49815000000007,73.52715000000006,73.30315000000007,73.32315000000007,3072
2026-08-21T05:30:00+00:00,73.32315000000007,73.58415000000007,73.25815000000007,73.52815000000007,6924
2026-08-21T05:45:00+00:00,73.52815000000007,73.73215000000008,73.49715000000008,73.70615000000006,5711
2026-08-21T06:00:00+00:00,73.70615000000006,73.71815000000007,73.32815000000006,73.40215000000006,6905
2026-08-21T06:15:00+00:00,73.40215000000006,73.56915000000006,73.35315000000007,73.38815000000007,5493
2026-08-21T06:30:00+00:00,73.38815000000007,73.67115000000007,73.36015000000008,73.46915000000007,6084
2026-08-21T06:45:00+00:00,73.46915000000007,73.51015000000007,73.35415000000008,73.37115000000007,4633
2026-08-21T07:00:00+00:00,73.37115000000007,73.61915000000008,73.33915000000007,73.49315000000007,5138
2026-08-21T07:15:00+00:00,73.49315000000007,73.64015000000006,73.45715000000007,73.47915000000008,4248
2026-08-21T07:30:00+00:00,73.47915000000008,73.72215000000007,73.42215000000007,73.70915000000007,4230
2026-08-21T07:45:00+00:00,73.70915000000007,73.95615000000006,73.68415000000007,73.86815000000007,4488
2026-08-21T08:00:00+00:00,73.86815000000007,73.92915000000006,73.66015000000007,73.78515000000007,4647
2026-08-21T08:15:00+00:00,73.78515000000007,74.23615000000007,73.72915000000008,74.23615000000007,6301
2026-08-21T08:30:00+00:00,74.23615000000007,74.45015000000006,74.20915000000007,74.33215000000007,6093
2026-08-21T08:45:00+00:00,74.33215000000007,74.42515000000007,74.25515000000007,74.35215000000007,3786
2026-08-21T09:00:00+00:00,74.35215000000007,74.50915000000006,74.26515000000006,74.49315000000007,5888
2026-08-21T09:15:00+00:00,74.49315000000007,74.52515000000007,73.99215000000007,74.02115000000006,5229
2026-08-21T09:30:00+00:00,74.02115000000006,74.18215000000006,73.96315000000007,74.01215000000006,4623
2026-08-21T09:45:00+00:00,74.01215000000006,74.01915000000007,73.94715000000006,73.96415000000007,3207
2026-08-21T10:00:00+00:00,73.96415000000007,74.05115000000006,73.70315000000006,73.74815000000007,5059
2026-08-21T10:15:00+00:00,73.74815000000007,74.02815000000007,73.73715000000007,73.94615000000007,4940
2026-08-21T10:30:00+00:00,73.94615000000007,74.03515000000007,73.87415000000007,73.97315000000008,3977
2026-08-21T10:45:00+00:00,73.97315000000008,74.08915000000007,73.91815000000007,74.02915000000007,4578
2026-08-21T11:00:00+00:00,74.02915000000007,74.22615000000008,73.95415000000007,74.21915000000007,4848
2026-08-21T11:15:00+00:00,74.21915000000007,74.54815000000006,74.21915000000007,74.50015000000006,8345
2026-08-21T11:30:00+00:00,74.50015000000006,74.54315000000007,74.30015000000007,74.39415000000007,7228
2026-08-21T11:45:00+00:00,74.39415000000007,74.44615000000007,74.22515000000007,74.23915000000007,4757
2026-08-21T12:00:00+00:00,74.23915000000007,74.27615000000007,73.97915000000008,74.03015000000006,7167
2026-08-21T12:15:00+00:00,74.03015000000006,74.06315000000006,73.85015000000007,73.99315000000007,7545
2026-08-21T12:30:00+00:00,73.99315000000007,73.99615000000007,73.59315000000007,73.87715000000007,7599
2026-08-21T12:45:00+00:00,73.87715000000007,74.01515000000006,73.85015000000007,73.95715000000007,5657
2026-08-21T13:00:00+00:00,73.95715000000007,74.20115000000007,73.84515000000007,74.13015000000007,11987
2026-08-21T13:15:00+00:00,74.13015000000007,74.18215000000006,74.01015000000007,74.10815000000007,7345
2026-08-21T13:30:00+00:00,74.10815000000007,74.28915000000006,73.77115000000006,74.24215000000007,18602
2026-08-21T13:45:00+00:00,74.24215000000007,74.39215000000007,73.86615000000008,73.87915000000007,18087
2026-08-21T14:00:00+00:00,73.87915000000007,74.16515000000007,73.85115000000008,74.06715000000007,17156
2026-08-21T14:15:00+00:00,74.06715000000007,74.33015000000007,73.84215000000007,74.24415000000008,16533
2026-08-21T14:30:00+00:00,74.24415000000008,74.26015000000007,73.42515000000007,73.53815000000007,18186
2026-08-21T14:45:00+00:00,73.53815000000007,73.83715000000007,73.47815000000007,73.68115000000007,14019
2026-08-21T15:00:00+00:00,73.68115000000007,73.84115000000007,73.53115000000007,73.78515000000007,11206
2026-08-21T15:15:00+00:00,73.78515000000007,74.11215000000007,73.75215000000007,73.98415000000007,13397
2026-08-21T15:30:00+00:00,73.98415000000007,74.12615000000007,73.86715000000007,74.03215000000007,12171
2026-08-21T15:45:00+00:00,74.03215000000007,74.22815000000007,74.00915000000006,74.05515000000007,7984
2026-08-21T16:00:00+00:00,74.05515000000007,74.14815000000007,73.86615000000008,73.96815000000007,7664
2026-08-21T16:15:00+00:00,73.96815000000007,74.23115000000007,73.95815000000007,74.08515000000007,8966
2026-08-21T16:30:00+00:00,74.08515000000007,74.31515000000007,74.05415000000006,74.28915000000006,6889
2026-08-21T16:45:00+00:00,74.28915000000006,74.47615000000008,74.27415000000006,74.42615000000006,7941
2026-08-21T17:00:00+00:00,74.42615000000006,74.47515000000007,74.19115000000006,74.22815000000007,9804
2026-08-21T17:15:00+00:00,74.22815000000007,74.27015000000007,73.92715000000007,74.13615000000007,13857
2026-08-21T17:30:00+00:00,74.13615000000007,74.20815000000007,74.03515000000007,74.10915000000007,12372
2026-08-21T17:45:00+00:00,74.10915000000007,74.11215000000007,73.95115000000007,74.02715000000006,8898
2026-08-21T18:00:00+00:00,74.02715000000006,74.21315000000007,74.01715000000007,74.09715000000007,6450
2026-08-21T18:15:00+00:00,74.09715000000007,74.26315000000007,74.09415000000007,74.15015000000007,7242
2026-08-21T18:30:00+00:00,74.15015000000007,74.15815000000006,74.00315000000006,74.08115000000006,6289
2026-08-21T18:45:00+00:00,74.08115000000006,74.14015000000006,74.08015000000007,74.13415000000006,4638
2026-08-21T19:00:00+00:00,74.13415000000006,74.15815000000006,73.95615000000006,74.08015000000007,5728
2026-08-21T19:15:00+00:00,74.08015000000007,74.10015000000007,73.94415000000006,73.94415000000006,4289
2026-08-21T19:30:00+00:00,73.94415000000006,73.97615000000008,73.82015000000007,73.82215000000006,4166
2026-08-21T19:45:00+00:00,73.82215000000006,74.01715000000007,73.80515000000007,73.92315000000006,5625
2026-08-21T20:00:00+00:00,73.92315000000006,73.92615000000006,73.81515000000007,73.81515000000007,2249
2026-08-21T20:15:00+00:00,73.81515000000007,73.82815000000006,73.50915000000006,73.53915000000006,3770
2026-08-21T20:30:00+00:00,73.53915000000006,73.61115000000007,73.34515000000007,73.49915000000007,1712
2026-08-23T22:00:00+00:00,68.813,69.299,68.715,69.239,5209
2026-08-23T22:15:00+00:00,69.239,69.239,68.995,69.017,3415
2026-08-23T22:30:00+00:00,69.017,69.08,68.853,68.931,2835
2026-08-23T22:45:00+00:00,68.931,68.933,68.764,68.773,2301
2026-08-23T23:00:00+00:00,68.773,68.878,68.731,68.825,2186
2026-08-23T23:15:00+00:00,68.825,69.015,68.822,68.976,2170
2026-08-23T23:30:00+00:00,68.976,69.067,68.906,68.931,3140
2026-08-23T23:45:00+00:00,68.931,69.22,68.927,69.201,5606
2026-08-24T00:00:00+00:00,69.201,69.575,69.155,69.358,11431
2026-08-24T00:15:00+00:00,69.358,69.398,68.642,68.835,8606
2026-08-24T00:30:00+00:00,68.835,68.845,68.56,68.706,7197
2026-08-24T00:45:00+00:00,68.706,69.183,68.659,69.169,6394
2026-08-24T01:00:00+00:00,69.169,69.375,68.783,68.825,16670
2026-08-24T01:15:00+00:00,68.825,68.865,68.448,68.448,14233
2026-08-24T01:30:00+00:00,68.448,68.602,68.255,68.48,10041
2026-08-24T01:45:00+00:00,68.48,68.782,68.401,68.666,7683
2026-08-24T02:00:00+00:00,68.666,69.153,68.591,69.069,9371
2026-08-24T02:15:00+00:00,69.069,69.188,69.063,69.126,5670
2026-08-24T02:30:00+00:00,69.126,69.187,68.766,68.777,8544
2026-08-24T02:45:00+00:00,68.777,68.823,68.501,68.799,9116
2026-08-24T03:00:00+00:00,68.799,68.835,68.641,68.76,6441
2026-08-24T03:15:00+00:00,68.76,68.919,68.704,68.805,5751
2026-08-24T03:30:00+00:00,68.805,69.044,68.804,68.869,3644
2026-08-24T03:45:00+00:00,68.869,68.94,68.789,68.811,3284
2026-08-24T04:00:00+00:00,68.811,68.876,68.7,68.806,4436
2026-08-24T04:15:00+00:00,68.806,68.855,68.689,68.801,4109
2026-08-24T04:30:00+00:00,68.801,68.809,68.672,68.765,3524
2026-08-24T04:45:00+00:00,68.765,68.792,68.679,68.725,2944
2026-08-24T05:00:00+00:00,68.725,68.864,68.717,68.864,3866
2026-08-24T05:15:00+00:00,68.864,68.903,68.64,68.644,3643
2026-08-24T05:30:00+00:00,68.644,68.726,68.473,68.54,9965
2026-08-24T05:45:00+00:00,68.54,68.837,68.514,68.83,6274
2026-08-24T06:00:00+00:00,68.83,69.13,68.776,69.114,10558
2026-08-24T06:15:00+00:00,69.114,69.282,68.85,68.875,9261
2026-08-24T06:30:00+00:00,68.875,69.087,68.846,68.885,7318
2026-08-24T06:45:00+00:00,68.885,69.017,68.882,69.003,6909
2026-08-24T07:00:00+00:00,69.003,69.125,68.895,69.006,7612
2026-08-24T07:15:00+00:00,69.006,69.07,68.837,68.872,6355
2026-08-24T07:30:00+00:00,68.872,68.97,68.709,68.709,6892
2026-08-24T07:45:00+00:00,68.709,68.848,68.624,68.75,6444
2026-08-24T08:00:00+00:00,68.75,68.956,68.65,68.68,9087
2026-08-24T08:15:00+00:00,68.68,68.709,68.529,68.531,6062
2026-08-24T08:30:00+00:00,68.531,68.828,68.496,68.819,5578
2026-08-24T08:45:00+00:00,68.819,68.836,68.585,68.589,4665
2026-08-24T09:00:00+00:00,68.589,68.708,68.561,68.655,6116
2026-08-24T09:15:00+00:00,68.655,68.655,68.509,68.523,4582
2026-08-24T09:30:00+00:00,68.523,68.688,68.501,68.671,4580
2026-08-24T09:45:00+00:00,68.671,68.734,68.643,68.719,3778
2026-08-24T10:00:00+00:00,68.719,68.884,68.711,68.855,4079
2026-08-24T10:15:00+00:00,68.855,68.879,68.771,68.781,3321
2026-08-24T10:30:00+00:00,68.781,68.873,68.716,68.75,3798
2026-08-24T10:45:00+00:00,68.75,68.768,68.623,68.691,3996
2026-08-24T11:00:00+00:00,68.691,68.768,68.569,68.74,6188
2026-08-24T11:15:00+00:00,68.74,68.815,68.715,68.785,4007
2026-08-24T11:30:00+00:00,68.785,69.385,68.712,69.092,14684
2026-08-24T11:45:00+00:00,69.092,69.166,68.912,69.131,7013
2026-08-24T12:00:00+00:00,69.131,69.207,68.96,69.108,6666
2026-08-24T12:15:00+00:00,69.108,69.208,69.011,69.189,7915
2026-08-24T12:30:00+00:00,69.189,69.322,68.763,68.977,10507
2026-08-24T12:45:00+00:00,68.977,69.2,68.854,69.034,6439
2026-08-24T13:00:00+00:00,69.034,69.76,69.006,69.668,14979
2026-08-24T13:15:00+00:00,69.668,69.711,69.277,69.356,12595
2026-08-24T13:30:00+00:00,69.356,69.586,68.717,68.717,27658
2026-08-24T13:45:00+00:00,68.717,69.107,68.669,68.86,35185
2026-08-24T14:00:00+00:00,68.86,69.001,68.682,68.804,20993
2026-08-24T14:15:00+00:00,68.804,68.993,68.49,68.946,22335
2026-08-24T14:30:00+00:00,68.946,69.145,68.851,68.911,11876
2026-08-24T14:45:00+00:00,68.911,68.946,68.516,68.791,11454
2026-08-24T15:00:00+00:00,68.791,69.152,68.752,68.947,10699
2026-08-24T15:15:00+00:00,68.947,69.257,68.869,69.067,10023
2026-08-24T15:30:00+00:00,69.067,69.097,68.57,68.595,11873
2026-08-24T15:45:00+00:00,68.595,68.692,68.209,68.374,15776
2026-08-24T16:00:00+00:00,68.374,68.661,68.348,68.494,11853
2026-08-24T16:15:00+00:00,68.494,68.716,68.455,68.691,7389
2026-08-24T16:30:00+00:00,68.691,68.72,68.588,68.635,5319
2026-08-24T16:45:00+00:00,68.635,68.683,68.476,68.512,6496
2026-08-24T17:00:00+00:00,68.512,68.746,68.472,68.64,10446
2026-08-24T17:15:00+00:00,68.64,68.712,68.233,68.371,15006
2026-08-24T17:30:00+00:00,68.371,68.432,68.275,68.331,8247
2026-08-24T17:45:00+00:00,68.331,68.347,68.183,68.33,6783
2026-08-24T18:00:00+00:00,68.33,68.575,68.15,68.297,7747
2026-08-24T18:15:00+00:00,68.297,68.558,68.241,68.476,7186
2026-08-24T18:30:00+00:00,68.476,68.501,68.165,68.369,5497
2026-08-24T18:45:00+00:00,68.369,68.381,68.299,68.351,5474
2026-08-24T19:00:00+00:00,68.351,68.439,68.324,68.345,6596
2026-08-24T19:15:00+00:00,68.345,68.535,68.318,68.39,4379
2026-08-24T19:30:00+00:00,68.39,68.576,68.339,68.562,4174
2026-08-24T19:45:00+00:00,68.562,68.692,68.542,68.677,4918
2026-08-24T20:00:00+00:00,68.677,68.731,68.651,68.653,2091
2026-08-24T20:15:00+00:00,68.653,68.732,68.653,68.67,1238
2026-08-24T20:30:00+00:00,68.67,68.82,68.659,68.679,802
2026-08-24T20:45:00+00:00,68.679,68.819,68.676,68.753,1110
2026-08-24T22:00:00+00:00,68.753,68.989,68.753,68.86,1763
2026-08-24T22:15:00+00:00,68.86,68.894,68.801,68.825,701
2026-08-24T22:30:00+00:00,68.825,68.965,68.82,68.965,790
2026-08-24T22:45:00+00:00,68.965,69.09,68.951,69.066,835
2026-08-24T23:00:00+00:00,69.066,69.143,69.013,69.128,1172
2026-08-24T23:15:00+00:00,69.128,69.217,69.118,69.126,1466
2026-08-24T23:30:00+00:00,69.126,69.371,69.116,69.366,2193
2026-08-24T23:45:00+00:00,69.366,69.595,69.356,69.555,4298
2026-08-25T00:00:00+00:00,69.555,69.788,69.268,69.432,11683
2026-08-25T00:15:00+00:00,69.432,69.468,69.154,69.24,7322
2026-08-25T00:30:00+00:00,69.24,69.543,69.216,69.482,9851
2026-08-25T00:45:00+00:00,69.482,69.547,69.237,69.248,8711
2026-08-25T01:00:00+00:00,69.248,69.363,69.013,69.238,16474
2026-08-25T01:15:00+00:00,69.238,69.366,68.907,68.965,13359
2026-08-25T01:30:00+00:00,68.965,69.142,68.877,69.046,12574
2026-08-25T01:45:00+00:00,69.046,69.084,68.572,68.586,11500
2026-08-25T02:00:00+00:00,68.586,68.669,67.745,67.868,15973
2026-08-25T02:15:00+00:00,67.868,68.226,67.843,68.213,6493
2026-08-25T02:30:00+00:00,68.213,68.216,67.473,67.515,15097
2026-08-25T02:45:00+00:00,67.515,67.726,67.389,67.599,15978
2026-08-25T03:00:00+00:00,67.599,67.751,67.516,67.68,10769
2026-08-25T03:15:00+00:00,67.68,67.781,67.594,67.756,8850
2026-08-25T03:30:00+00:00,67.756,67.914,67.72,67.794,3997
2026-08-25T03:45:00+00:00,67.794,67.842,67.741,67.818,3931
2026-08-25T04:00:00+00:00,67.818,67.888,67.741,67.878,4035
2026-08-25T04:15:00+00:00,67.878,67.878,67.686,67.753,3572
2026-08-25T04:30:00+00:00,67.753,67.764,67.586,67.629,5725
2026-08-25T04:45:00+00:00,67.629,67.685,67.563,67.651,4831
2026-08-25T05:00:00+00:00,67.651,67.934,67.586,67.871,8132
2026-08-25T05:15:00+00:00,67.871,68.152,67.868,68.137,5017
2026-08-25T05:30:00+00:00,68.137,68.15,67.684,67.76,10980
2026-08-25T05:45:00+00:00,67.76,67.958,67.701,67.897,8694
2026-08-25T06:00:00+00:00,67.897,68.231,67.827,68.205,8322
2026-08-25T06:15:00+00:00,68.205,68.49,68.138,68.356,6998
2026-08-25T06:30:00+00:00,68.356,68.507,68.305,68.317,5407
2026-08-25T06:45:00+00:00,68.317,68.368,68.209,68.236,4745
2026-08-25T07:00:00+00:00,68.236,68.304,68.191,68.205,4550
2026-08-25T07:15:00+00:00,68.205,68.295,67.998,67.999,4621
2026-08-25T07:30:00+00:00,67.999,68.146,67.99,68.138,4306
2026-08-25T07:45:00+00:00,68.138,68.144,67.888,67.891,4689
2026-08-25T08:00:00+00:00,67.891,67.925,67.565,67.675,7175
2026-08-25T08:15:00+00:00,67.675,68.106,67.656,67.875,11854
2026-08-25T08:30:00+00:00,67.875,67.923,67.63,67.76,8275
2026-08-25T08:45:00+00:00,67.76,67.788,67.603,67.742,5440
2026-08-25T09:00:00+00:00,67.742,67.743,67.414,67.726,6505
2026-08-25T09:15:00+00:00,67.726,67.8,67.625,67.65,4911
2026-08-25T09:30:00+00:00,67.65,67.934,67.561,67.856,10528
2026-08-25T09:45:00+00:00,67.856,68.078,67.854,67.889,6848
2026-08-25T10:00:00+00:00,67.889,67.917,67.77,67.792,4759
2026-08-25T10:15:00+00:00,67.792,67.843,67.697,67.735,3339
2026-08-25T10:30:00+00:00,67.735,67.814,67.683,67.725,3798
2026-08-25T10:45:00+00:00,67.725,67.816,67.646,67.741,4200
2026-08-25T11:00:00+00:00,67.741,67.889,67.646,67.888,5450
2026-08-25T11:15:00+00:00,67.888,67.921,67.801,67.911,3575
2026-08-25T11:30:00+00:00,67.911,68.025,67.879,67.951,3802
2026-08-25T11:45:00+00:00,67.951,68.081,67.941,67.955,3754
2026-08-25T12:00:00+00:00,67.955,67.969,67.773,67.896,5602
2026-08-25T12:15:00+00:00,67.896,67.943,67.734,67.828,6369
2026-08-25T12:30:00+00:00,67.828,67.854,67.635,67.818,6554
2026-08-25T12:45:00+00:00,67.818,68.079,67.784,68.076,5136
2026-08-25T13:00:00+00:00,68.076,68.096,67.359,67.375,14550
2026-08-25T13:15:00+00:00,67.375,67.614,67.329,67.337,12464
2026-08-25T13:30:00+00:00,67.337,67.672,67.321,67.402,18618
2026-08-25T13:45:00+00:00,67.402,67.559,67.286,67.548,18186
2026-08-25T14:00:00+00:00,67.548,67.842,67.536,67.699,18400
2026-08-25T14:15:00+00:00,67.699,67.899,67.561,67.81400000000001,13519
2026-08-25T14:30:00+00:00,67.81400000000001,68.145,67.56,67.982,16547
2026-08-25T14:45:00+00:00,67.982,68.079,67.927,68.002,14203
2026-08-25T15:00:00+00:00,68.002,68.077,67.869,68.023,12737
2026-08-25T15:15:00+00:00,68.023,68.309,67.929,68.183,9879
2026-08-25T15:30:00+00:00,68.183,68.719,68.183,68.707,16036
2026-08-25T15:45:00+00:00,68.707,68.754,68.534,68.684,10792
2026-08-25T16:00:00+00:00,68.684,68.715,68.427,68.458,10107
2026-08-25T16:15:00+00:00,68.458,68.56400000000001,68.369,68.509,10974
2026-08-25T16:30:00+00:00,68.509,68.604,68.388,68.576,6695
2026-08-25T16:45:00+00:00,68.576,68.687,68.51,68.548,6611
2026-08-25T17:00:00+00:00,68.548,68.571,68.459,68.549,6696
2026-08-25T17:15:00+00:00,68.549,68.715,68.484,68.561,8589
2026-08-25T17:30:00+00:00,68.561,68.723,68.545,68.705,6192
2026-08-25T17:45:00+00:00,68.705,68.81700000000001,68.695,68.741,8036
2026-08-25T18:00:00+00:00,68.741,68.788,68.647,68.716,6879
2026-08-25T18:15:00+00:00,68.716,68.742,68.652,68.741,5835
2026-08-25T18:30:00+00:00,68.741,68.743,68.612,68.67500000000001,5738
2026-08-25T18:45:00+00:00,68.67500000000001,68.76,68.66600000000001,68.751,4173
2026-08-25T19:00:00+00:00,68.751,69.02700000000002,68.748,68.99000000000001,6238
2026-08-25T19:15:00+00:00,68.99000000000001,69.13600000000001,68.87800000000001,68.903,6363
2026-08-25T19:30:00+00:00,68.903,68.918,68.73800000000001,68.76800000000001,4663
2026-08-25T19:45:00+00:00,68.76800000000001,68.90400000000001,68.71600000000001,68.78800000000001,7304
2026-08-25T20:00:00+00:00,68.78800000000001,68.811,68.68200000000002,68.73700000000001,3659
2026-08-25T20:15:00+00:00,68.73700000000001,68.933,68.67900000000002,68.69500000000001,1775
2026-08-25T20:30:00+00:00,68.69500000000001,68.72200000000001,68.64600000000002,68.67000000000002,1530
2026-08-25T20:45:00+00:00,68.67000000000002,68.67500000000001,68.424,68.465,1826
2026-08-25T22:00:00+00:00,68.466,68.706,68.462,68.686,1187
2026-08-25T22:15:00+00:00,68.686,68.75,68.685,68.75,1071
2026-08-25T22:30:00+00:00,68.75,68.837,68.742,68.812,1450
2026-08-25T22:45:00+00:00,68.812,68.944,68.808,68.897,1277
2026-08-25T23:00:00+00:00,68.897,68.927,68.801,68.816,1508
2026-08-25T23:15:00+00:00,68.816,68.822,68.677,68.696,1434
2026-08-25T23:30:00+00:00,68.696,68.7,68.578,68.601,1483
2026-08-25T23:45:00+00:00,68.601,68.651,68.541,68.591,2987
2026-08-26T00:00:00+00:00,68.591,68.675,68.505,68.585,7194
2026-08-26T00:15:00+00:00,68.585,68.68,68.355,68.393,6764
2026-08-26T00:30:00+00:00,68.393,68.512,68.27,68.34,8243
2026-08-26T00:45:00+00:00,68.34,68.385,68.225,68.244,6518
2026-08-26T01:00:00+00:00,68.244,68.497,68.046,68.399,16424
2026-08-26T01:15:00+00:00,68.399,68.615,68.352,68.395,9578
2026-08-26T01:30:00+00:00,68.395,68.582,68.277,68.562,11057
2026-08-26T01:45:00+00:00,68.562,69.304,68.483,69.168,8819
2026-08-26T02:00:00+00:00,69.168,69.308,69.068,69.265,8910
2026-08-26T02:15:00+00:00,69.265,69.329,69.12,69.187,4022
2026-08-26T02:30:00+00:00,69.187,69.608,69.138,69.437,8821
2026-08-26T02:45:00+00:00,69.437,69.51,69.234,69.28,7239
2026-08-26T03:00:00+00:00,69.28,69.287,68.949,68.999,7793
2026-08-26T03:15:00+00:00,68.999,69.212,68.964,69.192,6075
2026-08-26T03:30:00+00:00,69.192,69.334,69.179,69.189,3733
2026-08-26T03:45:00+00:00,69.189,69.207,69.047,69.059,2856
2026-08-26T04:00:00+00:00,69.059,69.124,69.018,69.022,2490
2026-08-26T04:15:00+00:00,69.022,69.045,68.944,68.992,2195
2026-08-26T04:30:00+00:00,68.992,69.007,68.896,68.908,2782
2026-08-26T04:45:00+00:00,68.908,68.912,68.816,68.836,2645
2026-08-26T05:00:00+00:00,68.836,69.003,68.826,68.917,3654
2026-08-26T05:15:00+00:00,68.917,69.081,68.876,69.016,3471
2026-08-26T05:30:00+00:00,69.016,69.33,68.908,68.924,9199
2026-08-26T05:45:00+00:00,68.924,69.082,68.865,69.073,6905
2026-08-26T06:00:00+00:00,69.073,69.073,68.791,68.853,7513
2026-08-26T06:15:00+00:00,68.853,68.863,68.482,68.531,8453
2026-08-26T06:30:00+00:00,68.531,68.715,68.463,68.612,6847
2026-08-26T06:45:00+00:00,68.612,68.717,68.559,68.608,5483
2026-08-26T07:00:00+00:00,68.608,68.806,68.604,68.761,5596
2026-08-26T07:15:00+00:00,68.761,68.794,68.603,68.631,3767
2026-08-26T07:30:00+00:00,68.631,68.759,68.614,68.67,3333
2026-08-26T07:45:00+00:00,68.67,68.798,68.485,68.537,3732
2026-08-26T08:00:00+00:00,68.537,68.575,68.454,68.465,4636
2026-08-26T08:15:00+00:00,68.465,68.541,68.342,68.474,3922
2026-08-26T08:30:00+00:00,68.474,68.534,68.339,68.492,3659
2026-08-26T08:45:00+00:00,68.492,68.506,68.401,68.482,2888
2026-08-26T09:00:00+00:00,68.482,68.61,68.388,68.411,3909
2026-08-26T09:15:00+00:00,68.411,68.415,68.298,68.318,4250
2026-08-26T09:30:00+00:00,68.318,68.584,68.3,68.45,3468
2026-08-26T09:45:00+00:00,68.45,68.554,68.448,68.514,3386
2026-08-26T10:00:00+00:00,68.514,68.515,68.379,68.382,3061
2026-08-26T10:15:00+00:00,68.382,68.423,68.305,68.322,3854
2026-08-26T10:30:00+00:00,68.322,68.474,68.31,68.418,3112
2026-08-26T10:45:00+00:00,68.418,68.442,68.305,68.313,2417
2026-08-26T11:00:00+00:00,68.313,68.442,68.313,68.334,3978
2026-08-26T11:15:00+00:00,68.334,68.373,68.219,68.33,4315
2026-08-26T11:30:00+00:00,68.33,68.461,68.28,68.367,4614
2026-08-26T11:45:00+00:00,68.367,68.5,68.291,68.5,3751
2026-08-26T12:00:00+00:00,68.5,68.631,68.488,68.571,4671
2026-08-26T12:15:00+00:00,68.571,68.763,68.539,68.747,5077
2026-08-26T12:30:00+00:00,68.747,68.85,68.396,68.676,12957
2026-08-26T12:45:00+00:00,68.676,68.733,68.172,68.176,9843
2026-08-26T13:00:00+00:00,68.176,68.354,67.885,67.999,17463
2026-08-26T13:15:00+00:00,67.999,68.11,67.751,68.049,12121
2026-08-26T13:30:00+00:00,68.049,68.275,68.04,68.2,15329
2026-08-26T13:45:00+00:00,68.2,68.334,68.09,68.309,11344
2026-08-26T14:00:00+00:00,68.309,68.343,68.063,68.1,12955
2026-08-26T14:15:00+00:00,68.1,68.41,68.051,68.094,11432
2026-08-26T14:30:00+00:00,68.094,68.263,68.04,68.243,9241
2026-08-26T14:45:00+00:00,68.243,68.282,67.743,67.743,10878
2026-08-26T15:00:00+00:00,67.743,67.799,67.361,67.458,15414
2026-08-26T15:15:00+00:00,67.458,67.816,67.406,67.762,11075
2026-08-26T15:30:00+00:00,67.762,67.941,67.745,67.903,8715
2026-08-26T15:45:00+00:00,67.903,67.984,67.724,67.768,11521
2026-08-26T16:00:00+00:00,67.768,67.946,67.671,67.812,7834
2026-08-26T16:15:00+00:00,67.812,67.848,67.74,67.805,7787
2026-08-26T16:30:00+00:00,67.805,67.926,67.694,67.742,10234
2026-08-26T16:45:00+00:00,67.742,67.92,67.734,67.848,8586
2026-08-26T17:00:00+00:00,67.848,67.979,67.817,67.858,8518
2026-08-26T17:15:00+00:00,67.858,67.985,67.844,67.966,8812
2026-08-26T17:30:00+00:00,67.966,67.993,67.839,67.892,7032
2026-08-26T17:45:00+00:00,67.892,67.937,67.762,67.839,7514
2026-08-26T18:00:00+00:00,67.839,68.062,67.816,68.034,5851
2026-08-26T18:15:00+00:00,68.034,68.058,67.924,67.966,8100
2026-08-26T18:30:00+00:00,67.966,68.062,67.923,68.035,8127
2026-08-26T18:45:00+00:00,68.035,68.113,68.023,68.05199999999999,6022
2026-08-26T19:00:00+00:00,68.05199999999999,68.11199999999998,67.963,68.03999999999999,6944
2026-08-26T19:15:00+00:00,68.03999999999999,68.17799999999998,67.99699999999999,68.15199999999999,5918
2026-08-26T19:30:00+00:00,68.15199999999999,68.18699999999998,68.07699999999998,68.09799999999998,4865
2026-08-26T19:45:00+00:00,68.09799999999998,68.15799999999999,67.99599999999998,68.03799999999998,6210
2026-08-26T20:00:00+00:00,68.03799999999998,68.07,67.96399999999998,67.96399999999998,3393
2026-08-26T20:15:00+00:00,67.96399999999998,67.966,67.76799999999999,67.95299999999999,6102
2026-08-26T20:30:00+00:00,67.95299999999999,68.01899999999999,67.86699999999999,67.87499999999999,2440
2026-08-26T20:45:00+00:00,67.87499999999999,68.00399999999999,67.86599999999999,67.98799999999999,3165
2026-08-26T22:00:00+00:00,67.952,68.45,67.952,68.309,1799
2026-08-26T22:15:00+00:00,68.309,68.637,68.292,68.573,2447
2026-08-26T22:30:00+00:00,68.573,68.672,68.532,68.638,1508
2026-08-26T22:45:00+00:00,68.638,68.665,68.56,68.595,1272
2026-08-26T23:00:00+00:00,68.595,68.687,68.573,68.653,1511
2026-08-26T23:15:00+00:00,68.653,68.871,68.639,68.792,1785
2026-08-26T23:30:00+00:00,68.792,68.883,68.738,68.833,1546
2026-08-26T23:45:00+00:00,68.833,68.843,68.748,68.793,2240
2026-08-27T00:00:00+00:00,68.793,68.868,68.541,68.553,4962
2026-08-27T00:15:00+00:00,68.553,68.708,68.518,68.677,4129
2026-08-27T00:30:00+00:00,68.677,68.677,68.422,68.442,3005
2026-08-27T00:45:00+00:00,68.442,68.492,68.321,68.357,4514
2026-08-27T01:00:00+00:00,68.357,68.963,68.291,68.945,14472
2026-08-27T01:15:00+00:00,68.945,69.087,68.79,68.885,7880
2026-08-27T01:30:00+00:00,68.885,69.403,68.837,69.127,9914
2026-08-27T01:45:00+00:00,69.127,69.457,69.097,69.391,6814
2026-08-27T02:00:00+00:00,69.391,69.446,69.256,69.326,5559
2026-08-27T02:15:00+00:00,69.326,69.344,69.235,69.236,2655
2026-08-27T02:30:00+00:00,69.236,69.259,68.869,68.98,6410
2026-08-27T02:45:00+00:00,68.98,69.125,68.912,69.035,4241
2026-08-27T03:00:00+00:00,69.035,69.233,69.001,69.205,4571
2026-08-27T03:15:00+00:00,69.205,69.332,69.153,69.159,3218
2026-08-27T03:30:00+00:00,69.159,69.168,69.035,69.073,2190
2026-08-27T03:45:00+00:00,69.073,69.087,68.859,68.896,2088
2026-08-27T04:00:00+00:00,68.896,68.956,68.876,68.92399999999999,2139
2026-08-27T04:15:00+00:00,68.92399999999999,68.942,68.80199999999999,68.81099999999999,2125
2026-08-27T04:30:00+00:00,68.81099999999999,68.81099999999999,68.704,68.789,2472
2026-08-27T04:45:00+00:00,68.789,68.881,68.765,68.816,2577
2026-08-27T05:00:00+00:00,68.816,68.897,68.743,68.885,2290
2026-08-27T05:15:00+00:00,68.885,68.952,68.762,68.762,2529
2026-08-27T05:30:00+00:00,68.762,68.884,68.397,68.439,9520
2026-08-27T05:45:00+00:00,68.439,68.594,68.207,68.526,7687
2026-08-27T06:00:00+00:00,68.526,68.609,68.322,68.579,6513
2026-08-27T06:15:00+00:00,68.579,68.697,68.49,68.601,3935
2026-08-27T06:30:00+00:00,68.601,68.631,68.455,68.487,3861
2026-08-27T06:45:00+00:00,68.487,68.563,68.425,68.442,4301
2026-08-27T07:00:00+00:00,68.442,68.498,68.303,68.423,5115
2026-08-27T07:15:00+00:00,68.423,68.423,68.17999999999999,68.324,4411
2026-08-27T07:30:00+00:00,68.324,68.397,68.075,68.237,4471
2026-08-27T07:45:00+00:00,68.237,68.30499999999999,68.138,68.273,3357
2026-08-27T08:00:00+00:00,68.273,68.403,68.266,68.295,4058
2026-08-27T08:15:00+00:00,68.295,68.396,68.258,68.313,3190
2026-08-27T08:30:00+00:00,68.313,68.349,68.185,68.221,3422
2026-08-27T08:45:00+00:00,68.221,68.375,68.217,68.358,2941
2026-08-27T09:00:00+00:00,68.358,68.396,68.147,68.216,4406
2026-08-27T09:15:00+00:00,68.216,68.285,68.182,68.259,3642
2026-08-27T09:30:00+00:00,68.259,68.301,67.979,68.13,5464
2026-08-27T09:45:00+00:00,68.13,68.175,67.991,68.001,3501
2026-08-27T10:00:00+00:00,68.001,68.08,67.8,68.017,5707
2026-08-27T10:15:00+00:00,68.017,68.102,67.942,68.071,3001
2026-08-27T10:30:00+00:00,68.071,68.172,67.977,68.156,3733
2026-08-27T10:45:00+00:00,68.156,68.319,68.137,68.297,2850
2026-08-27T11:00:00+00:00,68.297,68.306,68.117,68.211,4755
2026-08-27T11:15:00+00:00,68.211,68.301,68.19,68.226,3188
2026-08-27T11:30:00+00:00,68.226,68.349,68.17399999999999,68.17399999999999,5219
2026-08-27T11:45:00+00:00,68.17399999999999,68.189,68.081,68.122,3064
2026-08-27T12:00:00+00:00,68.122,68.17,67.99,67.993,3872
2026-08-27T12:15:00+00:00,67.993,68.277,67.98,68.221,4838
2026-08-27T12:30:00+00:00,68.221,68.246,67.837,67.847,4362
2026-08-27T12:45:00+00:00,67.847,67.92699999999999,67.711,67.842,4038
2026-08-27T13:00:00+00:00,67.842,68.072,67.519,67.935,12716
2026-08-27T13:15:00+00:00,67.935,68.215,67.856,68.114,9100
2026-08-27T13:30:00+00:00,68.114,68.225,67.579,67.746,18431
2026-08-27T13:45:00+00:00,67.746,67.942,67.452,67.784,14920
2026-08-27T14:00:00+00:00,67.784,68.04899999999999,67.741,67.977,12903
2026-08-27T14:15:00+00:00,67.977,68.284,67.977,68.16,12639
2026-08-27T14:30:00+00:00,68.16,68.595,68.16,68.542,10743
2026-08-27T14:45:00+00:00,68.542,68.665,68.408,68.57,13818
2026-08-27T15:00:00+00:00,68.57,68.59799999999998,68.47699999999999,68.54899999999999,11206
2026-08-27T15:15:00+00:00,68.54899999999999,68.707,68.416,68.514,10131
2026-08-27T15:30:00+00:00,68.514,68.96,68.499,68.80399999999999,8859
2026-08-27T15:45:00+00:00,68.80399999999999,69.32,68.77199999999999,69.282,9442
2026-08-27T16:00:00+00:00,69.282,69.41999999999999,69.03899999999999,69.05099999999999,6977
2026-08-27T16:15:00+00:00,69.05099999999999,69.11399999999998,68.99699999999999,69.09499999999998,4716
2026-08-27T16:30:00+00:00,69.09499999999998,69.33499999999998,69.03199999999998,69.27199999999998,5587
2026-08-27T16:45:00+00:00,69.27199999999998,69.45399999999998,69.23599999999998,69.43299999999998,7662
2026-08-27T17:00:00+00:00,69.43299999999998,69.57499999999997,69.27599999999998,69.36199999999998,7466
2026-08-27T17:15:00+00:00,69.36199999999998,69.38099999999999,69.22599999999998,69.30899999999998,7209
2026-08-27T17:30:00+00:00,69.30899999999998,69.43899999999998,69.23499999999999,69.28399999999998,9524
2026-08-27T17:45:00+00:00,69.28399999999998,69.31799999999998,69.11299999999999,69.13199999999998,11044
2026-08-27T18:00:00+00:00,69.13199999999998,69.13999999999999,68.93499999999999,69.04499999999999,11000
2026-08-27T18:15:00+00:00,69.04499999999999,69.11399999999998,68.93199999999999,68.93199999999999,8949
2026-08-27T18:30:00+00:00,68.93199999999999,69.00099999999998,68.85899999999998,68.94799999999998,4113
2026-08-27T18:45:00+00:00,68.94799999999998,69.10699999999999,68.93999999999998,69.07399999999998,6088
2026-08-27T19:00:00+00:00,69.07399999999998,69.41299999999998,69.07099999999998,69.30699999999999,6519
2026-08-27T19:15:00+00:00,69.30699999999999,69.32999999999998,69.06999999999998,69.10899999999998,5331
2026-08-27T19:30:00+00:00,69.10899999999998,69.32999999999998,69.07799999999997,69.32899999999998,4890
2026-08-27T19:45:00+00:00,69.32899999999998,69.38499999999998,69.22099999999998,69.31599999999999,5439
2026-08-27T20:00:00+00:00,69.31599999999999,69.31999999999998,69.18099999999998,69.19699999999997,2045
2026-08-27T20:15:00+00:00,69.19699999999997,69.27599999999998,69.08899999999998,69.12699999999998,958
2026-08-27T20:30:00+00:00,69.12699999999998,69.23099999999998,69.07499999999997,69.11999999999998,673
2026-08-27T20:45:00+00:00,69.11999999999998,69.24899999999998,69.04699999999998,69.07599999999998,1536
2026-08-27T22:00:00+00:00,69.071,69.264,69.033,69.163,1935
2026-08-27T22:15:00+00:00,69.163,69.273,69.144,69.268,1830
2026-08-27T22:30:00+00:00,69.268,69.283,69.231,69.248,1242
2026-08-27T22:45:00+00:00,69.248,69.288,69.233,69.264,1307
2026-08-27T23:00:00+00:00,69.264,69.273,69.136,69.136,1946
2026-08-27T23:15:00+00:00,69.136,69.182,69.072,69.122,1278
2026-08-27T23:30:00+00:00,69.122,69.175,69.105,69.111,1255
2026-08-27T23:45:00+00:00,69.111,69.115,68.981,68.986,2664
2026-08-28T00:00:00+00:00,68.986,69.25,68.97,69.214,5507
2026-08-28T00:15:00+00:00,69.214,69.215,68.954,69.065,4942
2026-08-28T00:30:00+00:00,69.065,69.077,68.927,69.07,3834
2026-08-28T00:45:00+00:00,69.07,69.07,68.795,68.877,5919
2026-08-28T01:00:00+00:00,68.877,69.515,68.811,69.329,12762
2026-08-28T01:15:00+00:00,69.329,69.448,68.697,68.766,10815
2026-08-28T01:30:00+00:00,68.766,68.849,68.466,68.593,12064
2026-08-28T01:45:00+00:00,68.593,68.601,68.284,68.423,10802
2026-08-28T02:00:00+00:00,68.423,68.721,68.411,68.684,7163
2026-08-28T02:15:00+00:00,68.684,68.77,68.607,68.732,3538
2026-08-28T02:30:00+00:00,68.732,68.924,68.685,68.728,6539
2026-08-28T02:45:00+00:00,68.728,68.91,68.646,68.845,5777
2026-08-28T03:00:00+00:00,68.845,68.959,68.73,68.781,6170
2026-08-28T03:15:00+00:00,68.781,68.938,68.781,68.832,6215
2026-08-28T03:30:00+00:00,68.832,68.88,68.675,68.681,3061
2026-08-28T03:45:00+00:00,68.681,68.703,68.626,68.662,2388
2026-08-28T04:00:00+00:00,68.662,68.704,68.597,68.667,2583
2026-08-28T04:15:00+00:00,68.667,68.821,68.66,68.765,2181
2026-08-28T04:30:00+00:00,68.765,68.767,68.63,68.67,2386
2026-08-28T04:45:00+00:00,68.67,68.818,68.645,68.79,2281
2026-08-28T05:00:00+00:00,68.79,68.813,68.589,68.635,3695
2026-08-28T05:15:00+00:00,68.635,68.768,68.607,68.691,2764
2026-08-28T05:30:00+00:00,68.691,68.738,68.493,68.558,10150
2026-08-28T05:45:00+00:00,68.558,68.725,68.487,68.592,7369
2026-08-28T06:00:00+00:00,68.592,68.953,68.544,68.917,9168
2026-08-28T06:15:00+00:00,68.917,69.145,68.917,69.052,6188
2026-08-28T06:30:00+00:00,69.052,69.086,68.91,69.039,5869
2026-08-28T06:45:00+00:00,69.039,70.301,69.033,70.277,14648
2026-08-28T07:00:00+00:00,70.277,70.397,69.963,70.156,10442
2026-08-28T07:15:00+00:00,70.156,70.433,70.013,70.373,7533
2026-08-28T07:30:00+00:00,70.373,70.794,70.368,70.511,5281
2026-08-28T07:45:00+00:00,70.511,70.573,70.447,70.527,3536
2026-08-28T08:00:00+00:00,70.527,70.619,70.444,70.566,4644
2026-08-28T08:15:00+00:00,70.566,70.585,70.387,70.423,3725
2026-08-28T08:30:00+00:00,70.423,70.488,70.141,70.143,4309
2026-08-28T08:45:00+00:00,70.143,70.298,70.047,70.189,3791
2026-08-28T09:00:00+00:00,70.189,70.295,70.164,70.259,4218
2026-08-28T09:15:00+00:00,70.259,70.31,70.186,70.232,4292
2026-08-28T09:30:00+00:00,70.232,70.381,70.213,70.34,4054
2026-08-28T09:45:00+00:00,70.34,70.419,70.279,70.339,3186
2026-08-28T10:00:00+00:00,70.339,70.483,70.316,70.441,3429
2026-08-28T10:15:00+00:00,70.441,70.482,70.272,70.347,3714
2026-08-28T10:30:00+00:00,70.347,70.422,70.256,70.266,3828
2026-08-28T10:45:00+00:00,70.266,70.296,70.094,70.241,4289
2026-08-28T11:00:00+00:00,70.241,70.287,70.018,70.108,6027
2026-08-28T11:15:00+00:00,70.108,70.185,70.018,70.08,4640
2026-08-28T11:30:00+00:00,70.08,70.163,69.992,70.097,5143
2026-08-28T11:45:00+00:00,70.097,70.217,69.955,70.019,4607
2026-08-28T12:00:00+00:00,70.019,70.385,69.996,70.261,7010
2026-08-28T12:15:00+00:00,70.261,70.546,70.141,70.428,5875
2026-08-28T12:30:00+00:00,70.428,70.521,70.178,70.275,7651
2026-08-28T12:45:00+00:00,70.275,70.594,70.212,70.529,6350
2026-08-28T13:00:00+00:00,70.529,70.717,70.294,70.581,14351
2026-08-28T13:15:00+00:00,70.581,70.695,70.229,70.628,11912
2026-08-28T13:30:00+00:00,70.628,70.656,70.203,70.409,16865
2026-08-28T13:45:00+00:00,70.409,70.947,70.407,70.506,14916
2026-08-28T14:00:00+00:00,70.506,71.011,68.354,68.408,51468
2026-08-28T14:15:00+00:00,68.408,69.07,68.022,68.644,39916
2026-08-28T14:30:00+00:00,68.644,69.499,68.64,69.199,29612
2026-08-28T14:45:00+00:00,69.199,69.875,69.053,69.739,27771
2026-08-28T15:00:00+00:00,69.739,69.877,69.194,69.25,22819
2026-08-28T15:15:00+00:00,69.25,69.35,68.978,69.111,24855
2026-08-28T15:30:00+00:00,69.111,69.149,68.44,68.588,21569
2026-08-28T15:45:00+00:00,68.588,68.731,67.775,67.903,29707
2026-08-28T16:00:00+00:00,67.903,68.018,67.35,67.382,26994
2026-08-28T16:15:00+00:00,67.382,67.559,66.382,66.645,34393
2026-08-28T16:30:00+00:00,66.645,66.903,66.234,66.489,28629
2026-08-28T16:45:00+00:00,66.489,66.996,66.489,66.802,18228
2026-08-28T17:00:00+00:00,66.802,66.886,66.609,66.818,17248
2026-08-28T17:15:00+00:00,66.818,67.068,66.744,66.833,16896
2026-08-28T17:30:00+00:00,66.833,66.946,66.462,66.664,14543
2026-08-28T17:45:00+00:00,66.664,66.82,66.625,66.668,10276
2026-08-28T18:00:00+00:00,66.668,66.717,66.323,66.385,13998
2026-08-28T18:15:00+00:00,66.385,66.449,66.133,66.176,15317
2026-08-28T18:30:00+00:00,66.176,66.296,65.953,66.159,10306
2026-08-28T18:45:00+00:00,66.159,66.253,66.071,66.151,11949
2026-08-28T19:00:00+00:00,66.151,66.293,66.068,66.145,13900
2026-08-28T19:15:00+00:00,66.145,66.383,66.107,66.346,9070
2026-08-28T19:30:00+00:00,66.346,66.452,66.29,66.424,6786
2026-08-28T19:45:00+00:00,66.424,66.428,66.119,66.294,11213
2026-08-28T20:00:00+00:00,66.294,66.33,66.158,66.183,4329
2026-08-28T20:15:00+00:00,66.183,66.252,66.103,66.209,1627
2026-08-28T20:30:00+00:00,66.209,66.221,66.117,66.221,1335
2026-08-30T22:00:00+00:00,66.221,66.221,65.386,66.194,5083
2026-08-30T22:15:00+00:00,66.194,66.314,66.155,66.234,3223
2026-08-30T22:30:00+00:00,66.234,66.294,66.091,66.188,2552
2026-08-30T22:45:00+00:00,66.188,66.571,66.163,66.385,1781
2026-08-30T23:00:00+00:00,66.385,66.51,66.356,66.405,2259
2026-08-30T23:15:00+00:00,66.405,66.469,66.253,66.286,2242
2026-08-30T23:30:00+00:00,66.286,66.304,66.052,66.07,3210
2026-08-30T23:45:00+00:00,66.07,66.325,65.817,66.276,6427
2026-08-31T00:00:00+00:00,66.276,66.45,66.135,66.415,11022
2026-08-31T00:15:00+00:00,66.415,66.49,66.22,66.321,5899
2026-08-31T00:30:00+00:00,66.321,66.697,66.32,66.547,6024
2026-08-31T00:45:00+00:00,66.547,66.595,66.262,66.27,5811
2026-08-31T01:00:00+00:00,66.27,66.634,65.909,66.042,23291
2026-08-31T01:15:00+00:00,66.042,66.162,65.894,65.999,16333
2026-08-31T01:30:00+00:00,65.999,66.383,65.9,66.23,15846
2026-08-31T01:45:00+00:00,66.23,66.301,65.879,66.096,11727
2026-08-31T02:00:00+00:00,66.096,66.124,65.672,65.791,14528
2026-08-31T02:15:00+00:00,65.791,65.832,65.652,65.695,7741
2026-08-31T02:30:00+00:00,65.695,65.806,65.58,65.633,12508
2026-08-31T02:45:00+00:00,65.633,65.963,65.503,65.955,8611
2026-08-31T03:00:00+00:00,65.955,66.147,65.936,66.099,7416
2026-08-31T03:15:00+00:00,66.099,66.2,66.011,66.011,6268
2026-08-31T03:30:00+00:00,66.011,66.106,65.894,65.968,3724
2026-08-31T03:45:00+00:00,65.968,66.068,65.95,65.992,2453
2026-08-31T04:00:00+00:00,65.992,66.107,65.945,66.083,3043
2026-08-31T04:15:00+00:00,66.083,66.104,65.992,66.005,2721
2026-08-31T04:30:00+00:00,66.005,66.18,65.965,66.112,3178
2026-08-31T04:45:00+00:00,66.112,66.247,66.097,66.219,2780
2026-08-31T05:00:00+00:00,66.219,66.325,66.168,66.278,3512
2026-08-31T05:15:00+00:00,66.278,66.648,66.267,66.623,3707
2026-08-31T05:30:00+00:00,66.623,66.797,66.317,66.455,10672
2026-08-31T05:45:00+00:00,66.455,66.584,66.327,66.563,7653
2026-08-31T06:00:00+00:00,66.563,66.57,66.241,66.293,7424
2026-08-31T06:15:00+00:00,66.293,66.512,66.272,66.459,5633
2026-08-31T06:30:00+00:00,66.459,66.614,66.332,66.543,5648
2026-08-31T06:45:00+00:00,66.543,66.738,66.49,66.512,5734
2026-08-31T07:00:00+00:00,66.512,66.601,66.482,66.541,4384
2026-08-31T07:15:00+00:00,66.541,66.862,66.518,66.752,3607
2026-08-31T07:30:00+00:00,66.752,66.944,66.732,66.855,3900
2026-08-31T07:45:00+00:00,66.855,66.858,66.695,66.82,3150
2026-08-31T08:00:00+00:00,66.82,67.099,66.787,66.84,5389
2026-08-31T08:15:00+00:00,66.84,66.931,66.777,66.91,4175
2026-08-31T08:30:00+00:00,66.91,66.915,66.716,66.748,3792
2026-08-31T08:45:00+00:00,66.748,66.847,66.729,66.822,3159
2026-08-31T09:00:00+00:00,66.822,66.949,66.799,66.94,3250
2026-08-31T09:15:00+00:00,66.94,66.97,66.851,66.854,2910
2026-08-31T09:30:00+00:00,66.854,66.933,66.838,66.888,2263
2026-08-31T09:45:00+00:00,66.888,66.916,66.794,66.861,2422
2026-08-31T10:00:00+00:00,66.861,66.938,66.795,66.905,3943
2026-08-31T10:15:00+00:00,66.905,66.911,66.799,66.85,3165
2026-08-31T10:30:00+00:00,66.85,67.021,66.85,67.008,3088
2026-08-31T10:45:00+00:00,67.008,67.116,66.996,67.06,3221
2026-08-31T11:00:00+00:00,67.06,67.164,67.033,67.081,3054
2026-08-31T11:15:00+00:00,67.081,67.281,67.053,67.269,2808
2026-08-31T11:30:00+00:00,67.269,67.289,67.044,67.095,3919
2026-08-31T11:45:00+00:00,67.095,67.139,67.046,67.117,3347
2026-08-31T12:00:00+00:00,67.117,67.319,66.998,67.253,5582
2026-08-31T12:15:00+00:00,67.253,67.269,66.854,66.866,8371
2026-08-31T12:30:00+00:00,66.866,66.989,66.616,66.674,7887
2026-08-31T12:45:00+00:00,66.674,66.683,66.487,66.493,5446
2026-08-31T13:00:00+00:00,66.493,66.697,66.374,66.673,12074
2026-08-31T13:15:00+00:00,66.673,66.77,66.498,66.702,9356
2026-08-31T13:30:00+00:00,66.702,66.73,66.296,66.32,24965
2026-08-31T13:45:00+00:00,66.32,66.366,66.09,66.266,17303
2026-08-31T14:00:00+00:00,66.266,66.378,66.043,66.144,14070
2026-08-31T14:15:00+00:00,66.144,66.21,65.903,65.993,13027
2026-08-31T14:30:00+00:00,65.993,66.29,65.951,66.242,15606
2026-08-31T14:45:00+00:00,66.242,66.353,66.074,66.132,11414
2026-08-31T15:00:00+00:00,66.132,66.28,65.982,66.201,11373
2026-08-31T15:15:00+00:00,66.201,66.257,65.986,66.149,10354
2026-08-31T15:30:00+00:00,66.149,66.239,65.987,66.015,10495
2026-08-31T15:45:00+00:00,66.015,66.184,65.891,65.966,11056
2026-08-31T16:00:00+00:00,65.966,66.271,65.905,66.228,10660
2026-08-31T16:15:00+00:00,66.228,66.316,66.172,66.311,10239
2026-08-31T16:30:00+00:00,66.311,66.347,66.117,66.207,7430
2026-08-31T16:45:00+00:00,66.207,66.274,66.099,66.135,4005
2026-08-31T17:00:00+00:00,66.135,66.149,66.044,66.117,4918
2026-08-31T17:15:00+00:00,66.117,66.199,66.034,66.072,8415
2026-08-31T17:30:00+00:00,66.072,66.247,66.044,66.242,7535
2026-08-31T17:45:00+00:00,66.242,66.329,66.199,66.206,6043
2026-08-31T18:00:00+00:00,66.206,66.22,66,66.099,4506
2026-08-31T18:15:00+00:00,66.099,66.135,66.022,66.027,4326
2026-08-31T18:30:00+00:00,66.027,66.027,65.903,65.925,4209
2026-08-31T18:45:00+00:00,65.925,66.194,65.923,65.963,4289
2026-08-31T19:00:00+00:00,65.963,66.095,65.904,66.053,3477
2026-08-31T19:15:00+00:00,66.053,66.336,66.034,66.297,3115
2026-08-31T19:30:00+00:00,66.297,66.374,66.24,66.334,4357
2026-08-31T19:45:00+00:00,66.334,66.479,66.292,66.42,8296
2026-08-31T20:00:00+00:00,66.42,66.547,66.414,66.42,3126
2026-08-31T20:15:00+00:00,66.42,66.434,66.325,66.331,1264
2026-08-31T20:30:00+00:00,66.331,66.382,66.319,66.366,724
2026-08-31T20:45:00+00:00,66.366,66.406,66.336,66.364,979
2026-08-31T22:00:00+00:00,66.364,66.493,66.318,66.43,1595
2026-08-31T22:15:00+00:00,66.43,66.43,66.386,66.408,684
2026-08-31T22:30:00+00:00,66.408,66.43,66.4,66.41,459
2026-08-31T22:45:00+00:00,66.41,66.417,66.328,66.347,458
2026-08-31T23:00:00+00:00,66.347,66.369,66.302,66.323,638
2026-08-31T23:15:00+00:00,66.323,66.329,66.267,66.291,471
2026-08-31T23:30:00+00:00,66.291,66.383,66.289,66.369,597
2026-08-31T23:45:00+00:00,66.369,66.456,66.363,66.444,1377
2026-09-01T00:00:00+00:00,66.444,66.646,66.381,66.549,4134
2026-09-01T00:15:00+00:00,66.549,66.775,66.493,66.759,2583
2026-09-01T00:30:00+00:00,66.759,66.77,66.539,66.576,2086
2026-09-01T00:45:00+00:00,66.576,66.733,66.55,66.661,3071
2026-09-01T01:00:00+00:00,66.661,66.742,66.404,66.475,8858
2026-09-01T01:15:00+00:00,66.475,66.525,66.28,66.368,5938
2026-09-01T01:30:00+00:00,66.368,66.635,66.281,66.59,6554
2026-09-01T01:45:00+00:00,66.59,66.624,66.418,66.564,4878
2026-09-01T02:00:00+00:00,66.564,66.708,66.502,66.541,5297
2026-09-01T02:15:00+00:00,66.541,66.639,66.489,66.493,2776
2026-09-01T02:30:00+00:00,66.493,66.539,65.928,66.152,7629
2026-09-01T02:45:00+00:00,66.152,66.568,66.088,66.564,5326
2026-09-01T03:00:00+00:00,66.564,66.614,66.405,66.457,4485
2026-09-01T03:15:00+00:00,66.457,66.494,66.321,66.408,4603
2026-09-01T03:30:00+00:00,66.408,66.625,66.367,66.616,2831
2026-09-01T03:45:00+00:00,66.616,66.743,66.579,66.579,2271
2026-09-01T04:00:00+00:00,66.579,66.608,66.401,66.417,2756
2026-09-01T04:15:00+00:00,66.417,66.449,66.294,66.301,2192
2026-09-01T04:30:00+00:00,66.301,66.346,66.212,66.247,2658
2026-09-01T04:45:00+00:00,66.247,66.312,66.197,66.222,3386
2026-09-01T05:00:00+00:00,66.222,66.381,66.208,66.264,2888
2026-09-01T05:15:00+00:00,66.264,66.288,66.1,66.134,3230
2026-09-01T05:30:00+00:00,66.134,66.763,66.041,66.726,8523
2026-09-01T05:45:00+00:00,66.726,66.923,66.548,66.549,5361
2026-09-01T06:00:00+00:00,66.549,66.634,66.455,66.485,5842
2026-09-01T06:15:00+00:00,66.485,66.544,66.3,66.342,3751
2026-09-01T06:30:00+00:00,66.342,66.481,66.319,66.472,3306
2026-09-01T06:45:00+00:00,66.472,66.488,66.253,66.296,3675
2026-09-01T07:00:00+00:00,66.296,66.48,66.276,66.467,5729
2026-09-01T07:15:00+00:00,66.467,66.499,66.294,66.305,4558
2026-09-01T07:30:00+00:00,66.305,66.406,65.793,66.011,7336
2026-09-01T07:45:00+00:00,66.011,66.264,65.948,66.26,5997
2026-09-01T08:00:00+00:00,66.26,66.31,65.518,65.947,16818
2026-09-01T08:15:00+00:00,65.947,65.963,65.012,65.058,12150
2026-09-01T08:30:00+00:00,65.058,65.092,64.652,64.713,13958
2026-09-01T08:45:00+00:00,64.713,64.847,64.552,64.557,11175
2026-09-01T09:00:00+00:00,64.557,64.631,64.409,64.55,11656
2026-09-01T09:15:00+00:00,64.55,64.615,64.476,64.561,7894
2026-09-01T09:30:00+00:00,64.561,64.62,64.31,64.601,7153
2026-09-01T09:45:00+00:00,64.601,64.663,64.343,64.351,6067
2026-09-01T10:00:00+00:00,64.351,64.825,64.331,64.806,5665
2026-09-01T10:15:00+00:00,64.806,64.98,64.806,64.974,4559
2026-09-01T10:30:00+00:00,64.974,64.976,64.834,64.838,4250
2026-09-01T10:45:00+00:00,64.838,64.882,64.604,64.637,5286
2026-09-01T11:00:00+00:00,64.637,64.741,64.527,64.614,6792
2026-09-01T11:15:00+00:00,64.614,64.717,64.513,64.651,6424
2026-09-01T11:30:00+00:00,64.651,64.733,64.557,64.7,5635
2026-09-01T11:45:00+00:00,64.7,64.905,64.527,64.614,5674
2026-09-01T12:00:00+00:00,64.614,64.695,64.43,64.591,7664
2026-09-01T12:15:00+00:00,64.591,64.888,64.485,64.769,9386
2026-09-01T12:30:00+00:00,64.769,64.924,64.42,64.819,11551
2026-09-01T12:45:00+00:00,64.819,64.966,64.562,64.575,9610
2026-09-01T13:00:00+00:00,64.575,64.824,64.111,64.116,24588
2026-09-01T13:15:00+00:00,64.116,64.558,64.11,64.49,12952
2026-09-01T13:30:00+00:00,64.49,64.777,64.331,64.768,25111
2026-09-01T13:45:00+00:00,64.768,64.768,64.378,64.676,21901
2026-09-01T14:00:00+00:00,64.676,64.864,64.399,64.861,18777
2026-09-01T14:15:00+00:00,64.861,65.012,64.776,64.783,14360
2026-09-01T14:30:00+00:00,64.783,64.944,64.687,64.755,10682
2026-09-01T14:45:00+00:00,64.755,64.803,64.545,64.64,10070
2026-09-01T15:00:00+00:00,64.64,64.711,64.516,64.637,11800
2026-09-01T15:15:00+00:00,64.637,64.823,64.591,64.823,10491
2026-09-01T15:30:00+00:00,64.823,64.968,64.764,64.968,7746
2026-09-01T15:45:00+00:00,64.968,65.14,64.922,65.084,6813
2026-09-01T16:00:00+00:00,65.084,65.217,64.956,64.969,8478
2026-09-01T16:15:00+00:00,64.969,65.034,64.731,64.757,12210
2026-09-01T16:30:00+00:00,64.757,64.84,64.612,64.792,11800
2026-09-01T16:45:00+00:00,64.792,64.858,64.661,64.673,9018
2026-09-01T17:00:00+00:00,64.673,64.689,64.542,64.671,10865
2026-09-01T17:15:00+00:00,64.671,64.712,64.552,64.707,8366
2026-09-01T17:30:00+00:00,64.707,64.728,64.463,64.489,10851
2026-09-01T17:45:00+00:00,64.489,64.494,64.421,64.457,5622
2026-09-01T18:00:00+00:00,64.457,64.509,64.132,64.241,10930
2026-09-01T18:15:00+00:00,64.241,64.388,64.206,64.307,7377
2026-09-01T18:30:00+00:00,64.307,64.307,64.058,64.086,7037
2026-09-01T18:45:00+00:00,64.086,64.135,63.993,64.046,6271
2026-09-01T19:00:00+00:00,64.046,64.202,63.942,64.2,7063
2026-09-01T19:15:00+00:00,64.2,64.2,64.048,64.109,5312
2026-09-01T19:30:00+00:00,64.109,64.117,63.868,63.949,8566
2026-09-01T19:45:00+00:00,63.949,64.029,63.883,63.941,6514
2026-09-01T20:00:00+00:00,63.941,63.987,63.87,63.874,2878
2026-09-01T20:15:00+00:00,63.874,63.978,63.86,63.903,1935
2026-09-01T20:30:00+00:00,63.903,64.156,63.865,63.92,1801
2026-09-01T20:45:00+00:00,63.92,63.959,63.885,63.916,1519
2026-09-01T22:00:00+00:00,63.916,64.036,63.866,63.906,794
2026-09-01T22:15:00+00:00,63.906,63.915,63.862,63.893,641
2026-09-01T22:30:00+00:00,63.893,63.936,63.805,63.881,666
2026-09-01T22:45:00+00:00,63.881,64.11,63.865,63.931,1231
2026-09-01T23:00:00+00:00,63.931,64.022,63.871,63.988,1442
2026-09-01T23:15:00+00:00,63.988,64.024,63.876,63.991,1332
2026-09-01T23:30:00+00:00,63.991,64.126,63.981,64.072,1670
2026-09-01T23:45:00+00:00,64.072,64.129,63.916,63.973,2254
2026-09-02T00:00:00+00:00,63.973,64.159,63.888,64.078,7050
2026-09-02T00:15:00+00:00,64.078,64.205,63.953,63.996,6918
2026-09-02T00:30:00+00:00,63.996,64.101,63.899,64.075,5509
2026-09-02T00:45:00+00:00,64.075,64.104,63.707,63.737,4865
2026-09-02T01:00:00+00:00,63.737,63.979,63.623,63.672,17475
2026-09-02T01:15:00+00:00,63.672,64.036,63.653,63.806,9761
2026-09-02T01:30:00+00:00,63.806,63.826,63.489,63.563,9495
2026-09-02T01:45:00+00:00,63.563,63.583,63.199,63.23,8649
2026-09-02T02:00:00+00:00,63.23,63.251,63.186,63.201,389
